frame_id,timestamp,dt_ms,my_x,my_y,my_z,my_raw_kmh,my_pos_kmh,my_vel_296_kmh,my_delta_296_kmh,my_src_296,my_vel_zj_kmh,my_delta_zj_kmh,tg_ptr,tg_raw_kmh,tg_pos_kmh,tg_vel_296_kmh,tg_vel_zj_kmh
1,1788706263.2522,0.00,1842.517,217.152,2029.121,0.0,0.0,0.0,0.00,ground_idle,0.0,0.00,0x6ea869b0,0.0,0.0,0.0,0.0
2,1788706263.2688,16.67,1842.517,217.152,2029.121,0.0,0.0,0.0,0.00,ground_idle,0.0,0.00,0x6ea869b0,0.0,0.0,0.0,0.0
3,1788706263.2855,16.66,1842.517,217.152,2029.121,0.0,0.0,0.0,0.00,ground_idle,0.0,0.00,0x6ea869b0,0.0,0.0,0.0,0.0
4,1788706263.3022,16.66,1842.517,217.152,2029.121,0.0,0.0,0.0,0.00,ground_idle,0.0,0.00,0x6ea869b0,0.0,0.0,0.0,0.0
5,1788706263.3188,16.66,1842.517,217.152,2029.122,0.0,0.0,0.0,0.00,ground_idle,0.0,0.00,0x6ea869b0,0.0,0.0,0.0,0.0
6,1788706263.3355,16.66,1842.517,217.152,2029.121,0.0,0.0,0.0,0.00,ground_idle,0.0,0.00,0x6ea869b0,0.0,0.0,0.0,0.0
7,1788706263.3521,16.66,1842.517,217.152,2029.121,0.0,0.0,0.0,0.00,ground_idle,0.0,0.00,0x6ea869b0,0.0,0.0,0.0,0.0
8,1788706263.3688,16.66,1842.517,217.152,2029.121,0.0,0.0,0.0,0.00,ground_idle,0.0,0.00,0x6ea869b0,0.0,0.0,0.0,0.0
9,1788706263.3855,16.66,1842.517,217.152,2029.121,0.0,0.0,0.0,0.00,ground_idle,0.0,0.00,0x6ea869b0,0.0,0.0,0.0,0.0
10,1788706263.4021,16.66,1842.517,217.152,2029.121,0.0,0.0,0.0,0.00,ground_idle,0.0,0.00,0x6ea869b0,0.0,0.0,0.0,0.0
11,1788706263.4188,16.66,1842.517,217.152,2029.121,0.0,0.0,0.0,0.00,ground_idle,0.0,0.00,0x6ea869b0,0.0,0.0,0.0,0.0
12,1788706263.4355,16.66,1842.517,217.152,2029.121,0.0,0.0,0.0,0.00,ground_idle,0.0,0.00,0x6ea869b0,0.0,0.0,0.0,0.0
13,1788706263.4521,16.66,1842.517,217.152,2029.121,0.0,0.0,0.0,0.00,ground_idle,0.0,0.00,0x6ea869b0,0.0,0.0,0.0,0.0
14,1788706263.4688,16.66,1842.517,217.152,2029.121,0.0,0.0,0.0,0.00,ground_idle,0.0,0.00,0x6ea869b0,0.0,0.0,0.0,0.0
15,1788706263.4854,16.66,1842.517,217.152,2029.122,0.0,0.0,0.0,0.00,ground_idle,0.0,0.00,0x6ea869b0,0.0,0.0,0.0,0.0
16,1788706263.5021,16.71,1842.517,217.152,2029.121,0.0,0.0,0.0,0.00,ground_idle,0.0,0.00,0x6ea869b0,0.0,0.0,0.0,0.0
17,1788706263.5189,16.71,1842.517,217.152,2029.121,0.0,0.0,0.0,0.00,ground_idle,0.0,0.00,0x6ea869b0,0.0,0.0,0.0,0.0
18,1788706263.5355,16.66,1842.517,217.152,2029.121,0.0,0.0,0.0,0.00,ground_idle,0.0,0.00,0x6ea869b0,0.0,0.0,0.0,0.0
19,1788706263.5522,16.66,1842.517,217.152,2029.121,0.0,0.0,0.0,0.00,ground_idle,0.0,0.00,0x6ea869b0,0.0,0.0,0.0,0.0
20,1788706263.5688,16.66,1842.517,217.152,2029.121,0.0,0.0,0.0,0.00,ground_idle,0.0,0.00,0x6ea869b0,0.0,0.0,0.0,0.0
21,1788706263.5855,16.66,1842.517,217.152,2029.121,0.0,0.0,0.0,0.00,ground_idle,0.0,0.00,0x6ea869b0,0.0,0.0,0.0,0.0
22,1788706263.6022,16.66,1842.517,217.152,2029.121,0.0,0.0,0.0,0.00,ground_idle,0.0,0.00,0x6ea869b0,0.0,0.0,0.0,0.0
23,1788706263.6188,16.66,1842.517,217.152,2029.121,0.0,0.0,0.0,0.00,ground_idle,0.0,0.00,0x6ea869b0,0.0,0.0,0.0,0.0
24,1788706263.6355,16.66,1842.517,217.152,2029.121,0.0,0.0,0.0,0.00,ground_idle,0.0,0.00,0x6ea869b0,0.0,0.0,0.0,0.0
25,1788706263.6522,16.67,1842.517,217.152,2029.122,0.0,0.0,0.0,0.00,ground_idle,0.0,0.00,0x6ea869b0,0.0,0.0,0.0,0.0
26,1788706263.6688,16.66,1842.517,217.152,2029.122,0.0,0.0,0.0,0.00,ground_idle,0.0,0.00,0x6ea869b0,0.0,0.0,0.0,0.0
27,1788706263.6855,16.67,1842.517,217.152,2029.121,0.0,0.0,0.0,0.00,ground_idle,0.0,0.00,0x6ea869b0,0.0,0.0,0.0,0.0
28,1788706263.7021,16.66,1842.517,217.152,2029.121,0.0,0.0,0.0,0.00,ground_idle,0.0,0.00,0x6ea869b0,0.0,0.0,0.0,0.0
29,1788706263.7188,16.66,1842.517,217.152,2029.121,0.0,0.0,0.0,0.00,ground_idle,0.0,0.00,0x6ea869b0,0.0,0.0,0.0,0.0
30,1788706263.7355,16.66,1842.517,217.152,2029.121,0.0,0.0,0.0,0.00,ground_idle,0.0,0.00,0x6ea869b0,0.0,0.0,0.0,0.0
31,1788706263.7521,16.66,1842.517,217.152,2029.121,0.0,0.0,0.0,0.00,ground_idle,0.0,0.00,0x6ea869b0,0.0,0.0,0.0,0.0
32,1788706263.7688,16.66,1842.517,217.152,2029.121,0.0,0.0,0.0,0.00,ground_idle,0.0,0.00,0x6ea869b0,0.0,0.0,0.0,0.0
33,1788706263.7855,16.66,1842.517,217.152,2029.121,0.0,0.0,0.0,0.00,ground_idle,0.0,0.00,0x6ea869b0,0.0,0.0,0.0,0.0
34,1788706263.8021,16.66,1842.517,217.152,2029.121,0.0,0.0,0.0,0.00,ground_idle,0.0,0.00,0x6ea869b0,0.0,0.0,0.0,0.0
35,1788706263.8188,16.66,1842.517,217.152,2029.122,0.0,0.0,0.0,0.00,ground_idle,0.0,0.00,0x6ea869b0,0.0,0.0,0.0,0.0
36,1788706263.8355,16.66,1842.517,217.152,2029.122,0.0,0.0,0.0,0.00,ground_idle,0.0,0.00,0x6ea869b0,0.0,0.0,0.0,0.0
37,1788706263.8521,16.66,1842.517,217.152,2029.121,0.0,0.0,0.0,0.00,ground_idle,0.0,0.00,0x6ea869b0,0.0,0.0,0.0,0.0
38,1788706263.8688,16.66,1842.517,217.152,2029.121,0.0,0.0,0.0,0.00,ground_idle,0.0,0.00,0x6ea869b0,0.0,0.0,0.0,0.0
39,1788706263.8854,16.67,1842.517,217.152,2029.121,0.0,0.0,0.0,0.00,ground_idle,0.0,0.00,0x6ea869b0,0.0,0.0,0.0,0.0
40,1788706263.9021,16.66,1842.517,217.152,2029.121,0.0,0.0,0.0,0.00,ground_idle,0.0,0.00,0x6ea869b0,0.0,0.0,0.0,0.0
41,1788706263.9188,16.66,1842.517,217.152,2029.121,0.0,0.0,0.0,0.00,ground_idle,0.0,0.00,0x6ea869b0,0.0,0.0,0.0,0.0
42,1788706263.9354,16.66,1842.517,217.152,2029.121,0.0,0.0,0.0,0.00,ground_idle,0.0,0.00,0x6ea869b0,0.0,0.0,0.0,0.0
43,1788706263.9521,16.66,1842.517,217.152,2029.121,0.0,0.0,0.0,0.00,ground_idle,0.0,0.00,0x6ea869b0,0.0,0.0,0.0,0.0
44,1788706263.9688,16.66,1842.517,217.152,2029.121,0.0,0.0,0.0,0.00,ground_idle,0.0,0.00,0x6ea869b0,0.0,0.0,0.0,0.0
45,1788706263.9854,16.66,1842.517,217.152,2029.122,0.0,0.0,0.0,0.00,ground_idle,0.0,0.00,0x6ea869b0,0.0,0.0,0.0,0.0
46,1788706264.0021,16.66,1842.517,217.152,2029.122,0.0,0.0,0.0,0.00,ground_idle,0.0,0.00,0x6ea869b0,0.0,0.0,0.0,0.0
47,1788706264.0187,16.66,1842.517,217.152,2029.121,0.0,0.0,0.0,0.00,ground_idle,0.0,0.00,0x6ea869b0,0.0,0.0,0.0,0.0
48,1788706264.0354,16.67,1842.517,217.152,2029.121,0.0,0.0,0.0,0.00,ground_idle,0.0,0.00,0x6ea869b0,0.0,0.0,0.0,0.0
49,1788706264.0521,16.66,1842.517,217.152,2029.121,0.0,0.0,0.0,0.00,ground_idle,0.0,0.00,0x6ea869b0,0.0,0.0,0.0,0.0
50,1788706264.0687,16.66,1842.517,217.152,2029.121,0.0,0.0,0.0,0.00,ground_idle,0.0,0.00,0x6ea869b0,0.0,0.0,0.0,0.0
51,1788706264.0854,16.67,1842.517,217.152,2029.121,0.0,0.0,0.0,0.00,ground_idle,0.0,0.00,0x6ea869b0,0.0,0.0,0.0,0.0
52,1788706264.1021,16.66,1842.517,217.152,2029.121,0.0,0.0,0.0,0.00,ground_idle,0.0,0.00,0x6ea869b0,0.0,0.0,0.0,0.0
53,1788706264.1187,16.66,1842.517,217.152,2029.121,0.0,0.0,0.0,0.00,ground_idle,0.0,0.00,0x6ea869b0,0.0,0.0,0.0,0.0
54,1788706264.1354,16.66,1842.517,217.152,2029.121,0.0,0.0,0.0,0.00,ground_idle,0.0,0.00,0x6ea869b0,0.0,0.0,0.0,0.0
55,1788706264.1521,16.67,1842.517,217.152,2029.122,0.0,0.0,0.0,0.00,ground_idle,0.0,0.00,0x6ea869b0,0.0,0.0,0.0,0.0
56,1788706264.1687,16.66,1842.517,217.152,2029.121,0.0,0.0,0.0,0.00,ground_idle,0.0,0.00,0x6ea869b0,0.0,0.0,0.0,0.0
57,1788706264.1854,16.66,1842.517,217.152,2029.121,0.0,0.0,0.0,0.00,ground_idle,0.0,0.00,0x6ea869b0,0.0,0.0,0.0,0.0
58,1788706264.2021,16.66,1842.517,217.152,2029.121,0.0,0.0,0.0,0.00,ground_idle,0.0,0.00,0x6ea869b0,0.0,0.0,0.0,0.0
59,1788706264.2187,16.67,1842.517,217.152,2029.121,0.0,0.0,0.0,0.00,ground_idle,0.0,0.00,0x6ea869b0,0.0,0.0,0.0,0.0
60,1788706264.2354,16.66,1842.517,217.152,2029.121,0.0,0.0,0.0,0.00,ground_idle,0.0,0.00,0x6ea869b0,0.0,0.0,0.0,0.0
61,1788706264.2520,16.66,1842.517,217.152,2029.121,0.0,0.0,0.0,0.00,ground_idle,0.0,0.00,0x6ea869b0,0.0,0.0,0.0,0.0
62,1788706264.2687,16.66,1842.517,217.152,2029.121,0.0,0.0,0.0,0.00,ground_idle,0.0,0.00,0x6ea869b0,0.0,0.0,0.0,0.0
63,1788706264.2854,16.67,1842.517,217.152,2029.121,0.0,0.0,0.0,0.00,ground_idle,0.0,0.00,0x6ea869b0,0.0,0.0,0.0,0.0
64,1788706264.3020,16.66,1842.517,217.152,2029.121,0.0,0.0,0.0,0.00,ground_idle,0.0,0.00,0x6ea869b0,0.0,0.0,0.0,0.0
65,1788706264.3187,16.66,1842.517,217.152,2029.122,0.0,0.0,0.0,0.00,ground_idle,0.0,0.00,0x6ea869b0,0.0,0.0,0.0,0.0
66,1788706264.3354,16.66,1842.517,217.152,2029.121,0.0,0.0,0.0,0.00,ground_idle,0.0,0.00,0x6ea869b0,0.0,0.0,0.0,0.0
67,1788706264.3520,16.66,1842.517,217.152,2029.121,0.0,0.0,0.0,0.00,ground_idle,0.0,0.00,0x6ea869b0,0.0,0.0,0.0,0.0
68,1788706264.3687,16.66,1842.517,217.152,2029.121,0.0,0.0,0.0,0.00,ground_idle,0.0,0.00,0x6ea869b0,0.0,0.0,0.0,0.0
69,1788706264.3854,16.66,1842.517,217.152,2029.121,0.0,0.0,0.0,0.00,ground_idle,0.0,0.00,0x6ea869b0,0.0,0.0,0.0,0.0
70,1788706264.4020,16.66,1842.517,217.153,2029.121,0.0,0.0,0.0,0.00,ground_idle,0.0,0.00,0x6ea869b0,0.0,0.0,0.0,0.0
71,1788706264.4187,16.67,1842.517,217.153,2029.122,0.0,0.0,0.0,0.00,ground_idle,0.0,0.00,0x6ea869b0,0.0,0.0,0.0,0.0
72,1788706264.4354,16.66,1842.517,217.153,2029.123,0.0,0.1,0.0,0.00,ground_idle,0.0,0.00,0x6ea869b0,0.0,0.0,0.0,0.0
73,1788706264.4520,16.67,1842.518,217.153,2029.124,0.0,0.1,0.0,0.00,ground_idle,0.0,0.00,0x6ea869b0,0.0,0.0,0.0,0.0
74,1788706264.4687,16.66,1842.518,217.153,2029.125,0.0,0.1,0.0,0.00,ground_idle,0.0,0.00,0x6ea869b0,0.0,0.0,0.0,0.0
75,1788706264.4853,16.66,1842.519,217.153,2029.128,0.0,0.2,0.0,0.00,ground_idle,0.0,0.00,0x6ea869b0,0.0,0.0,0.0,0.0
76,1788706264.5020,16.66,1842.520,217.153,2029.130,0.0,0.3,0.0,0.00,ground_idle,0.0,0.00,0x6ea869b0,0.0,0.0,0.0,0.0
77,1788706264.5187,16.66,1842.521,217.153,2029.133,0.0,0.3,0.0,0.00,ground_idle,0.0,0.00,0x6ea869b0,0.0,0.0,0.0,0.0
78,1788706264.5353,16.66,1842.522,217.153,2029.135,0.0,0.4,0.0,0.00,ground_idle,0.0,0.00,0x6ea869b0,0.0,0.0,0.0,0.0
79,1788706264.5520,16.66,1842.522,217.153,2029.135,0.0,0.3,0.0,0.00,ground_idle,0.0,0.00,0x6ea869b0,0.0,0.0,0.0,0.0
80,1788706264.5687,16.67,1842.524,217.153,2029.138,0.0,0.4,0.0,0.00,ground_idle,0.0,0.00,0x6ea869b0,0.0,0.0,0.0,0.0
81,1788706264.5853,16.67,1842.526,217.153,2029.142,0.0,0.5,0.0,0.00,ground_idle,0.0,0.00,0x6ea869b0,0.0,0.0,0.0,0.0
82,1788706264.6020,16.66,1842.528,217.153,2029.148,0.0,0.6,0.0,0.00,ground_idle,0.0,0.00,0x6ea869b0,0.0,0.0,0.0,0.0
83,1788706264.6187,16.66,1842.532,217.154,2029.158,0.0,0.9,0.0,0.00,ground_idle,0.3,0.34,0x6ea869b0,0.0,0.0,0.0,0.0
84,1788706264.6353,16.66,1842.535,217.154,2029.164,0.0,1.0,0.0,0.00,ground_idle,0.6,0.28,0x6ea869b0,0.0,0.0,0.0,0.0
85,1788706264.6520,16.66,1842.540,217.154,2029.178,0.0,1.4,0.2,0.21,pos_only_smoothed,0.9,0.23,0x6ea869b0,0.0,0.0,0.0,0.0
86,1788706264.6686,16.66,1842.543,217.153,2029.184,0.0,1.4,0.4,0.18,pos_only_smoothed,1.0,0.20,0x6ea869b0,0.0,0.0,0.0,0.0
87,1788706264.6853,16.67,1842.550,217.153,2029.200,0.0,1.9,0.6,0.21,pos_only_smoothed,1.2,0.17,0x6ea869b0,0.0,0.0,0.0,0.0
88,1788706264.7020,16.66,1842.553,217.153,2029.208,0.0,1.8,0.8,0.18,pos_only_smoothed,1.4,0.15,0x6ea869b0,0.0,0.0,0.0,0.0
89,1788706264.7186,16.66,1842.556,217.153,2029.216,0.0,1.9,0.9,0.15,pos_only_smoothed,1.5,0.13,0x6ea869b0,0.0,0.0,0.0,0.0
90,1788706264.7353,16.66,1842.564,217.153,2029.235,0.0,2.3,1.1,0.19,pos_only_smoothed,1.6,0.11,0x6ea869b0,0.0,0.0,0.0,0.0
91,1788706264.7520,16.66,1842.568,217.153,2029.244,0.0,2.3,1.3,0.16,pos_only_smoothed,1.7,0.12,0x6ea869b0,0.0,0.0,0.0,0.0
92,1788706264.7686,16.66,1842.577,217.153,2029.265,0.0,2.8,1.5,0.20,pos_only_smoothed,1.8,0.12,0x6ea869b0,0.0,0.0,0.0,0.0
93,1788706264.7853,16.66,1842.581,217.153,2029.275,0.0,2.7,1.6,0.16,pos_only_smoothed,2.0,0.12,0x6ea869b0,0.0,0.0,0.0,0.0
94,1788706264.8020,16.66,1842.586,217.152,2029.286,0.0,2.7,1.8,0.13,pos_only_smoothed,2.1,0.11,0x6ea869b0,0.0,0.0,0.0,0.0
95,1788706264.8186,16.66,1842.595,217.152,2029.309,0.0,3.2,2.0,0.19,pos_only_smoothed,2.2,0.11,0x6ea869b0,0.0,0.0,0.0,0.0
96,1788706264.8353,16.66,1842.600,217.152,2029.321,0.0,3.1,2.1,0.16,pos_only_smoothed,2.3,0.13,0x6ea869b0,0.0,0.0,0.0,0.0
97,1788706264.8519,16.66,1842.611,217.152,2029.347,0.0,3.6,2.4,0.23,pos_only_smoothed,2.5,0.15,0x6ea869b0,0.0,0.0,0.0,0.0
98,1788706264.8686,16.66,1842.616,217.152,2029.359,0.0,3.5,2.5,0.17,pos_only_smoothed,2.6,0.16,0x6ea869b0,0.0,0.0,0.0,0.0
99,1788706264.8853,16.66,1842.628,217.153,2029.387,0.0,4.0,2.8,0.24,pos_only_smoothed,2.8,0.17,0x6ea869b0,0.0,0.0,0.0,0.0
100,1788706264.9019,16.66,1842.634,217.153,2029.401,0.0,3.9,2.9,0.18,pos_only_smoothed,3.0,0.18,0x6ea869b0,0.0,0.0,0.0,0.0
101,1788706264.9186,16.66,1842.640,217.153,2029.415,0.0,3.8,3.1,0.13,pos_only_smoothed,3.1,0.15,0x6ea869b0,0.0,0.0,0.0,0.0
102,1788706264.9353,16.66,1842.652,217.153,2029.446,0.0,4.4,3.3,0.21,pos_only_smoothed,3.3,0.14,0x6ea869b0,0.0,0.0,0.0,0.0
103,1788706264.9519,16.66,1842.659,217.153,2029.461,0.0,4.3,3.4,0.15,pos_only_smoothed,3.4,0.15,0x6ea869b0,0.0,0.0,0.0,0.0
104,1788706264.9686,16.66,1842.672,217.154,2029.493,0.0,4.8,3.7,0.22,pos_only_smoothed,3.6,0.16,0x6ea869b0,0.0,0.0,0.0,0.0
105,1788706264.9853,16.66,1842.679,217.154,2029.510,0.0,4.7,3.8,0.16,pos_only_smoothed,3.8,0.17,0x6ea869b0,0.0,0.0,0.0,0.0
106,1788706265.0019,16.66,1842.686,217.154,2029.527,0.0,4.5,3.9,0.12,pos_only_smoothed,3.9,0.15,0x6ea869b0,0.0,0.0,0.0,0.0
107,1788706265.0186,16.66,1842.701,217.154,2029.562,0.0,5.2,4.1,0.20,pos_only_smoothed,4.0,0.14,0x6ea869b0,0.0,0.0,0.0,0.0
108,1788706265.0352,16.66,1842.709,217.155,2029.580,0.0,5.0,4.3,0.14,pos_only_smoothed,4.2,0.15,0x6ea869b0,0.0,0.0,0.0,0.0
109,1788706265.0519,16.66,1842.724,217.155,2029.618,0.0,5.7,4.5,0.23,pos_only_smoothed,4.4,0.17,0x6ea869b0,0.0,0.0,0.0,0.0
110,1788706265.0686,16.67,1842.732,217.155,2029.637,0.0,5.5,4.7,0.16,pos_only_smoothed,4.6,0.18,0x6ea869b0,0.0,0.0,0.0,0.0
111,1788706265.0852,16.62,1842.749,217.155,2029.676,0.0,6.2,4.9,0.24,pos_only_smoothed,4.7,0.19,0x6ea869b0,0.0,0.0,0.0,0.0
112,1788706265.1018,16.66,1842.758,217.155,2029.697,0.0,5.9,5.1,0.17,pos_only_smoothed,4.9,0.19,0x6ea869b0,0.0,0.0,0.0,0.0
113,1788706265.1185,16.66,1842.766,217.156,2029.717,0.0,5.7,5.2,0.10,pos_only_smoothed,5.1,0.16,0x6ea869b0,0.0,0.0,0.0,0.0
114,1788706265.1352,16.67,1842.784,217.156,2029.760,0.0,6.5,5.4,0.21,pos_only_smoothed,5.2,0.14,0x6ea869b0,0.0,0.0,0.0,0.0
115,1788706265.1518,16.66,1842.793,217.156,2029.782,0.0,6.3,5.5,0.14,pos_only_smoothed,5.4,0.16,0x6ea869b0,0.0,0.0,0.0,0.0
116,1788706265.1685,16.67,1842.812,217.156,2029.826,0.0,7.0,5.8,0.23,pos_only_smoothed,5.6,0.18,0x6ea869b0,0.0,0.0,0.0,0.0
117,1788706265.1852,16.66,1842.822,217.156,2029.850,0.0,6.7,5.9,0.16,pos_only_smoothed,5.8,0.19,0x6ea869b0,0.0,0.0,0.0,0.0
118,1788706265.2018,16.66,1842.831,217.156,2029.873,0.0,6.5,6.0,0.09,pos_only_smoothed,5.9,0.16,0x6ea869b0,0.0,0.0,0.0,0.0
119,1788706265.2185,16.66,1842.851,217.157,2029.921,0.0,7.3,6.2,0.21,pos_only_smoothed,6.1,0.14,0x6ea869b0,0.0,0.0,0.0,0.0
120,1788706265.2352,16.66,1842.862,217.157,2029.945,0.0,7.0,6.4,0.13,pos_only_smoothed,6.2,0.16,0x6ea869b0,0.0,0.0,0.0,0.0
121,1788706265.2518,16.66,1842.882,217.157,2029.995,0.0,7.9,6.6,0.24,pos_only_smoothed,6.4,0.18,0x6ea869b0,0.0,0.0,0.0,0.0
122,1788706265.2685,16.66,1842.893,217.157,2030.021,0.0,7.6,6.7,0.15,pos_only_smoothed,6.6,0.19,0x6ea869b0,0.0,0.0,0.0,0.0
123,1788706265.2851,16.66,1842.904,217.157,2030.047,0.0,7.3,6.8,0.09,pos_only_smoothed,6.7,0.16,0x6ea869b0,0.0,0.0,0.0,0.0
124,1788706265.3018,16.67,1842.926,217.157,2030.100,0.0,8.2,7.1,0.22,pos_only_smoothed,6.9,0.14,0x6ea869b0,0.0,0.0,0.0,0.0
125,1788706265.3185,16.67,1842.938,217.157,2030.128,0.0,7.9,7.2,0.14,pos_only_smoothed,7.0,0.17,0x6ea869b0,0.0,0.0,0.0,0.0
126,1788706265.3351,16.66,1842.961,217.158,2030.182,0.0,8.8,7.4,0.25,pos_only_smoothed,7.2,0.19,0x6ea869b0,0.0,0.0,0.0,0.0
127,1788706265.3518,16.66,1842.973,217.158,2030.211,0.0,8.4,7.6,0.16,pos_only_smoothed,7.4,0.20,0x6ea869b0,0.0,0.0,0.0,0.0
128,1788706265.3685,16.66,1842.997,217.158,2030.269,0.0,9.3,7.9,0.28,pos_only_smoothed,7.6,0.21,0x6ea869b0,0.0,0.0,0.0,0.0
129,1788706265.3851,16.66,1843.009,217.158,2030.298,0.0,8.9,8.0,0.16,pos_only_smoothed,7.9,0.22,0x6ea869b0,0.0,0.0,0.0,0.0
130,1788706265.4018,16.66,1843.022,217.158,2030.328,0.0,8.6,8.1,0.08,pos_only_smoothed,8.0,0.17,0x6ea869b0,0.0,0.0,0.0,0.0
131,1788706265.4185,16.66,1843.047,217.158,2030.389,0.0,9.6,8.4,0.23,pos_only_smoothed,8.2,0.14,0x6ea869b0,0.0,0.0,0.0,0.0
132,1788706265.4351,16.66,1843.060,217.159,2030.420,0.0,9.2,8.5,0.13,pos_only_smoothed,8.3,0.17,0x6ea869b0,0.0,0.0,0.0,0.0
133,1788706265.4518,16.66,1843.086,217.159,2030.482,0.0,10.1,8.7,0.26,pos_only_smoothed,8.5,0.19,0x6ea869b0,0.0,0.0,0.0,0.0
134,1788706265.4685,16.67,1843.100,217.159,2030.515,0.0,9.7,8.9,0.15,pos_only_smoothed,8.7,0.20,0x6ea869b0,0.0,0.0,0.0,0.0
135,1788706265.4851,16.66,1843.114,217.159,2030.547,0.0,9.3,9.0,0.07,pos_only_smoothed,8.9,0.16,0x6ea869b0,0.0,0.0,0.0,0.0
136,1788706265.5018,16.66,1843.141,217.159,2030.613,0.0,10.4,9.2,0.23,pos_only_smoothed,9.0,0.13,0x6ea869b0,0.0,0.0,0.0,0.0
137,1788706265.5184,16.66,1843.155,217.159,2030.647,0.0,10.0,9.3,0.12,pos_only_smoothed,9.2,0.16,0x6ea869b0,0.0,0.0,0.0,0.0
138,1788706265.5351,16.66,1843.184,217.160,2030.715,0.0,11.0,9.6,0.28,pos_only_smoothed,9.4,0.19,0x6ea869b0,0.0,0.0,0.0,0.0
139,1788706265.5518,16.66,1843.198,217.160,2030.749,0.0,10.5,9.7,0.14,pos_only_smoothed,9.6,0.20,0x6ea869b0,0.0,0.0,0.0,0.0
140,1788706265.5684,16.66,1843.228,217.160,2030.820,0.0,11.6,10.0,0.30,pos_only_smoothed,9.8,0.21,0x6ea869b0,0.0,0.0,0.0,0.0
141,1788706265.5851,16.66,1843.243,217.160,2030.855,0.0,11.0,10.2,0.15,pos_only_smoothed,10.0,0.22,0x6ea869b0,0.0,0.0,0.0,0.0
142,1788706265.6018,16.66,1843.258,217.160,2030.892,0.0,10.6,10.2,0.06,pos_only_smoothed,10.2,0.17,0x6ea869b0,0.0,0.0,0.0,0.0
143,1788706265.6184,16.66,1843.288,217.160,2030.965,0.0,11.7,10.5,0.24,pos_only_smoothed,10.3,0.13,0x6ea869b0,0.0,0.0,0.0,0.0
144,1788706265.6351,16.66,1843.304,217.160,2031.002,0.0,11.2,10.6,0.11,pos_only_smoothed,10.5,0.16,0x6ea869b0,0.0,0.0,0.0,0.0
145,1788706265.6517,16.66,1843.336,217.161,2031.078,0.0,12.4,10.9,0.29,pos_only_smoothed,10.6,0.19,0x6ea869b0,0.0,0.0,0.0,0.0
146,1788706265.6684,16.66,1843.352,217.161,2031.116,0.0,11.8,11.0,0.14,pos_only_smoothed,10.8,0.21,0x6ea869b0,0.0,0.0,0.0,0.0
147,1788706265.6851,16.66,1843.368,217.161,2031.155,0.0,11.3,11.1,0.04,pos_only_smoothed,11.0,0.15,0x6ea869b0,0.0,0.0,0.0,0.0
148,1788706265.7017,16.66,1843.401,217.161,2031.233,0.0,12.6,11.3,0.24,pos_only_smoothed,11.1,0.12,0x6ea869b0,0.0,0.0,0.0,0.0
149,1788706265.7184,16.66,1843.417,217.161,2031.273,0.0,12.0,11.4,0.11,pos_only_smoothed,11.3,0.16,0x6ea869b0,0.0,0.0,0.0,0.0
150,1788706265.7351,16.66,1843.451,217.161,2031.353,0.0,13.2,11.7,0.28,pos_only_smoothed,11.5,0.18,0x6ea869b0,0.0,0.0,0.0,0.0
151,1788706265.7517,16.66,1843.468,217.162,2031.394,0.0,12.5,11.8,0.14,pos_only_smoothed,11.7,0.20,0x6ea869b0,0.0,0.0,0.0,0.0
152,1788706265.7684,16.69,1843.503,217.162,2031.477,0.0,13.8,12.1,0.31,pos_only_smoothed,11.9,0.22,0x6ea869b0,0.0,0.0,0.0,0.0
153,1788706265.7851,16.66,1843.520,217.162,2031.519,0.0,13.1,12.3,0.15,pos_only_smoothed,12.1,0.23,0x6ea869b0,0.0,0.0,0.0,0.0
154,1788706265.8017,16.66,1843.538,217.162,2031.561,0.0,12.5,12.3,0.03,pos_only_smoothed,12.3,0.16,0x6ea869b0,0.0,0.0,0.0,0.0
155,1788706265.8184,16.66,1843.574,217.163,2031.647,0.0,13.9,12.6,0.25,pos_only_smoothed,12.4,0.11,0x6ea869b0,0.0,0.0,0.0,0.0
156,1788706265.8351,16.66,1843.592,217.163,2031.690,0.0,13.2,12.7,0.10,pos_only_smoothed,12.5,0.16,0x6ea869b0,0.0,0.0,0.0,0.0
157,1788706265.8517,16.66,1843.629,217.163,2031.779,0.0,14.6,13.0,0.30,pos_only_smoothed,12.7,0.19,0x6ea869b0,0.0,0.0,0.0,0.0
158,1788706265.8684,16.66,1843.647,217.163,2031.823,0.0,13.8,13.1,0.13,pos_only_smoothed,12.9,0.21,0x6ea869b0,0.0,0.0,0.0,0.0
159,1788706265.8851,16.66,1843.666,217.164,2031.867,0.0,13.2,13.1,0.01,pos_only_smoothed,13.1,0.14,0x6ea869b0,0.0,0.0,0.0,0.0
160,1788706265.9017,16.66,1843.704,217.164,2031.958,0.0,14.6,13.4,0.25,pos_only_smoothed,13.2,0.10,0x6ea869b0,0.0,0.0,0.0,0.0
161,1788706265.9184,16.66,1843.724,217.164,2032.004,0.0,14.0,13.5,0.10,pos_only_smoothed,13.3,0.15,0x6ea869b0,0.0,0.0,0.0,0.0
162,1788706265.9350,16.67,1843.763,217.165,2032.098,0.0,15.4,13.8,0.31,pos_only_smoothed,13.5,0.19,0x6ea869b0,0.0,0.0,0.0,0.0
163,1788706265.9517,16.66,1843.782,217.165,2032.144,0.0,14.6,13.9,0.13,pos_only_smoothed,13.7,0.21,0x6ea869b0,0.0,0.0,0.0,0.0
164,1788706265.9684,16.67,1843.822,217.165,2032.240,0.0,16.0,14.2,0.33,pos_only_smoothed,13.9,0.23,0x6ea869b0,0.0,0.0,0.0,0.0
165,1788706265.9850,16.66,1843.842,217.166,2032.288,0.0,15.1,14.4,0.15,pos_only_smoothed,14.2,0.24,0x6ea869b0,0.0,0.0,0.0,0.0
166,1788706266.0017,16.66,1843.862,217.166,2032.336,0.0,14.4,14.4,0.01,pos_only_smoothed,14.3,0.16,0x6ea869b0,0.0,0.0,0.0,0.0
167,1788706266.0184,16.67,1843.904,217.167,2032.435,0.0,16.0,14.6,0.26,pos_only_smoothed,14.4,0.11,0x6ea869b0,0.0,0.0,0.0,0.0
168,1788706266.0350,16.66,1843.924,217.167,2032.484,0.0,15.2,14.7,0.09,pos_only_smoothed,14.6,0.15,0x6ea869b0,0.0,0.0,0.0,0.0
169,1788706266.0517,16.67,1843.966,217.168,2032.584,0.0,16.7,15.0,0.31,pos_only_smoothed,14.8,0.19,0x6ea869b0,0.0,0.0,0.0,0.0
170,1788706266.0684,16.66,1843.988,217.168,2032.635,0.0,15.8,15.2,0.12,pos_only_smoothed,15.0,0.21,0x6ea869b0,0.0,0.0,0.0,0.0
171,1788706266.0850,16.66,1844.009,217.168,2032.686,0.0,15.1,15.2,0.01,pos_only_smoothed,15.1,0.14,0x6ea869b0,0.0,0.0,0.0,0.0
172,1788706266.1017,16.66,1844.052,217.169,2032.789,0.0,16.7,15.4,0.25,pos_only_smoothed,15.2,0.09,0x6ea869b0,0.0,0.0,0.0,0.0
173,1788706266.1184,16.66,1844.074,217.169,2032.841,0.0,15.9,15.5,0.08,pos_only_smoothed,15.4,0.14,0x6ea869b0,0.0,0.0,0.0,0.0
174,1788706266.1350,16.66,1844.118,217.170,2032.947,0.0,17.5,15.8,0.33,pos_only_smoothed,15.6,0.18,0x6ea869b0,0.0,0.0,0.0,0.0
175,1788706266.1517,16.66,1844.140,217.170,2033.000,0.0,16.6,15.9,0.13,pos_only_smoothed,15.8,0.21,0x6ea869b0,0.0,0.0,0.0,0.0
176,1788706266.1684,16.67,1844.185,217.171,2033.107,0.0,18.1,16.3,0.35,pos_only_smoothed,16.0,0.23,0x6ea869b0,0.0,0.0,0.0,0.0
177,1788706266.1850,16.66,1844.208,217.171,2033.162,0.0,17.2,16.4,0.14,pos_only_smoothed,16.2,0.24,0x6ea869b0,0.0,0.0,0.0,0.0
178,1788706266.2017,16.66,1844.231,217.172,2033.217,0.0,16.4,16.4,0.00,pos_only_smoothed,16.4,0.16,0x6ea869b0,0.0,0.0,0.0,0.0
179,1788706266.2184,16.67,1844.277,217.172,2033.326,0.0,18.0,16.7,0.26,pos_only_smoothed,16.5,0.10,0x6ea869b0,0.0,0.0,0.0,0.0
180,1788706266.2350,16.66,1844.300,217.172,2033.380,0.0,17.1,16.7,0.06,pos_only_smoothed,16.6,0.14,0x6ea869b0,0.0,0.0,0.0,0.0
181,1788706266.2517,16.67,1844.345,217.173,2033.490,0.0,18.6,17.0,0.30,pos_only_smoothed,16.8,0.17,0x6ea869b0,0.0,0.0,0.0,0.0
182,1788706266.2683,16.66,1844.368,217.173,2033.544,0.0,17.6,17.1,0.08,pos_only_smoothed,17.0,0.19,0x6ea869b0,0.0,0.0,0.0,0.0
183,1788706266.2850,16.66,1844.391,217.173,2033.598,0.0,16.7,17.1,0.07,pos_only_smoothed,17.1,0.10,0x6ea869b0,0.0,0.0,0.0,0.0
184,1788706266.3017,16.66,1844.436,217.173,2033.707,0.0,18.3,17.2,0.19,pos_only_smoothed,17.1,0.03,0x6ea869b0,0.0,0.0,0.0,0.0
185,1788706266.3183,16.66,1844.459,217.173,2033.761,0.0,17.3,17.3,0.00,pos_only_smoothed,17.2,0.08,0x6ea869b0,0.0,0.0,0.0,0.0
186,1788706266.3350,16.66,1844.505,217.173,2033.870,0.0,18.7,17.5,0.24,pos_only_smoothed,17.3,0.11,0x6ea869b0,0.0,0.0,0.0,0.0
187,1788706266.3517,16.66,1844.527,217.172,2033.924,0.0,17.6,17.5,0.02,pos_only_smoothed,17.4,0.13,0x6ea869b0,0.0,0.0,0.0,0.0
188,1788706266.3683,16.67,1844.573,217.172,2034.034,0.0,19.1,17.8,0.26,pos_only_smoothed,17.6,0.13,0x6ea869b0,0.0,0.0,0.0,0.0
189,1788706266.3850,16.67,1844.596,217.172,2034.089,0.0,18.0,17.8,0.03,pos_only_smoothed,17.7,0.14,0x6ea869b0,0.0,0.0,0.0,0.0
190,1788706266.4017,16.67,1844.619,217.171,2034.144,0.0,17.1,17.7,0.12,pos_only_smoothed,17.8,0.05,0x6ea869b0,0.0,0.0,0.0,0.0
191,1788706266.4183,16.66,1844.666,217.170,2034.255,0.0,18.7,17.8,0.16,pos_only_smoothed,17.8,0.01,0x6ea869b0,0.0,0.0,0.0,0.0
192,1788706266.4350,16.66,1844.689,217.170,2034.310,0.0,17.6,17.8,0.03,pos_only_smoothed,17.8,0.04,0x6ea869b0,0.0,0.0,0.0,0.0
193,1788706266.4517,16.66,1844.736,217.169,2034.422,0.0,19.2,18.0,0.22,pos_only_smoothed,17.9,0.08,0x6ea869b0,0.0,0.0,0.0,0.0
194,1788706266.4683,16.66,1844.760,217.169,2034.479,0.0,18.1,18.0,0.02,pos_only_smoothed,18.0,0.11,0x6ea869b0,0.0,0.0,0.0,0.0
195,1788706266.4850,16.66,1844.783,217.168,2034.536,0.0,17.3,17.9,0.13,pos_only_smoothed,18.0,0.03,0x6ea869b0,0.0,0.0,0.0,0.0
196,1788706266.5016,16.66,1844.831,217.167,2034.649,0.0,18.9,18.1,0.16,pos_only_smoothed,18.0,0.02,0x6ea869b0,0.0,0.0,0.0,0.0
197,1788706266.5183,16.66,1844.855,217.167,2034.707,0.0,18.0,18.1,0.02,pos_only_smoothed,18.0,0.05,0x6ea869b0,0.0,0.0,0.0,0.0
198,1788706266.5350,16.66,1844.903,217.166,2034.822,0.0,19.6,18.3,0.24,pos_only_smoothed,18.1,0.09,0x6ea869b0,0.0,0.0,0.0,0.0
199,1788706266.5516,16.66,1844.927,217.166,2034.880,0.0,18.5,18.3,0.03,pos_only_smoothed,18.3,0.12,0x6ea869b0,0.0,0.0,0.0,0.0
200,1788706266.5683,16.67,1844.976,217.165,2034.997,0.0,20.1,18.6,0.28,pos_only_smoothed,18.4,0.15,0x6ea869b0,0.0,0.0,0.0,0.0
201,1788706266.5850,16.66,1845.001,217.165,2035.055,0.0,18.9,18.7,0.05,pos_only_smoothed,18.6,0.16,0x6ea869b0,0.0,0.0,0.0,0.0
202,1788706266.6016,16.66,1845.025,217.165,2035.114,0.0,18.0,18.6,0.11,pos_only_smoothed,18.6,0.07,0x6ea869b0,0.0,0.0,0.0,0.0
203,1788706266.6183,16.66,1845.075,217.165,2035.233,0.0,19.8,18.8,0.19,pos_only_smoothed,18.6,0.01,0x6ea869b0,0.0,0.0,0.0,0.0
204,1788706266.6350,16.66,1845.100,217.165,2035.292,0.0,18.7,18.7,0.01,pos_only_smoothed,18.7,0.07,0x6ea869b0,0.0,0.0,0.0,0.0
205,1788706266.6516,16.66,1845.150,217.164,2035.412,0.0,20.4,19.0,0.27,pos_only_smoothed,18.8,0.11,0x6ea869b0,0.0,0.0,0.0,0.0
206,1788706266.6683,16.66,1845.175,217.164,2035.472,0.0,19.3,19.1,0.04,pos_only_smoothed,19.0,0.14,0x6ea869b0,0.0,0.0,0.0,0.0
207,1788706266.6849,16.66,1845.200,217.164,2035.533,0.0,18.4,18.9,0.11,pos_only_smoothed,19.0,0.06,0x6ea869b0,0.0,0.0,0.0,0.0
208,1788706266.7016,16.66,1845.251,217.164,2035.654,0.0,20.2,19.1,0.19,pos_only_smoothed,19.0,0.00,0x6ea869b0,0.0,0.0,0.0,0.0
209,1788706266.7183,16.66,1845.277,217.165,2035.715,0.0,19.1,19.1,0.01,pos_only_smoothed,19.1,0.07,0x6ea869b0,0.0,0.0,0.0,0.0
210,1788706266.7349,16.66,1845.328,217.165,2035.838,0.0,20.9,19.4,0.28,pos_only_smoothed,19.2,0.11,0x6ea869b0,0.0,0.0,0.0,0.0
211,1788706266.7516,16.66,1845.354,217.165,2035.899,0.0,19.7,19.5,0.04,pos_only_smoothed,19.3,0.15,0x6ea869b0,0.0,0.0,0.0,0.0
212,1788706266.7683,16.66,1845.406,217.165,2036.023,0.0,21.4,19.8,0.30,pos_only_smoothed,19.5,0.17,0x6ea869b0,0.0,0.0,0.0,0.0
213,1788706266.7849,16.66,1845.431,217.165,2036.085,0.0,20.1,19.8,0.06,pos_only_smoothed,19.7,0.18,0x6ea869b0,0.0,0.0,0.0,0.0
214,1788706266.8016,16.66,1845.458,217.165,2036.147,0.0,19.1,19.7,0.11,pos_only_smoothed,19.8,0.08,0x6ea869b0,0.0,0.0,0.0,0.0
215,1788706266.8183,16.66,1845.510,217.166,2036.272,0.0,20.9,19.9,0.20,pos_only_smoothed,19.8,0.01,0x6ea869b0,0.0,0.0,0.0,0.0
216,1788706266.8349,16.66,1845.536,217.166,2036.334,0.0,19.8,19.9,0.02,pos_only_smoothed,19.8,0.07,0x6ea869b0,0.0,0.0,0.0,0.0
217,1788706266.8516,16.67,1845.589,217.167,2036.461,0.0,21.6,20.2,0.27,pos_only_smoothed,20.0,0.11,0x6ea869b0,0.0,0.0,0.0,0.0
218,1788706266.8682,16.66,1845.615,217.167,2036.524,0.0,20.3,20.2,0.03,pos_only_smoothed,20.1,0.14,0x6ea869b0,0.0,0.0,0.0,0.0
219,1788706266.8849,16.66,1845.642,217.167,2036.587,0.0,19.3,20.0,0.13,pos_only_smoothed,20.1,0.05,0x6ea869b0,0.0,0.0,0.0,0.0
220,1788706266.9016,16.66,1845.695,217.168,2036.714,0.0,21.2,20.2,0.18,pos_only_smoothed,20.1,0.01,0x6ea869b0,0.0,0.0,0.0,0.0
221,1788706266.9182,16.66,1845.722,217.168,2036.778,0.0,20.1,20.2,0.02,pos_only_smoothed,20.2,0.05,0x6ea869b0,0.0,0.0,0.0,0.0
222,1788706266.9349,16.67,1845.775,217.168,2036.906,0.0,21.9,20.5,0.26,pos_only_smoothed,20.3,0.10,0x6ea869b0,0.0,0.0,0.0,0.0
223,1788706266.9516,16.66,1845.802,217.169,2036.970,0.0,20.6,20.5,0.02,pos_only_smoothed,20.4,0.13,0x6ea869b0,0.0,0.0,0.0,0.0
224,1788706266.9682,16.62,1845.856,217.169,2037.100,0.0,22.4,20.8,0.30,pos_only_smoothed,20.6,0.15,0x6ea869b0,0.0,0.0,0.0,0.0
225,1788706266.9848,16.66,1845.883,217.170,2037.164,0.0,21.1,20.8,0.04,pos_only_smoothed,20.7,0.17,0x6ea869b0,0.0,0.0,0.0,0.0
226,1788706267.0015,16.66,1845.910,217.170,2037.229,0.0,20.0,20.7,0.13,pos_only_smoothed,20.8,0.07,0x6ea869b0,0.0,0.0,0.0,0.0
227,1788706267.0182,16.67,1845.965,217.170,2037.360,0.0,21.9,20.9,0.19,pos_only_smoothed,20.8,0.01,0x6ea869b0,0.0,0.0,0.0,0.0
228,1788706267.0348,16.66,1845.992,217.171,2037.425,0.0,20.7,20.9,0.03,pos_only_smoothed,20.9,0.06,0x6ea869b0,0.0,0.0,0.0,0.0
229,1788706267.0515,16.66,1846.047,217.171,2037.557,0.0,22.5,21.1,0.27,pos_only_smoothed,21.0,0.10,0x6ea869b0,0.0,0.0,0.0,0.0
230,1788706267.0682,16.66,1846.075,217.171,2037.623,0.0,21.3,21.2,0.02,pos_only_smoothed,21.1,0.13,0x6ea869b0,0.0,0.0,0.0,0.0
231,1788706267.0848,16.66,1846.103,217.172,2037.689,0.0,20.2,21.0,0.15,pos_only_smoothed,21.1,0.04,0x6ea869b0,0.0,0.0,0.0,0.0
232,1788706267.1015,16.66,1846.158,217.172,2037.822,0.0,22.2,21.2,0.19,pos_only_smoothed,21.1,0.02,0x6ea869b0,0.0,0.0,0.0,0.0
233,1788706267.1182,16.66,1846.186,217.172,2037.888,0.0,21.0,21.2,0.04,pos_only_smoothed,21.1,0.05,0x6ea869b0,0.0,0.0,0.0,0.0
234,1788706267.1348,16.67,1846.242,217.172,2038.022,0.0,22.9,21.4,0.27,pos_only_smoothed,21.2,0.10,0x6ea869b0,0.0,0.0,0.0,0.0
235,1788706267.1515,16.66,1846.270,217.173,2038.089,0.0,21.6,21.5,0.02,pos_only_smoothed,21.4,0.13,0x6ea869b0,0.0,0.0,0.0,0.0
236,1788706267.1682,16.67,1846.327,217.173,2038.224,0.0,23.4,21.8,0.31,pos_only_smoothed,21.5,0.15,0x6ea869b0,0.0,0.0,0.0,0.0
237,1788706267.1848,16.66,1846.355,217.173,2038.292,0.0,22.0,21.8,0.04,pos_only_smoothed,21.7,0.17,0x6ea869b0,0.0,0.0,0.0,0.0
238,1788706267.2015,16.66,1846.383,217.173,2038.360,0.0,20.9,21.7,0.14,pos_only_smoothed,21.8,0.06,0x6ea869b0,0.0,0.0,0.0,0.0
239,1788706267.2181,16.66,1846.441,217.174,2038.496,0.0,22.9,21.9,0.20,pos_only_smoothed,21.8,0.01,0x6ea869b0,0.0,0.0,0.0,0.0
240,1788706267.2348,16.66,1846.469,217.174,2038.565,0.0,21.7,21.8,0.03,pos_only_smoothed,21.8,0.06,0x6ea869b0,0.0,0.0,0.0,0.0
241,1788706267.2515,16.67,1846.527,217.174,2038.702,0.0,23.6,22.1,0.28,pos_only_smoothed,21.9,0.10,0x6ea869b0,0.0,0.0,0.0,0.0
242,1788706267.2681,16.67,1846.556,217.174,2038.771,0.0,22.2,22.1,0.02,pos_only_smoothed,22.1,0.14,0x6ea869b0,0.0,0.0,0.0,0.0
243,1788706267.2848,16.66,1846.585,217.175,2038.841,0.0,21.2,22.0,0.15,pos_only_smoothed,22.1,0.04,0x6ea869b0,0.0,0.0,0.0,0.0
244,1788706267.3015,16.66,1846.643,217.175,2038.979,0.0,23.2,22.2,0.19,pos_only_smoothed,22.1,0.02,0x6ea869b0,0.0,0.0,0.0,0.0
245,1788706267.3181,16.66,1846.672,217.175,2039.049,0.0,22.0,22.1,0.03,pos_only_smoothed,22.1,0.05,0x6ea869b0,0.0,0.0,0.0,0.0
246,1788706267.3348,16.67,1846.730,217.176,2039.189,0.0,23.9,22.4,0.28,pos_only_smoothed,22.2,0.10,0x6ea869b0,0.0,0.0,0.0,0.0
247,1788706267.3515,16.66,1846.760,217.176,2039.260,0.0,22.6,22.4,0.03,pos_only_smoothed,22.4,0.14,0x6ea869b0,0.0,0.0,0.0,0.0
248,1788706267.3681,16.66,1846.789,217.177,2039.330,0.0,21.5,22.3,0.16,pos_only_smoothed,22.4,0.04,0x6ea869b0,0.0,0.0,0.0,0.0
249,1788706267.3848,16.66,1846.849,217.177,2039.471,0.0,23.6,22.5,0.20,pos_only_smoothed,22.4,0.02,0x6ea869b0,0.0,0.0,0.0,0.0
250,1788706267.4014,16.66,1846.878,217.178,2039.543,0.0,22.3,22.5,0.02,pos_only_smoothed,22.4,0.06,0x6ea869b0,0.0,0.0,0.0,0.0
251,1788706267.4181,16.66,1846.938,217.179,2039.685,0.0,24.3,22.8,0.29,pos_only_smoothed,22.5,0.11,0x6ea869b0,0.0,0.0,0.0,0.0
252,1788706267.4348,16.66,1846.968,217.179,2039.757,0.0,23.0,22.8,0.03,pos_only_smoothed,22.7,0.15,0x6ea869b0,0.0,0.0,0.0,0.0
253,1788706267.4514,16.67,1847.028,217.180,2039.900,0.0,24.9,23.1,0.33,pos_only_smoothed,22.9,0.17,0x6ea869b0,0.0,0.0,0.0,0.0
254,1788706267.4681,16.66,1847.058,217.181,2039.972,0.0,23.4,23.2,0.05,pos_only_smoothed,23.1,0.19,0x6ea869b0,0.0,0.0,0.0,0.0
255,1788706267.4848,16.66,1847.088,217.181,2040.045,0.0,22.3,23.0,0.14,pos_only_smoothed,23.1,0.07,0x6ea869b0,0.0,0.0,0.0,0.0
256,1788706267.5014,16.66,1847.149,217.182,2040.189,0.0,24.4,23.2,0.21,pos_only_smoothed,23.1,0.01,0x6ea869b0,0.0,0.0,0.0,0.0
257,1788706267.5181,16.66,1847.179,217.183,2040.262,0.0,23.0,23.2,0.03,pos_only_smoothed,23.2,0.06,0x6ea869b0,0.0,0.0,0.0,0.0
258,1788706267.5348,16.66,1847.240,217.184,2040.408,0.0,25.0,23.5,0.29,pos_only_smoothed,23.3,0.11,0x6ea869b0,0.0,0.0,0.0,0.0
259,1788706267.5514,16.66,1847.271,217.184,2040.482,0.0,23.7,23.5,0.03,pos_only_smoothed,23.4,0.14,0x6ea869b0,0.0,0.0,0.0,0.0
260,1788706267.5681,16.66,1847.302,217.185,2040.555,0.0,22.5,23.4,0.17,pos_only_smoothed,23.5,0.04,0x6ea869b0,0.0,0.0,0.0,0.0
261,1788706267.5848,16.66,1847.364,217.186,2040.703,0.0,24.7,23.6,0.21,pos_only_smoothed,23.5,0.03,0x6ea869b0,0.0,0.0,0.0,0.0
262,1788706267.6014,16.67,1847.395,217.186,2040.777,0.0,23.4,23.5,0.03,pos_only_smoothed,23.5,0.05,0x6ea869b0,0.0,0.0,0.0,0.0
263,1788706267.6181,16.67,1847.457,217.187,2040.925,0.0,25.4,23.8,0.29,pos_only_smoothed,23.6,0.11,0x6ea869b0,0.0,0.0,0.0,0.0
264,1788706267.6347,16.66,1847.488,217.188,2041.000,0.0,24.0,23.9,0.02,pos_only_smoothed,23.8,0.14,0x6ea869b0,0.0,0.0,0.0,0.0
265,1788706267.6514,16.67,1847.551,217.188,2041.150,0.0,26.0,24.2,0.34,pos_only_smoothed,23.9,0.17,0x6ea869b0,0.0,0.0,0.0,0.0
266,1788706267.6681,16.67,1847.582,217.189,2041.225,0.0,24.4,24.2,0.04,pos_only_smoothed,24.1,0.19,0x6ea869b0,0.0,0.0,0.0,0.0
267,1788706267.6847,16.66,1847.614,217.189,2041.300,0.0,23.2,24.1,0.16,pos_only_smoothed,24.2,0.07,0x6ea869b0,0.0,0.0,0.0,0.0
268,1788706267.7014,16.66,1847.677,217.190,2041.452,0.0,25.4,24.3,0.22,pos_only_smoothed,24.2,0.02,0x6ea869b0,0.0,0.0,0.0,0.0
269,1788706267.7181,16.66,1847.709,217.190,2041.527,0.0,24.0,24.2,0.04,pos_only_smoothed,24.2,0.06,0x6ea869b0,0.0,0.0,0.0,0.0
270,1788706267.7347,16.67,1847.773,217.191,2041.680,0.0,26.2,24.6,0.31,pos_only_smoothed,24.3,0.11,0x6ea869b0,0.0,0.0,0.0,0.0
271,1788706267.7514,16.66,1847.804,217.191,2041.756,0.0,24.6,24.6,0.01,pos_only_smoothed,24.5,0.15,0x6ea869b0,0.0,0.0,0.0,0.0
272,1788706267.7681,16.67,1847.837,217.191,2041.833,0.0,23.5,24.4,0.18,pos_only_smoothed,24.5,0.04,0x6ea869b0,0.0,0.0,0.0,0.0
273,1788706267.7847,16.66,1847.901,217.191,2041.987,0.0,25.7,24.6,0.22,pos_only_smoothed,24.5,0.03,0x6ea869b0,0.0,0.0,0.0,0.0
274,1788706267.8014,16.66,1847.933,217.191,2042.064,0.0,24.3,24.6,0.04,pos_only_smoothed,24.5,0.05,0x6ea869b0,0.0,0.0,0.0,0.0
275,1788706267.8181,16.67,1847.998,217.191,2042.219,0.0,26.5,24.9,0.31,pos_only_smoothed,24.7,0.11,0x6ea869b0,0.0,0.0,0.0,0.0
276,1788706267.8347,16.66,1848.031,217.191,2042.297,0.0,25.0,24.9,0.02,pos_only_smoothed,24.8,0.15,0x6ea869b0,0.0,0.0,0.0,0.0
277,1788706267.8514,16.67,1848.096,217.191,2042.453,0.0,27.1,25.2,0.35,pos_only_smoothed,25.0,0.18,0x6ea869b0,0.0,0.0,0.0,0.0
278,1788706267.8681,16.66,1848.129,217.191,2042.531,0.0,25.5,25.3,0.04,pos_only_smoothed,25.2,0.19,0x6ea869b0,0.0,0.0,0.0,0.0
279,1788706267.8847,16.66,1848.161,217.190,2042.609,0.0,24.2,25.1,0.17,pos_only_smoothed,25.2,0.06,0x6ea869b0,0.0,0.0,0.0,0.0
280,1788706267.9014,16.66,1848.228,217.190,2042.767,0.0,26.5,25.3,0.22,pos_only_smoothed,25.2,0.02,0x6ea869b0,0.0,0.0,0.0,0.0
281,1788706267.9181,16.66,1848.260,217.190,2042.846,0.0,25.0,25.3,0.05,pos_only_smoothed,25.3,0.06,0x6ea869b0,0.0,0.0,0.0,0.0
282,1788706267.9347,16.67,1848.327,217.189,2043.005,0.0,27.3,25.6,0.32,pos_only_smoothed,25.4,0.11,0x6ea869b0,0.0,0.0,0.0,0.0
283,1788706267.9514,16.67,1848.360,217.188,2043.084,0.0,25.7,25.6,0.01,pos_only_smoothed,25.5,0.15,0x6ea869b0,0.0,0.0,0.0,0.0
284,1788706267.9681,16.66,1848.394,217.188,2043.164,0.0,24.4,25.4,0.19,pos_only_smoothed,25.6,0.04,0x6ea869b0,0.0,0.0,0.0,0.0
285,1788706267.9847,16.66,1848.461,217.187,2043.324,0.0,26.8,25.6,0.22,pos_only_smoothed,25.5,0.04,0x6ea869b0,0.0,0.0,0.0,0.0
286,1788706268.0014,16.66,1848.494,217.186,2043.405,0.0,25.4,25.6,0.04,pos_only_smoothed,25.6,0.05,0x6ea869b0,0.0,0.0,0.0,0.0
287,1788706268.0180,16.67,1848.562,217.185,2043.566,0.0,27.6,25.9,0.32,pos_only_smoothed,25.7,0.11,0x6ea869b0,0.0,0.0,0.0,0.0
288,1788706268.0347,16.66,1848.596,217.185,2043.647,0.0,26.1,25.9,0.02,pos_only_smoothed,25.9,0.16,0x6ea869b0,0.0,0.0,0.0,0.0
289,1788706268.0514,16.67,1848.664,217.184,2043.809,0.0,28.2,26.3,0.36,pos_only_smoothed,26.0,0.18,0x6ea869b0,0.0,0.0,0.0,0.0
290,1788706268.0680,16.67,1848.698,217.183,2043.891,0.0,26.6,26.4,0.04,pos_only_smoothed,26.2,0.20,0x6ea869b0,0.0,0.0,0.0,0.0
291,1788706268.0847,16.66,1848.732,217.182,2043.973,0.0,25.2,26.2,0.18,pos_only_smoothed,26.3,0.07,0x6ea869b0,0.0,0.0,0.0,0.0
292,1788706268.1014,16.66,1848.801,217.181,2044.137,0.0,27.6,26.4,0.23,pos_only_smoothed,26.3,0.02,0x6ea869b0,0.0,0.0,0.0,0.0
293,1788706268.1180,16.66,1848.835,217.181,2044.219,0.0,26.1,26.4,0.05,pos_only_smoothed,26.3,0.06,0x6ea869b0,0.0,0.0,0.0,0.0
294,1788706268.1347,16.67,1848.904,217.180,2044.385,0.0,28.4,26.7,0.32,pos_only_smoothed,26.4,0.11,0x6ea869b0,0.0,0.0,0.0,0.0
295,1788706268.1514,16.66,1848.939,217.179,2044.468,0.0,26.8,26.7,0.01,pos_only_smoothed,26.6,0.15,0x6ea869b0,0.0,0.0,0.0,0.0
296,1788706268.1680,16.66,1848.974,217.179,2044.551,0.0,25.5,26.5,0.20,pos_only_smoothed,26.6,0.04,0x6ea869b0,0.0,0.0,0.0,0.0
297,1788706268.1847,16.66,1849.044,217.178,2044.718,0.0,27.9,26.7,0.23,pos_only_smoothed,26.6,0.04,0x6ea869b0,0.0,0.0,0.0,0.0
298,1788706268.2014,16.66,1849.079,217.178,2044.802,0.0,26.4,26.7,0.05,pos_only_smoothed,26.7,0.05,0x6ea869b0,0.0,0.0,0.0,0.0
299,1788706268.2180,16.66,1849.149,217.177,2044.970,0.0,28.8,27.0,0.33,pos_only_smoothed,26.8,0.12,0x6ea869b0,0.0,0.0,0.0,0.0
300,1788706268.2347,16.68,1849.185,217.177,2045.055,0.0,27.2,27.0,0.03,pos_only_smoothed,26.9,0.16,0x6ea869b0,0.0,0.0,0.0,0.0
301,1788706268.2514,16.66,1849.256,217.176,2045.224,0.0,29.4,27.4,0.38,pos_only_smoothed,27.1,0.19,0x6ea869b0,0.0,0.0,0.0,0.0
302,1788706268.2680,16.66,1849.291,217.176,2045.310,0.0,27.7,27.5,0.05,pos_only_smoothed,27.3,0.21,0x6ea869b0,0.0,0.0,0.0,0.0
303,1788706268.2847,16.66,1849.327,217.176,2045.395,0.0,26.3,27.3,0.18,pos_only_smoothed,27.4,0.07,0x6ea869b0,0.0,0.0,0.0,0.0
304,1788706268.3014,16.66,1849.399,217.176,2045.566,0.0,28.8,27.5,0.24,pos_only_smoothed,27.4,0.02,0x6ea869b0,0.0,0.0,0.0,0.0
305,1788706268.3180,16.66,1849.435,217.176,2045.652,0.0,27.2,27.5,0.04,pos_only_smoothed,27.4,0.06,0x6ea869b0,0.0,0.0,0.0,0.0
306,1788706268.3347,16.66,1849.507,217.176,2045.825,0.0,29.6,27.8,0.34,pos_only_smoothed,27.6,0.12,0x6ea869b0,0.0,0.0,0.0,0.0
307,1788706268.3513,16.66,1849.543,217.175,2045.911,0.0,27.9,27.8,0.02,pos_only_smoothed,27.7,0.16,0x6ea869b0,0.0,0.0,0.0,0.0
308,1788706268.3680,16.67,1849.579,217.175,2045.998,0.0,26.5,27.6,0.21,pos_only_smoothed,27.8,0.04,0x6ea869b0,0.0,0.0,0.0,0.0
309,1788706268.3847,16.67,1849.652,217.175,2046.172,0.0,29.1,27.9,0.23,pos_only_smoothed,27.7,0.04,0x6ea869b0,0.0,0.0,0.0,0.0
310,1788706268.4013,16.66,1849.689,217.175,2046.260,0.0,27.6,27.8,0.04,pos_only_smoothed,27.8,0.05,0x6ea869b0,0.0,0.0,0.0,0.0
311,1788706268.4180,16.66,1849.762,217.174,2046.435,0.0,30.0,28.2,0.35,pos_only_smoothed,27.9,0.12,0x6ea869b0,0.0,0.0,0.0,0.0
312,1788706268.4347,16.67,1849.799,217.174,2046.523,0.0,28.3,28.2,0.02,pos_only_smoothed,28.1,0.17,0x6ea869b0,0.0,0.0,0.0,0.0
313,1788706268.4513,16.67,1849.873,217.173,2046.700,0.0,30.7,28.6,0.40,pos_only_smoothed,28.3,0.20,0x6ea869b0,0.0,0.0,0.0,0.0
314,1788706268.4680,16.66,1849.910,217.173,2046.789,0.0,28.9,28.6,0.05,pos_only_smoothed,28.5,0.22,0x6ea869b0,0.0,0.0,0.0,0.0
315,1788706268.4847,16.67,1849.947,217.172,2046.878,0.0,27.4,28.4,0.19,pos_only_smoothed,28.6,0.08,0x6ea869b0,0.0,0.0,0.0,0.0
316,1788706268.5013,16.66,1850.022,217.171,2047.056,0.0,30.0,28.7,0.26,pos_only_smoothed,28.6,0.02,0x6ea869b0,0.0,0.0,0.0,0.0
317,1788706268.5180,16.66,1850.059,217.170,2047.145,0.0,28.4,28.6,0.05,pos_only_smoothed,28.6,0.07,0x6ea869b0,0.0,0.0,0.0,0.0
318,1788706268.5347,16.66,1850.134,217.169,2047.324,0.0,30.8,29.0,0.34,pos_only_smoothed,28.7,0.12,0x6ea869b0,0.0,0.0,0.0,0.0
319,1788706268.5513,16.67,1850.172,217.169,2047.414,0.0,29.1,29.0,0.01,pos_only_smoothed,28.9,0.16,0x6ea869b0,0.0,0.0,0.0,0.0
320,1788706268.5680,16.66,1850.210,217.168,2047.505,0.0,27.7,28.8,0.21,pos_only_smoothed,28.9,0.04,0x6ea869b0,0.0,0.0,0.0,0.0
321,1788706268.5847,16.67,1850.285,217.167,2047.685,0.0,30.2,29.0,0.23,pos_only_smoothed,28.9,0.05,0x6ea869b0,0.0,0.0,0.0,0.0
322,1788706268.6013,16.66,1850.323,217.166,2047.776,0.0,28.7,29.0,0.06,pos_only_smoothed,28.9,0.05,0x6ea869b0,0.0,0.0,0.0,0.0
323,1788706268.6180,16.66,1850.400,217.165,2047.958,0.0,31.2,29.3,0.35,pos_only_smoothed,29.1,0.12,0x6ea869b0,0.0,0.0,0.0,0.0
324,1788706268.6347,16.66,1850.438,217.164,2048.050,0.0,29.4,29.3,0.02,pos_only_smoothed,29.2,0.17,0x6ea869b0,0.0,0.0,0.0,0.0
325,1788706268.6513,16.67,1850.515,217.163,2048.233,0.0,31.9,29.7,0.41,pos_only_smoothed,29.4,0.20,0x6ea869b0,0.0,0.0,0.0,0.0
326,1788706268.6680,16.66,1850.553,217.162,2048.325,0.0,30.0,29.8,0.04,pos_only_smoothed,29.6,0.22,0x6ea869b0,0.0,0.0,0.0,0.0
327,1788706268.6846,16.66,1850.592,217.161,2048.417,0.0,28.5,29.6,0.20,pos_only_smoothed,29.7,0.07,0x6ea869b0,0.0,0.0,0.0,0.0
328,1788706268.7013,16.66,1850.669,217.160,2048.602,0.0,31.1,29.8,0.25,pos_only_smoothed,29.7,0.03,0x6ea869b0,0.0,0.0,0.0,0.0
329,1788706268.7180,16.66,1850.708,217.160,2048.695,0.0,29.5,29.8,0.06,pos_only_smoothed,29.7,0.06,0x6ea869b0,0.0,0.0,0.0,0.0
330,1788706268.7346,16.67,1850.786,217.159,2048.881,0.0,32.0,30.1,0.36,pos_only_smoothed,29.9,0.12,0x6ea869b0,0.0,0.0,0.0,0.0
331,1788706268.7513,16.66,1850.825,217.159,2048.974,0.0,30.2,30.1,0.01,pos_only_smoothed,30.0,0.17,0x6ea869b0,0.0,0.0,0.0,0.0
332,1788706268.7680,16.66,1850.864,217.159,2049.068,0.0,28.7,29.9,0.23,pos_only_smoothed,30.1,0.04,0x6ea869b0,0.0,0.0,0.0,0.0
333,1788706268.7846,16.66,1850.942,217.159,2049.256,0.0,31.5,30.2,0.25,pos_only_smoothed,30.0,0.05,0x6ea869b0,0.0,0.0,0.0,0.0
334,1788706268.8013,16.66,1850.982,217.159,2049.350,0.0,29.8,30.1,0.06,pos_only_smoothed,30.1,0.05,0x6ea869b0,0.0,0.0,0.0,0.0
335,1788706268.8180,16.67,1851.061,217.159,2049.539,0.0,32.4,30.5,0.36,pos_only_smoothed,30.2,0.12,0x6ea869b0,0.0,0.0,0.0,0.0
336,1788706268.8346,16.66,1851.100,217.159,2049.633,0.0,30.5,30.5,0.01,pos_only_smoothed,30.4,0.17,0x6ea869b0,0.0,0.0,0.0,0.0
337,1788706268.8513,16.67,1851.180,217.159,2049.824,0.0,33.1,30.9,0.41,pos_only_smoothed,30.6,0.20,0x6ea869b0,0.0,0.0,0.0,0.0
338,1788706268.8679,16.66,1851.220,217.160,2049.919,0.0,31.1,30.9,0.04,pos_only_smoothed,30.8,0.22,0x6ea869b0,0.0,0.0,0.0,0.0
339,1788706268.8846,16.66,1851.260,217.160,2050.014,0.0,29.5,30.7,0.22,pos_only_smoothed,30.9,0.07,0x6ea869b0,0.0,0.0,0.0,0.0
340,1788706268.9013,16.66,1851.340,217.160,2050.206,0.0,32.3,30.9,0.25,pos_only_smoothed,30.8,0.04,0x6ea869b0,0.0,0.0,0.0,0.0
341,1788706268.9179,16.66,1851.380,217.161,2050.302,0.0,30.5,30.9,0.07,pos_only_smoothed,30.9,0.05,0x6ea869b0,0.0,0.0,0.0,0.0
342,1788706268.9346,16.67,1851.461,217.161,2050.495,0.0,33.2,31.2,0.36,pos_only_smoothed,31.0,0.12,0x6ea869b0,0.0,0.0,0.0,0.0
343,1788706268.9513,16.66,1851.501,217.161,2050.592,0.0,31.3,31.2,0.00,pos_only_smoothed,31.2,0.17,0x6ea869b0,0.0,0.0,0.0,0.0
344,1788706268.9679,16.66,1851.542,217.162,2050.688,0.0,29.7,31.0,0.25,pos_only_smoothed,31.2,0.03,0x6ea869b0,0.0,0.0,0.0,0.0
345,1788706268.9846,16.66,1851.623,217.162,2050.883,0.0,32.6,31.2,0.25,pos_only_smoothed,31.1,0.06,0x6ea869b0,0.0,0.0,0.0,0.0
346,1788706269.0013,16.66,1851.664,217.162,2050.980,0.0,30.8,31.2,0.08,pos_only_smoothed,31.2,0.04,0x6ea869b0,0.0,0.0,0.0,0.0
347,1788706269.0179,16.66,1851.746,217.162,2051.176,0.0,33.5,31.6,0.38,pos_only_smoothed,31.3,0.12,0x6ea869b0,0.0,0.0,0.0,0.0
348,1788706269.0346,16.66,1851.787,217.162,2051.274,0.0,31.6,31.6,0.01,pos_only_smoothed,31.5,0.17,0x6ea869b0,0.0,0.0,0.0,0.0
349,1788706269.0512,16.67,1851.869,217.162,2051.471,0.0,34.3,32.0,0.43,pos_only_smoothed,31.7,0.21,0x6ea869b0,0.0,0.0,0.0,0.0
350,1788706269.0679,16.66,1851.911,217.162,2051.570,0.0,32.3,32.0,0.04,pos_only_smoothed,31.9,0.23,0x6ea869b0,0.0,0.0,0.0,0.0
351,1788706269.0846,16.66,1851.952,217.162,2051.668,0.0,30.6,31.8,0.23,pos_only_smoothed,32.0,0.07,0x6ea869b0,0.0,0.0,0.0,0.0
352,1788706269.1012,16.66,1852.035,217.162,2051.867,0.0,33.5,32.1,0.27,pos_only_smoothed,31.9,0.04,0x6ea869b0,0.0,0.0,0.0,0.0
353,1788706269.1179,16.66,1852.076,217.161,2051.966,0.0,31.6,32.0,0.07,pos_only_smoothed,32.0,0.06,0x6ea869b0,0.0,0.0,0.0,0.0
354,1788706269.1346,16.67,1852.160,217.161,2052.166,0.0,34.3,32.4,0.38,pos_only_smoothed,32.1,0.13,0x6ea869b0,0.0,0.0,0.0,0.0
355,1788706269.1512,16.62,1852.202,217.161,2052.266,0.0,32.4,32.4,0.00,pos_only_smoothed,32.3,0.17,0x6ea869b0,0.0,0.0,0.0,0.0
356,1788706269.1678,16.66,1852.244,217.161,2052.366,0.0,30.8,32.1,0.25,pos_only_smoothed,32.3,0.03,0x6ea869b0,0.0,0.0,0.0,0.0
357,1788706269.1845,16.66,1852.328,217.160,2052.567,0.0,33.7,32.4,0.25,pos_only_smoothed,32.3,0.06,0x6ea869b0,0.0,0.0,0.0,0.0
358,1788706269.2012,16.67,1852.370,217.160,2052.668,0.0,31.9,32.3,0.08,pos_only_smoothed,32.3,0.04,0x6ea869b0,0.0,0.0,0.0,0.0
359,1788706269.2178,16.67,1852.454,217.159,2052.870,0.0,34.7,32.7,0.38,pos_only_smoothed,32.4,0.12,0x6ea869b0,0.0,0.0,0.0,0.0
360,1788706269.2345,16.66,1852.497,217.159,2052.971,0.0,32.7,32.7,0.00,pos_only_smoothed,32.6,0.17,0x6ea869b0,0.0,0.0,0.0,0.0
361,1788706269.2512,16.67,1852.582,217.158,2053.175,0.0,35.4,33.1,0.43,pos_only_smoothed,32.8,0.21,0x6ea869b0,0.0,0.0,0.0,0.0
362,1788706269.2678,16.66,1852.625,217.158,2053.277,0.0,33.3,33.2,0.04,pos_only_smoothed,33.0,0.23,0x6ea869b0,0.0,0.0,0.0,0.0
363,1788706269.2845,16.66,1852.667,217.158,2053.379,0.0,31.6,32.9,0.25,pos_only_smoothed,33.1,0.06,0x6ea869b0,0.0,0.0,0.0,0.0
364,1788706269.3012,16.67,1852.753,217.158,2053.583,0.0,34.5,33.2,0.26,pos_only_smoothed,33.0,0.05,0x6ea869b0,0.0,0.0,0.0,0.0
365,1788706269.3178,16.67,1852.796,217.158,2053.686,0.0,32.7,33.1,0.08,pos_only_smoothed,33.1,0.05,0x6ea869b0,0.0,0.0,0.0,0.0
366,1788706269.3345,16.67,1852.882,217.157,2053.892,0.0,35.4,33.5,0.38,pos_only_smoothed,33.2,0.12,0x6ea869b0,0.0,0.0,0.0,0.0
367,1788706269.3512,16.66,1852.925,217.157,2053.995,0.0,33.4,33.5,0.01,pos_only_smoothed,33.4,0.17,0x6ea869b0,0.0,0.0,0.0,0.0
368,1788706269.3678,16.66,1852.969,217.157,2054.099,0.0,31.8,33.2,0.27,pos_only_smoothed,33.4,0.02,0x6ea869b0,0.0,0.0,0.0,0.0
369,1788706269.3845,16.66,1853.055,217.157,2054.306,0.0,34.8,33.4,0.25,pos_only_smoothed,33.3,0.07,0x6ea869b0,0.0,0.0,0.0,0.0
370,1788706269.4011,16.66,1853.099,217.157,2054.410,0.0,32.9,33.4,0.08,pos_only_smoothed,33.4,0.04,0x6ea869b0,0.0,0.0,0.0,0.0
371,1788706269.4178,16.66,1853.186,217.157,2054.619,0.0,35.8,33.7,0.39,pos_only_smoothed,33.5,0.12,0x6ea869b0,0.0,0.0,0.0,0.0
372,1788706269.4345,16.66,1853.230,217.157,2054.724,0.0,33.8,33.7,0.00,pos_only_smoothed,33.6,0.17,0x6ea869b0,0.0,0.0,0.0,0.0
373,1788706269.4511,16.66,1853.274,217.157,2054.829,0.0,32.1,33.5,0.26,pos_only_smoothed,33.7,0.03,0x6ea869b0,0.0,0.0,0.0,0.0
374,1788706269.4678,16.66,1853.362,217.157,2055.039,0.0,35.2,33.8,0.27,pos_only_smoothed,33.6,0.06,0x6ea869b0,0.0,0.0,0.0,0.0
375,1788706269.4845,16.66,1853.406,217.157,2055.145,0.0,33.3,33.7,0.07,pos_only_smoothed,33.7,0.05,0x6ea869b0,0.0,0.0,0.0,0.0
376,1788706269.5011,16.67,1853.495,217.158,2055.356,0.0,36.2,34.1,0.41,pos_only_smoothed,33.8,0.13,0x6ea869b0,0.0,0.0,0.0,0.0
377,1788706269.5178,16.66,1853.539,217.158,2055.463,0.0,34.2,34.1,0.02,pos_only_smoothed,34.0,0.19,0x6ea869b0,0.0,0.0,0.0,0.0
378,1788706269.5345,16.66,1853.628,217.158,2055.676,0.0,37.0,34.6,0.46,pos_only_smoothed,34.2,0.23,0x6ea869b0,0.0,0.0,0.0,0.0
379,1788706269.5511,16.66,1853.673,217.158,2055.782,0.0,34.8,34.6,0.04,pos_only_smoothed,34.5,0.25,0x6ea869b0,0.0,0.0,0.0,0.0
380,1788706269.5678,16.66,1853.718,217.158,2055.890,0.0,33.1,34.4,0.24,pos_only_smoothed,34.5,0.08,0x6ea869b0,0.0,0.0,0.0,0.0
381,1788706269.5844,16.66,1853.808,217.158,2056.104,0.0,36.2,34.7,0.29,pos_only_smoothed,34.5,0.04,0x6ea869b0,0.0,0.0,0.0,0.0
382,1788706269.6011,16.66,1853.853,217.158,2056.212,0.0,34.2,34.6,0.07,pos_only_smoothed,34.6,0.07,0x6ea869b0,0.0,0.0,0.0,0.0
383,1788706269.6178,16.66,1853.943,217.158,2056.428,0.0,37.2,35.0,0.41,pos_only_smoothed,34.7,0.14,0x6ea869b0,0.0,0.0,0.0,0.0
384,1788706269.6344,16.66,1853.989,217.158,2056.537,0.0,35.1,35.0,0.01,pos_only_smoothed,34.9,0.19,0x6ea869b0,0.0,0.0,0.0,0.0
385,1788706269.6511,16.66,1854.034,217.158,2056.646,0.0,33.3,34.8,0.27,pos_only_smoothed,35.0,0.04,0x6ea869b0,0.0,0.0,0.0,0.0
386,1788706269.6678,16.66,1854.125,217.158,2056.863,0.0,36.5,35.0,0.28,pos_only_smoothed,34.9,0.06,0x6ea869b0,0.0,0.0,0.0,0.0
387,1788706269.6844,16.66,1854.171,217.157,2056.972,0.0,34.5,34.9,0.08,pos_only_smoothed,34.9,0.05,0x6ea869b0,0.0,0.0,0.0,0.0
388,1788706269.7011,16.67,1854.262,217.157,2057.191,0.0,37.5,35.4,0.41,pos_only_smoothed,35.1,0.13,0x6ea869b0,0.0,0.0,0.0,0.0
389,1788706269.7178,16.66,1854.308,217.157,2057.300,0.0,35.4,35.4,0.00,pos_only_smoothed,35.3,0.18,0x6ea869b0,0.0,0.0,0.0,0.0
390,1788706269.7344,16.67,1854.399,217.157,2057.519,0.0,38.2,35.8,0.46,pos_only_smoothed,35.5,0.22,0x6ea869b0,0.0,0.0,0.0,0.0
391,1788706269.7511,16.67,1854.445,217.157,2057.628,0.0,36.0,35.8,0.02,pos_only_smoothed,35.7,0.24,0x6ea869b0,0.0,0.0,0.0,0.0
392,1788706269.7678,16.66,1854.491,217.157,2057.737,0.0,34.1,35.6,0.28,pos_only_smoothed,35.8,0.06,0x6ea869b0,0.0,0.0,0.0,0.0
393,1788706269.7844,16.66,1854.582,217.157,2057.955,0.0,37.2,35.8,0.26,pos_only_smoothed,35.7,0.07,0x6ea869b0,0.0,0.0,0.0,0.0
394,1788706269.8011,16.66,1854.628,217.157,2058.064,0.0,35.1,35.7,0.12,pos_only_smoothed,35.7,0.03,0x6ea869b0,0.0,0.0,0.0,0.0
395,1788706269.8178,16.67,1854.719,217.157,2058.281,0.0,37.9,36.0,0.35,pos_only_smoothed,35.8,0.09,0x6ea869b0,0.0,0.0,0.0,0.0
396,1788706269.8344,16.66,1854.764,217.157,2058.390,0.0,35.7,36.0,0.06,pos_only_smoothed,35.9,0.13,0x6ea869b0,0.0,0.0,0.0,0.0
397,1788706269.8511,16.67,1854.810,217.158,2058.500,0.0,33.9,35.6,0.34,pos_only_smoothed,35.9,0.03,0x6ea869b0,0.0,0.0,0.0,0.0
398,1788706269.8678,16.67,1854.901,217.158,2058.718,0.0,36.9,35.9,0.21,pos_only_smoothed,35.8,0.13,0x6ea869b0,0.0,0.0,0.0,0.0
399,1788706269.8844,16.66,1854.947,217.159,2058.827,0.0,34.9,35.7,0.15,pos_only_smoothed,35.8,0.02,0x6ea869b0,0.0,0.0,0.0,0.0
400,1788706269.9011,16.66,1855.038,217.159,2059.045,0.0,37.8,36.0,0.33,pos_only_smoothed,35.8,0.06,0x6ea869b0,0.0,0.0,0.0,0.0
401,1788706269.9177,16.66,1855.084,217.160,2059.155,0.0,35.6,36.0,0.06,pos_only_smoothed,35.9,0.11,0x6ea869b0,0.0,0.0,0.0,0.0
402,1788706269.9344,16.67,1855.176,217.161,2059.374,0.0,38.4,36.4,0.40,pos_only_smoothed,36.1,0.15,0x6ea869b0,0.0,0.0,0.0,0.0
403,1788706269.9511,16.66,1855.222,217.161,2059.484,0.0,36.2,36.3,0.03,pos_only_smoothed,36.3,0.17,0x6ea869b0,0.0,0.0,0.0,0.0
404,1788706269.9677,16.66,1855.268,217.162,2059.594,0.0,34.3,36.0,0.33,pos_only_smoothed,36.3,0.00,0x6ea869b0,0.0,0.0,0.0,0.0
405,1788706269.9844,16.66,1855.360,217.162,2059.814,0.0,37.4,36.2,0.22,pos_only_smoothed,36.1,0.12,0x6ea869b0,0.0,0.0,0.0,0.0
406,1788706270.0011,16.66,1855.406,217.163,2059.924,0.0,35.3,36.1,0.15,pos_only_smoothed,36.1,0.01,0x6ea869b0,0.0,0.0,0.0,0.0
407,1788706270.0177,16.67,1855.499,217.163,2060.146,0.0,38.3,36.4,0.36,pos_only_smoothed,36.2,0.07,0x6ea869b0,0.0,0.0,0.0,0.0
408,1788706270.0344,16.66,1855.545,217.164,2060.256,0.0,36.1,36.4,0.06,pos_only_smoothed,36.3,0.13,0x6ea869b0,0.0,0.0,0.0,0.0
409,1788706270.0511,16.66,1855.591,217.164,2060.367,0.0,34.2,36.0,0.34,pos_only_smoothed,36.3,0.03,0x6ea869b0,0.0,0.0,0.0,0.0
410,1788706270.0677,16.66,1855.684,217.164,2060.589,0.0,37.5,36.3,0.23,pos_only_smoothed,36.2,0.13,0x6ea869b0,0.0,0.0,0.0,0.0
411,1788706270.0844,16.66,1855.730,217.164,2060.700,0.0,35.4,36.1,0.14,pos_only_smoothed,36.2,0.01,0x6ea869b0,0.0,0.0,0.0,0.0
412,1788706270.1011,16.66,1855.824,217.164,2060.922,0.0,38.4,36.5,0.36,pos_only_smoothed,36.2,0.08,0x6ea869b0,0.0,0.0,0.0,0.0
413,1788706270.1177,16.66,1855.870,217.164,2061.034,0.0,36.2,36.4,0.05,pos_only_smoothed,36.4,0.13,0x6ea869b0,0.0,0.0,0.0,0.0
414,1788706270.1344,16.67,1855.964,217.164,2061.257,0.0,39.1,36.9,0.42,pos_only_smoothed,36.5,0.17,0x6ea869b0,0.0,0.0,0.0,0.0
415,1788706270.1510,16.66,1856.010,217.164,2061.369,0.0,36.8,36.8,0.02,pos_only_smoothed,36.7,0.20,0x6ea869b0,0.0,0.0,0.0,0.0
416,1788706270.1677,16.66,1856.057,217.164,2061.481,0.0,34.9,36.5,0.32,pos_only_smoothed,36.8,0.02,0x6ea869b0,0.0,0.0,0.0,0.0
417,1788706270.1844,16.66,1856.151,217.163,2061.705,0.0,38.0,36.8,0.24,pos_only_smoothed,36.7,0.10,0x6ea869b0,0.0,0.0,0.0,0.0
418,1788706270.2010,16.66,1856.198,217.163,2061.818,0.0,35.9,36.6,0.13,pos_only_smoothed,36.7,0.01,0x6ea869b0,0.0,0.0,0.0,0.0
419,1788706270.2177,16.66,1856.292,217.162,2062.042,0.0,38.9,37.0,0.36,pos_only_smoothed,36.8,0.09,0x6ea869b0,0.0,0.0,0.0,0.0
420,1788706270.2344,16.66,1856.340,217.162,2062.155,0.0,36.7,36.9,0.05,pos_only_smoothed,36.9,0.14,0x6ea869b0,0.0,0.0,0.0,0.0
421,1788706270.2510,16.66,1856.387,217.162,2062.268,0.0,34.8,36.6,0.34,pos_only_smoothed,36.9,0.02,0x6ea869b0,0.0,0.0,0.0,0.0
422,1788706270.2677,16.66,1856.481,217.161,2062.494,0.0,38.1,36.8,0.23,pos_only_smoothed,36.7,0.12,0x6ea869b0,0.0,0.0,0.0,0.0
423,1788706270.2843,16.66,1856.529,217.161,2062.607,0.0,36.0,36.7,0.13,pos_only_smoothed,36.7,0.00,0x6ea869b0,0.0,0.0,0.0,0.0
424,1788706270.3010,16.67,1856.624,217.161,2062.834,0.0,39.1,37.1,0.38,pos_only_smoothed,36.8,0.09,0x6ea869b0,0.0,0.0,0.0,0.0
425,1788706270.3177,16.66,1856.671,217.161,2062.948,0.0,36.8,37.0,0.04,pos_only_smoothed,37.0,0.15,0x6ea869b0,0.0,0.0,0.0,0.0
426,1788706270.3344,16.67,1856.766,217.160,2063.176,0.0,39.8,37.5,0.44,pos_only_smoothed,37.2,0.18,0x6ea869b0,0.0,0.0,0.0,0.0
427,1788706270.3510,16.67,1856.814,217.160,2063.290,0.0,37.4,37.5,0.00,pos_only_smoothed,37.4,0.21,0x6ea869b0,0.0,0.0,0.0,0.0
428,1788706270.3677,16.66,1856.862,217.160,2063.404,0.0,35.5,37.2,0.31,pos_only_smoothed,37.4,0.03,0x6ea869b0,0.0,0.0,0.0,0.0
429,1788706270.3843,16.67,1856.958,217.161,2063.633,0.0,38.8,37.4,0.26,pos_only_smoothed,37.3,0.09,0x6ea869b0,0.0,0.0,0.0,0.0
430,1788706270.4010,16.66,1857.006,217.161,2063.747,0.0,36.6,37.3,0.13,pos_only_smoothed,37.3,0.02,0x6ea869b0,0.0,0.0,0.0,0.0
431,1788706270.4177,16.66,1857.102,217.161,2063.977,0.0,39.7,37.7,0.38,pos_only_smoothed,37.4,0.10,0x6ea869b0,0.0,0.0,0.0,0.0
432,1788706270.4343,16.66,1857.150,217.161,2064.092,0.0,37.4,37.6,0.04,pos_only_smoothed,37.6,0.15,0x6ea869b0,0.0,0.0,0.0,0.0
433,1788706270.4510,16.66,1857.198,217.162,2064.207,0.0,35.5,37.3,0.34,pos_only_smoothed,37.6,0.01,0x6ea869b0,0.0,0.0,0.0,0.0
434,1788706270.4677,16.67,1857.295,217.162,2064.438,0.0,38.8,37.5,0.25,pos_only_smoothed,37.4,0.12,0x6ea869b0,0.0,0.0,0.0,0.0
435,1788706270.4843,16.66,1857.343,217.163,2064.554,0.0,36.8,37.4,0.13,pos_only_smoothed,37.5,0.01,0x6ea869b0,0.0,0.0,0.0,0.0
436,1788706270.5010,16.66,1857.440,217.164,2064.786,0.0,39.9,37.8,0.40,pos_only_smoothed,37.6,0.10,0x6ea869b0,0.0,0.0,0.0,0.0
437,1788706270.5177,16.66,1857.489,217.165,2064.902,0.0,37.6,37.8,0.03,pos_only_smoothed,37.7,0.16,0x6ea869b0,0.0,0.0,0.0,0.0
438,1788706270.5343,16.66,1857.586,217.166,2065.135,0.0,40.7,38.2,0.46,pos_only_smoothed,37.9,0.20,0x6ea869b0,0.0,0.0,0.0,0.0
439,1788706270.5510,16.66,1857.635,217.167,2065.251,0.0,38.2,38.2,0.00,pos_only_smoothed,38.1,0.22,0x6ea869b0,0.0,0.0,0.0,0.0
440,1788706270.5676,16.66,1857.684,217.167,2065.368,0.0,36.3,37.9,0.31,pos_only_smoothed,38.2,0.04,0x6ea869b0,0.0,0.0,0.0,0.0
441,1788706270.5843,16.66,1857.782,217.169,2065.602,0.0,39.6,38.2,0.27,pos_only_smoothed,38.1,0.09,0x6ea869b0,0.0,0.0,0.0,0.0
442,1788706270.6010,16.66,1857.831,217.169,2065.719,0.0,37.4,38.1,0.13,pos_only_smoothed,38.1,0.03,0x6ea869b0,0.0,0.0,0.0,0.0
443,1788706270.6176,16.66,1857.929,217.171,2065.953,0.0,40.6,38.5,0.40,pos_only_smoothed,38.2,0.10,0x6ea869b0,0.0,0.0,0.0,0.0
444,1788706270.6343,16.66,1857.978,217.172,2066.071,0.0,38.2,38.4,0.04,pos_only_smoothed,38.4,0.16,0x6ea869b0,0.0,0.0,0.0,0.0
445,1788706270.6510,16.66,1858.027,217.172,2066.189,0.0,36.3,38.1,0.34,pos_only_smoothed,38.4,0.00,0x6ea869b0,0.0,0.0,0.0,0.0
446,1788706270.6676,16.66,1858.126,217.174,2066.424,0.0,39.7,38.4,0.26,pos_only_smoothed,38.3,0.12,0x6ea869b0,0.0,0.0,0.0,0.0
447,1788706270.6843,16.66,1858.175,217.174,2066.542,0.0,37.5,38.2,0.13,pos_only_smoothed,38.3,0.01,0x6ea869b0,0.0,0.0,0.0,0.0
448,1788706270.7010,16.66,1858.274,217.175,2066.777,0.0,40.7,38.6,0.39,pos_only_smoothed,38.4,0.10,0x6ea869b0,0.0,0.0,0.0,0.0
449,1788706270.7176,16.66,1858.323,217.176,2066.895,0.0,38.3,38.6,0.04,pos_only_smoothed,38.5,0.15,0x6ea869b0,0.0,0.0,0.0,0.0
450,1788706270.7343,16.66,1858.422,217.177,2067.132,0.0,41.4,39.0,0.45,pos_only_smoothed,38.7,0.19,0x6ea869b0,0.0,0.0,0.0,0.0
451,1788706270.7509,16.66,1858.471,217.177,2067.250,0.0,38.9,39.0,0.01,pos_only_smoothed,38.9,0.21,0x6ea869b0,0.0,0.0,0.0,0.0
452,1788706270.7676,16.66,1858.521,217.178,2067.368,0.0,36.9,38.7,0.34,pos_only_smoothed,38.9,0.02,0x6ea869b0,0.0,0.0,0.0,0.0
453,1788706270.7843,16.66,1858.620,217.179,2067.605,0.0,40.2,38.9,0.25,pos_only_smoothed,38.8,0.11,0x6ea869b0,0.0,0.0,0.0,0.0
454,1788706270.8009,16.66,1858.669,217.179,2067.724,0.0,38.0,38.8,0.15,pos_only_smoothed,38.8,0.00,0x6ea869b0,0.0,0.0,0.0,0.0
455,1788706270.8176,16.66,1858.769,217.180,2067.961,0.0,41.1,39.2,0.38,pos_only_smoothed,38.9,0.08,0x6ea869b0,0.0,0.0,0.0,0.0
456,1788706270.8343,16.66,1858.818,217.180,2068.080,0.0,38.7,39.1,0.07,pos_only_smoothed,39.0,0.14,0x6ea869b0,0.0,0.0,0.0,0.0
457,1788706270.8509,16.66,1858.868,217.180,2068.198,0.0,36.8,38.7,0.37,pos_only_smoothed,39.0,0.03,0x6ea869b0,0.0,0.0,0.0,0.0
458,1788706270.8676,16.66,1858.968,217.181,2068.436,0.0,40.2,38.9,0.23,pos_only_smoothed,38.9,0.14,0x6ea869b0,0.0,0.0,0.0,0.0
459,1788706270.8842,16.66,1859.017,217.181,2068.555,0.0,38.0,38.8,0.16,pos_only_smoothed,38.9,0.02,0x6ea869b0,0.0,0.0,0.0,0.0
460,1788706270.9009,16.67,1859.117,217.181,2068.794,0.0,41.2,39.2,0.38,pos_only_smoothed,38.9,0.07,0x6ea869b0,0.0,0.0,0.0,0.0
461,1788706270.9176,16.66,1859.167,217.181,2068.913,0.0,38.8,39.1,0.06,pos_only_smoothed,39.1,0.14,0x6ea869b0,0.0,0.0,0.0,0.0
462,1788706270.9342,16.66,1859.267,217.180,2069.152,0.0,41.9,39.6,0.45,pos_only_smoothed,39.2,0.18,0x6ea869b0,0.0,0.0,0.0,0.0
463,1788706270.9509,16.66,1859.317,217.180,2069.272,0.0,39.4,39.5,0.02,pos_only_smoothed,39.4,0.20,0x6ea869b0,0.0,0.0,0.0,0.0
464,1788706270.9676,16.66,1859.367,217.180,2069.392,0.0,37.4,39.2,0.35,pos_only_smoothed,39.5,0.01,0x6ea869b0,0.0,0.0,0.0,0.0
465,1788706270.9842,16.62,1859.468,217.179,2069.632,0.0,40.8,39.4,0.26,pos_only_smoothed,39.3,0.12,0x6ea869b0,0.0,0.0,0.0,0.0
466,1788706271.0008,16.66,1859.518,217.178,2069.752,0.0,38.5,39.3,0.15,pos_only_smoothed,39.3,0.01,0x6ea869b0,0.0,0.0,0.0,0.0
467,1788706271.0175,16.65,1859.619,217.177,2069.992,0.0,41.7,39.7,0.38,pos_only_smoothed,39.4,0.09,0x6ea869b0,0.0,0.0,0.0,0.0
468,1788706271.0342,16.66,1859.669,217.176,2070.113,0.0,39.3,39.6,0.07,pos_only_smoothed,39.6,0.14,0x6ea869b0,0.0,0.0,0.0,0.0
469,1788706271.0508,16.66,1859.720,217.175,2070.234,0.0,37.3,39.3,0.37,pos_only_smoothed,39.5,0.03,0x6ea869b0,0.0,0.0,0.0,0.0
470,1788706271.0675,16.66,1859.821,217.173,2070.476,0.0,40.8,39.5,0.25,pos_only_smoothed,39.4,0.14,0x6ea869b0,0.0,0.0,0.0,0.0
471,1788706271.0842,16.66,1859.872,217.173,2070.598,0.0,38.6,39.3,0.15,pos_only_smoothed,39.4,0.01,0x6ea869b0,0.0,0.0,0.0,0.0
472,1788706271.1008,16.67,1859.974,217.171,2070.841,0.0,41.9,39.8,0.41,pos_only_smoothed,39.5,0.09,0x6ea869b0,0.0,0.0,0.0,0.0
473,1788706271.1175,16.66,1860.025,217.170,2070.963,0.0,39.5,39.7,0.04,pos_only_smoothed,39.6,0.16,0x6ea869b0,0.0,0.0,0.0,0.0
474,1788706271.1342,16.67,1860.127,217.168,2071.208,0.0,42.7,40.2,0.48,pos_only_smoothed,39.8,0.20,0x6ea869b0,0.0,0.0,0.0,0.0
475,1788706271.1508,16.66,1860.178,217.167,2071.330,0.0,40.2,40.2,0.00,pos_only_smoothed,40.1,0.23,0x6ea869b0,0.0,0.0,0.0,0.0
476,1788706271.1675,16.66,1860.230,217.166,2071.452,0.0,38.1,39.9,0.34,pos_only_smoothed,40.1,0.03,0x6ea869b0,0.0,0.0,0.0,0.0
477,1788706271.1841,16.66,1860.333,217.164,2071.698,0.0,41.6,40.1,0.29,pos_only_smoothed,40.0,0.10,0x6ea869b0,0.0,0.0,0.0,0.0
478,1788706271.2008,16.66,1860.384,217.163,2071.822,0.0,39.3,40.0,0.13,pos_only_smoothed,40.0,0.03,0x6ea869b0,0.0,0.0,0.0,0.0
479,1788706271.2175,16.67,1860.488,217.161,2072.069,0.0,42.7,40.4,0.42,pos_only_smoothed,40.2,0.11,0x6ea869b0,0.0,0.0,0.0,0.0
480,1788706271.2341,16.66,1860.539,217.161,2072.193,0.0,40.2,40.4,0.04,pos_only_smoothed,40.3,0.17,0x6ea869b0,0.0,0.0,0.0,0.0
481,1788706271.2508,16.66,1860.591,217.160,2072.316,0.0,38.2,40.0,0.36,pos_only_smoothed,40.3,0.00,0x6ea869b0,0.0,0.0,0.0,0.0
482,1788706271.2675,16.66,1860.695,217.159,2072.565,0.0,41.8,40.3,0.28,pos_only_smoothed,40.2,0.12,0x6ea869b0,0.0,0.0,0.0,0.0
483,1788706271.2841,16.66,1860.747,217.158,2072.690,0.0,39.5,40.2,0.13,pos_only_smoothed,40.2,0.02,0x6ea869b0,0.0,0.0,0.0,0.0
484,1788706271.3008,16.67,1860.852,217.157,2072.939,0.0,42.9,40.6,0.43,pos_only_smoothed,40.3,0.11,0x6ea869b0,0.0,0.0,0.0,0.0
485,1788706271.3175,16.66,1860.904,217.157,2073.064,0.0,40.4,40.6,0.03,pos_only_smoothed,40.5,0.18,0x6ea869b0,0.0,0.0,0.0,0.0
486,1788706271.3341,16.67,1861.009,217.156,2073.314,0.0,43.7,41.1,0.50,pos_only_smoothed,40.7,0.22,0x6ea869b0,0.0,0.0,0.0,0.0
487,1788706271.3508,16.67,1861.062,217.156,2073.440,0.0,41.2,41.1,0.01,pos_only_smoothed,41.0,0.25,0x6ea869b0,0.0,0.0,0.0,0.0
488,1788706271.3675,16.66,1861.114,217.156,2073.566,0.0,39.0,40.8,0.33,pos_only_smoothed,41.0,0.05,0x6ea869b0,0.0,0.0,0.0,0.0
489,1788706271.3841,16.67,1861.219,217.156,2073.817,0.0,42.6,41.1,0.30,pos_only_smoothed,40.9,0.09,0x6ea869b0,0.0,0.0,0.0,0.0
490,1788706271.4008,16.67,1861.272,217.156,2073.944,0.0,40.3,41.0,0.12,pos_only_smoothed,41.0,0.04,0x6ea869b0,0.0,0.0,0.0,0.0
491,1788706271.4175,16.66,1861.378,217.156,2074.195,0.0,43.6,41.4,0.43,pos_only_smoothed,41.1,0.12,0x6ea869b0,0.0,0.0,0.0,0.0
492,1788706271.4341,16.67,1861.431,217.156,2074.322,0.0,41.1,41.3,0.04,pos_only_smoothed,41.3,0.17,0x6ea869b0,0.0,0.0,0.0,0.0
493,1788706271.4508,16.66,1861.484,217.156,2074.448,0.0,39.0,41.0,0.37,pos_only_smoothed,41.3,0.00,0x6ea869b0,0.0,0.0,0.0,0.0
494,1788706271.4674,16.66,1861.589,217.157,2074.701,0.0,42.7,41.3,0.28,pos_only_smoothed,41.1,0.12,0x6ea869b0,0.0,0.0,0.0,0.0
495,1788706271.4841,16.67,1861.643,217.158,2074.828,0.0,40.4,41.1,0.14,pos_only_smoothed,41.1,0.01,0x6ea869b0,0.0,0.0,0.0,0.0
496,1788706271.5008,16.67,1861.749,217.159,2075.081,0.0,43.8,41.5,0.42,pos_only_smoothed,41.3,0.10,0x6ea869b0,0.0,0.0,0.0,0.0
497,1788706271.5174,16.66,1861.802,217.160,2075.208,0.0,41.2,41.5,0.05,pos_only_smoothed,41.4,0.16,0x6ea869b0,0.0,0.0,0.0,0.0
498,1788706271.5341,16.67,1861.855,217.161,2075.335,0.0,39.2,41.1,0.37,pos_only_smoothed,41.4,0.01,0x6ea869b0,0.0,0.0,0.0,0.0
499,1788706271.5508,16.66,1861.961,217.162,2075.589,0.0,42.8,41.4,0.27,pos_only_smoothed,41.3,0.13,0x6ea869b0,0.0,0.0,0.0,0.0
500,1788706271.5674,16.66,1862.015,217.163,2075.717,0.0,40.5,41.2,0.14,pos_only_smoothed,41.3,0.01,0x6ea869b0,0.0,0.0,0.0,0.0
501,1788706271.5841,16.67,1862.121,217.165,2075.971,0.0,43.9,41.7,0.42,pos_only_smoothed,41.4,0.10,0x6ea869b0,0.0,0.0,0.0,0.0
502,1788706271.6008,16.66,1862.174,217.167,2076.098,0.0,41.3,41.6,0.05,pos_only_smoothed,41.6,0.16,0x6ea869b0,0.0,0.0,0.0,0.0
503,1788706271.6174,16.67,1862.281,217.169,2076.353,0.0,44.7,42.1,0.49,pos_only_smoothed,41.8,0.20,0x6ea869b0,0.0,0.0,0.0,0.0
504,1788706271.6341,16.66,1862.335,217.170,2076.481,0.0,42.0,42.1,0.01,pos_only_smoothed,42.0,0.23,0x6ea869b0,0.0,0.0,0.0,0.0
505,1788706271.6508,16.66,1862.388,217.171,2076.609,0.0,39.8,41.7,0.36,pos_only_smoothed,42.0,0.03,0x6ea869b0,0.0,0.0,0.0,0.0
506,1788706271.6674,16.67,1862.495,217.173,2076.864,0.0,43.5,42.0,0.28,pos_only_smoothed,41.9,0.11,0x6ea869b0,0.0,0.0,0.0,0.0
507,1788706271.6841,16.62,1862.548,217.173,2076.992,0.0,41.0,41.9,0.16,pos_only_smoothed,41.9,0.01,0x6ea869b0,0.0,0.0,0.0,0.0
508,1788706271.7007,16.67,1862.656,217.175,2077.248,0.0,44.5,42.3,0.42,pos_only_smoothed,42.0,0.09,0x6ea869b0,0.0,0.0,0.0,0.0
509,1788706271.7174,16.66,1862.709,217.176,2077.376,0.0,41.9,42.2,0.07,pos_only_smoothed,42.2,0.15,0x6ea869b0,0.0,0.0,0.0,0.0
510,1788706271.7340,16.66,1862.763,217.176,2077.505,0.0,39.8,41.8,0.39,pos_only_smoothed,42.1,0.03,0x6ea869b0,0.0,0.0,0.0,0.0
511,1788706271.7507,16.66,1862.871,217.177,2077.761,0.0,43.4,42.1,0.25,pos_only_smoothed,42.0,0.15,0x6ea869b0,0.0,0.0,0.0,0.0
512,1788706271.7674,16.65,1862.924,217.177,2077.890,0.0,41.0,41.9,0.17,pos_only_smoothed,42.0,0.01,0x6ea869b0,0.0,0.0,0.0,0.0
513,1788706271.7840,16.66,1863.032,217.178,2078.147,0.0,44.5,42.3,0.42,pos_only_smoothed,42.0,0.08,0x6ea869b0,0.0,0.0,0.0,0.0
514,1788706271.8007,16.66,1863.086,217.178,2078.276,0.0,41.9,42.3,0.06,pos_only_smoothed,42.2,0.15,0x6ea869b0,0.0,0.0,0.0,0.0
515,1788706271.8174,16.68,1863.194,217.178,2078.534,0.0,45.2,42.7,0.48,pos_only_smoothed,42.4,0.19,0x6ea869b0,0.0,0.0,0.0,0.0
516,1788706271.8340,16.66,1863.248,217.178,2078.663,0.0,42.5,42.7,0.03,pos_only_smoothed,42.6,0.21,0x6ea869b0,0.0,0.0,0.0,0.0
517,1788706271.8507,16.66,1863.302,217.177,2078.792,0.0,40.3,42.3,0.38,pos_only_smoothed,42.6,0.01,0x6ea869b0,0.0,0.0,0.0,0.0
518,1788706271.8674,16.66,1863.411,217.176,2079.052,0.0,44.0,42.6,0.27,pos_only_smoothed,42.5,0.13,0x6ea869b0,0.0,0.0,0.0,0.0
519,1788706271.8840,16.66,1863.465,217.176,2079.181,0.0,41.5,42.4,0.17,pos_only_smoothed,42.5,0.00,0x6ea869b0,0.0,0.0,0.0,0.0
520,1788706271.9007,16.66,1863.573,217.174,2079.441,0.0,45.0,42.8,0.41,pos_only_smoothed,42.6,0.09,0x6ea869b0,0.0,0.0,0.0,0.0
521,1788706271.9173,16.66,1863.628,217.173,2079.571,0.0,42.4,42.8,0.07,pos_only_smoothed,42.7,0.15,0x6ea869b0,0.0,0.0,0.0,0.0
522,1788706271.9340,16.66,1863.683,217.172,2079.701,0.0,40.2,42.4,0.40,pos_only_smoothed,42.7,0.03,0x6ea869b0,0.0,0.0,0.0,0.0
523,1788706271.9507,16.66,1863.792,217.170,2079.962,0.0,44.0,42.6,0.26,pos_only_smoothed,42.5,0.15,0x6ea869b0,0.0,0.0,0.0,0.0
524,1788706271.9673,16.66,1863.847,217.169,2080.093,0.0,41.6,42.5,0.16,pos_only_smoothed,42.5,0.01,0x6ea869b0,0.0,0.0,0.0,0.0
525,1788706271.9840,16.66,1863.956,217.167,2080.355,0.0,45.1,42.9,0.43,pos_only_smoothed,42.6,0.09,0x6ea869b0,0.0,0.0,0.0,0.0
526,1788706272.0007,16.67,1864.011,217.166,2080.486,0.0,42.5,42.8,0.06,pos_only_smoothed,42.8,0.16,0x6ea869b0,0.0,0.0,0.0,0.0
527,1788706272.0173,16.67,1864.121,217.164,2080.749,0.0,46.0,43.3,0.51,pos_only_smoothed,43.0,0.20,0x6ea869b0,0.0,0.0,0.0,0.0
528,1788706272.0340,16.66,1864.177,217.163,2080.881,0.0,43.3,43.3,0.01,pos_only_smoothed,43.2,0.24,0x6ea869b0,0.0,0.0,0.0,0.0
529,1788706272.0507,16.66,1864.232,217.162,2081.013,0.0,41.0,43.0,0.37,pos_only_smoothed,43.2,0.03,0x6ea869b0,0.0,0.0,0.0,0.0
530,1788706272.0673,16.66,1864.343,217.161,2081.278,0.0,44.9,43.3,0.31,pos_only_smoothed,43.1,0.11,0x6ea869b0,0.0,0.0,0.0,0.0
531,1788706272.0840,16.66,1864.398,217.160,2081.410,0.0,42.3,43.1,0.15,pos_only_smoothed,43.1,0.02,0x6ea869b0,0.0,0.0,0.0,0.0
532,1788706272.1007,16.66,1864.510,217.159,2081.677,0.0,46.0,43.6,0.45,pos_only_smoothed,43.3,0.12,0x6ea869b0,0.0,0.0,0.0,0.0
533,1788706272.1173,16.66,1864.565,217.158,2081.810,0.0,43.3,43.5,0.04,pos_only_smoothed,43.4,0.18,0x6ea869b0,0.0,0.0,0.0,0.0
534,1788706272.1340,16.66,1864.621,217.158,2081.943,0.0,41.1,43.1,0.39,pos_only_smoothed,43.4,0.00,0x6ea869b0,0.0,0.0,0.0,0.0
535,1788706272.1506,16.67,1864.733,217.158,2082.210,0.0,45.0,43.4,0.30,pos_only_smoothed,43.3,0.13,0x6ea869b0,0.0,0.0,0.0,0.0
536,1788706272.1673,16.66,1864.789,217.157,2082.344,0.0,42.5,43.3,0.14,pos_only_smoothed,43.3,0.02,0x6ea869b0,0.0,0.0,0.0,0.0
537,1788706272.1840,16.66,1864.902,217.157,2082.613,0.0,46.2,43.8,0.47,pos_only_smoothed,43.4,0.12,0x6ea869b0,0.0,0.0,0.0,0.0
538,1788706272.2006,16.66,1864.958,217.157,2082.747,0.0,43.6,43.7,0.03,pos_only_smoothed,43.6,0.19,0x6ea869b0,0.0,0.0,0.0,0.0
539,1788706272.2173,16.68,1865.071,217.156,2083.016,0.0,47.0,44.3,0.53,pos_only_smoothed,43.9,0.23,0x6ea869b0,0.0,0.0,0.0,0.0
540,1788706272.2340,16.66,1865.127,217.156,2083.151,0.0,44.2,44.3,0.00,pos_only_smoothed,44.1,0.26,0x6ea869b0,0.0,0.0,0.0,0.0
541,1788706272.2506,16.66,1865.183,217.156,2083.286,0.0,42.0,43.9,0.36,pos_only_smoothed,44.2,0.04,0x6ea869b0,0.0,0.0,0.0,0.0
542,1788706272.2673,16.66,1865.297,217.156,2083.556,0.0,45.8,44.2,0.31,pos_only_smoothed,44.1,0.11,0x6ea869b0,0.0,0.0,0.0,0.0
543,1788706272.2840,16.66,1865.353,217.156,2083.691,0.0,43.2,44.0,0.16,pos_only_smoothed,44.1,0.02,0x6ea869b0,0.0,0.0,0.0,0.0
544,1788706272.3006,16.66,1865.467,217.155,2083.962,0.0,46.9,44.5,0.46,pos_only_smoothed,44.2,0.11,0x6ea869b0,0.0,0.0,0.0,0.0
545,1788706272.3173,16.66,1865.523,217.155,2084.098,0.0,44.2,44.5,0.05,pos_only_smoothed,44.4,0.18,0x6ea869b0,0.0,0.0,0.0,0.0
546,1788706272.3340,16.66,1865.580,217.155,2084.233,0.0,41.9,44.0,0.41,pos_only_smoothed,44.4,0.01,0x6ea869b0,0.0,0.0,0.0,0.0
547,1788706272.3506,16.66,1865.694,217.155,2084.505,0.0,45.9,44.3,0.29,pos_only_smoothed,44.2,0.14,0x6ea869b0,0.0,0.0,0.0,0.0
548,1788706272.3673,16.66,1865.751,217.155,2084.641,0.0,43.3,44.2,0.16,pos_only_smoothed,44.2,0.01,0x6ea869b0,0.0,0.0,0.0,0.0
549,1788706272.3839,16.67,1865.865,217.155,2084.912,0.0,47.0,44.6,0.45,pos_only_smoothed,44.3,0.11,0x6ea869b0,0.0,0.0,0.0,0.0
550,1788706272.4006,16.66,1865.922,217.155,2085.049,0.0,44.3,44.6,0.05,pos_only_smoothed,44.5,0.17,0x6ea869b0,0.0,0.0,0.0,0.0
551,1788706272.4173,16.67,1866.036,217.155,2085.321,0.0,47.8,45.1,0.51,pos_only_smoothed,44.7,0.22,0x6ea869b0,0.0,0.0,0.0,0.0
552,1788706272.4339,16.66,1866.093,217.156,2085.457,0.0,44.9,45.1,0.03,pos_only_smoothed,45.0,0.24,0x6ea869b0,0.0,0.0,0.0,0.0
553,1788706272.4506,16.66,1866.150,217.156,2085.594,0.0,42.6,44.7,0.39,pos_only_smoothed,45.0,0.02,0x6ea869b0,0.0,0.0,0.0,0.0
554,1788706272.4673,16.66,1866.264,217.156,2085.866,0.0,46.4,44.9,0.27,pos_only_smoothed,44.8,0.14,0x6ea869b0,0.0,0.0,0.0,0.0
555,1788706272.4839,16.66,1866.321,217.157,2086.003,0.0,43.8,44.8,0.18,pos_only_smoothed,44.8,0.01,0x6ea869b0,0.0,0.0,0.0,0.0
556,1788706272.5006,16.66,1866.436,217.158,2086.277,0.0,47.5,45.2,0.43,pos_only_smoothed,44.9,0.09,0x6ea869b0,0.0,0.0,0.0,0.0
557,1788706272.5173,16.66,1866.493,217.158,2086.413,0.0,44.6,45.1,0.09,pos_only_smoothed,45.1,0.15,0x6ea869b0,0.0,0.0,0.0,0.0
558,1788706272.5339,16.66,1866.550,217.158,2086.550,0.0,42.4,44.7,0.43,pos_only_smoothed,45.0,0.05,0x6ea869b0,0.0,0.0,0.0,0.0
559,1788706272.5506,16.66,1866.665,217.159,2086.825,0.0,46.3,44.9,0.27,pos_only_smoothed,44.9,0.17,0x6ea869b0,0.0,0.0,0.0,0.0
560,1788706272.5672,16.66,1866.723,217.159,2086.962,0.0,43.8,44.8,0.18,pos_only_smoothed,44.8,0.02,0x6ea869b0,0.0,0.0,0.0,0.0
561,1788706272.5839,16.66,1866.838,217.159,2087.237,0.0,47.5,45.2,0.44,pos_only_smoothed,44.9,0.08,0x6ea869b0,0.0,0.0,0.0,0.0
562,1788706272.6006,16.67,1866.896,217.159,2087.375,0.0,44.7,45.1,0.07,pos_only_smoothed,45.1,0.15,0x6ea869b0,0.0,0.0,0.0,0.0
563,1788706272.6172,16.67,1867.011,217.159,2087.651,0.0,48.4,45.6,0.52,pos_only_smoothed,45.3,0.20,0x6ea869b0,0.0,0.0,0.0,0.0
564,1788706272.6339,16.66,1867.069,217.158,2087.789,0.0,45.5,45.6,0.03,pos_only_smoothed,45.5,0.23,0x6ea869b0,0.0,0.0,0.0,0.0
565,1788706272.6506,16.66,1867.127,217.158,2087.927,0.0,43.1,45.2,0.40,pos_only_smoothed,45.5,0.01,0x6ea869b0,0.0,0.0,0.0,0.0
566,1788706272.6672,16.66,1867.243,217.158,2088.204,0.0,47.1,45.5,0.30,pos_only_smoothed,45.4,0.14,0x6ea869b0,0.0,0.0,0.0,0.0
567,1788706272.6839,16.66,1867.301,217.157,2088.343,0.0,44.4,45.3,0.17,pos_only_smoothed,45.4,0.00,0x6ea869b0,0.0,0.0,0.0,0.0
568,1788706272.7006,16.66,1867.417,217.156,2088.621,0.0,48.1,45.8,0.45,pos_only_smoothed,45.5,0.10,0x6ea869b0,0.0,0.0,0.0,0.0
569,1788706272.7172,16.62,1867.476,217.156,2088.760,0.0,45.4,45.7,0.07,pos_only_smoothed,45.7,0.16,0x6ea869b0,0.0,0.0,0.0,0.0
570,1788706272.7338,16.67,1867.534,217.156,2088.899,0.0,43.1,45.3,0.42,pos_only_smoothed,45.6,0.03,0x6ea869b0,0.0,0.0,0.0,0.0
571,1788706272.7505,16.66,1867.651,217.155,2089.178,0.0,47.1,45.6,0.28,pos_only_smoothed,45.5,0.16,0x6ea869b0,0.0,0.0,0.0,0.0
572,1788706272.7672,16.67,1867.709,217.155,2089.318,0.0,44.5,45.4,0.18,pos_only_smoothed,45.5,0.01,0x6ea869b0,0.0,0.0,0.0,0.0
573,1788706272.7838,16.66,1867.827,217.154,2089.598,0.0,48.3,45.9,0.47,pos_only_smoothed,45.6,0.10,0x6ea869b0,0.0,0.0,0.0,0.0
574,1788706272.8005,16.66,1867.885,217.154,2089.738,0.0,45.5,45.8,0.06,pos_only_smoothed,45.7,0.18,0x6ea869b0,0.0,0.0,0.0,0.0
575,1788706272.8172,16.67,1868.003,217.154,2090.019,0.0,49.1,46.3,0.53,pos_only_smoothed,46.0,0.22,0x6ea869b0,0.0,0.0,0.0,0.0
576,1788706272.8338,16.66,1868.062,217.154,2090.160,0.0,46.3,46.3,0.01,pos_only_smoothed,46.2,0.25,0x6ea869b0,0.0,0.0,0.0,0.0
577,1788706272.8505,16.67,1868.121,217.154,2090.301,0.0,43.9,45.9,0.39,pos_only_smoothed,46.2,0.03,0x6ea869b0,0.0,0.0,0.0,0.0
578,1788706272.8672,16.67,1868.239,217.155,2090.583,0.0,47.8,46.2,0.30,pos_only_smoothed,46.1,0.12,0x6ea869b0,0.0,0.0,0.0,0.0
579,1788706272.8838,16.66,1868.298,217.155,2090.724,0.0,45.2,46.1,0.17,pos_only_smoothed,46.1,0.01,0x6ea869b0,0.0,0.0,0.0,0.0
580,1788706272.9005,16.66,1868.417,217.156,2091.007,0.0,49.0,46.5,0.46,pos_only_smoothed,46.2,0.11,0x6ea869b0,0.0,0.0,0.0,0.0
581,1788706272.9172,16.67,1868.476,217.156,2091.149,0.0,46.1,46.5,0.07,pos_only_smoothed,46.4,0.17,0x6ea869b0,0.0,0.0,0.0,0.0
582,1788706272.9338,16.66,1868.535,217.156,2091.291,0.0,43.8,46.0,0.42,pos_only_smoothed,46.4,0.02,0x6ea869b0,0.0,0.0,0.0,0.0
583,1788706272.9505,16.66,1868.654,217.157,2091.574,0.0,47.8,46.3,0.29,pos_only_smoothed,46.2,0.16,0x6ea869b0,0.0,0.0,0.0,0.0
584,1788706272.9672,16.66,1868.714,217.158,2091.717,0.0,45.3,46.2,0.17,pos_only_smoothed,46.2,0.00,0x6ea869b0,0.0,0.0,0.0,0.0
585,1788706272.9838,16.66,1868.833,217.159,2092.001,0.0,49.1,46.6,0.47,pos_only_smoothed,46.3,0.10,0x6ea869b0,0.0,0.0,0.0,0.0
586,1788706273.0005,16.66,1868.892,217.159,2092.144,0.0,46.3,46.6,0.06,pos_only_smoothed,46.5,0.18,0x6ea869b0,0.0,0.0,0.0,0.0
587,1788706273.0172,16.66,1869.012,217.160,2092.429,0.0,50.0,47.1,0.54,pos_only_smoothed,46.7,0.23,0x6ea869b0,0.0,0.0,0.0,0.0
588,1788706273.0338,16.66,1869.072,217.160,2092.572,0.0,47.0,47.1,0.02,pos_only_smoothed,47.0,0.25,0x6ea869b0,0.0,0.0,0.0,0.0
589,1788706273.0505,16.66,1869.132,217.160,2092.715,0.0,44.6,46.7,0.41,pos_only_smoothed,47.0,0.03,0x6ea869b0,0.0,0.0,0.0,0.0
590,1788706273.0671,16.66,1869.251,217.161,2093.001,0.0,48.6,47.0,0.31,pos_only_smoothed,46.9,0.13,0x6ea869b0,0.0,0.0,0.0,0.0
591,1788706273.0838,16.66,1869.311,217.161,2093.144,0.0,45.9,46.8,0.18,pos_only_smoothed,46.9,0.01,0x6ea869b0,0.0,0.0,0.0,0.0
592,1788706273.1005,16.66,1869.432,217.162,2093.431,0.0,49.7,47.3,0.46,pos_only_smoothed,47.0,0.11,0x6ea869b0,0.0,0.0,0.0,0.0
593,1788706273.1171,16.66,1869.492,217.162,2093.574,0.0,46.8,47.2,0.07,pos_only_smoothed,47.2,0.17,0x6ea869b0,0.0,0.0,0.0,0.0
594,1788706273.1338,16.66,1869.552,217.162,2093.718,0.0,44.5,46.8,0.44,pos_only_smoothed,47.1,0.03,0x6ea869b0,0.0,0.0,0.0,0.0
595,1788706273.1505,16.66,1869.672,217.162,2094.006,0.0,48.6,47.1,0.28,pos_only_smoothed,47.0,0.17,0x6ea869b0,0.0,0.0,0.0,0.0
596,1788706273.1671,16.66,1869.733,217.163,2094.150,0.0,45.9,46.9,0.18,pos_only_smoothed,46.9,0.01,0x6ea869b0,0.0,0.0,0.0,0.0
597,1788706273.1838,16.66,1869.853,217.163,2094.438,0.0,49.8,47.3,0.46,pos_only_smoothed,47.0,0.10,0x6ea869b0,0.0,0.0,0.0,0.0
598,1788706273.2004,16.66,1869.914,217.163,2094.582,0.0,46.9,47.3,0.07,pos_only_smoothed,47.2,0.17,0x6ea869b0,0.0,0.0,0.0,0.0
599,1788706273.2171,16.66,1870.035,217.164,2094.871,0.0,50.6,47.8,0.54,pos_only_smoothed,47.4,0.21,0x6ea869b0,0.0,0.0,0.0,0.0
600,1788706273.2338,16.66,1870.095,217.164,2095.016,0.0,47.6,47.8,0.03,pos_only_smoothed,47.7,0.24,0x6ea869b0,0.0,0.0,0.0,0.0
601,1788706273.2504,16.66,1870.156,217.165,2095.160,0.0,45.1,47.4,0.42,pos_only_smoothed,47.7,0.01,0x6ea869b0,0.0,0.0,0.0,0.0
602,1788706273.2671,16.66,1870.277,217.165,2095.450,0.0,49.2,47.6,0.30,pos_only_smoothed,47.5,0.15,0x6ea869b0,0.0,0.0,0.0,0.0
603,1788706273.2838,16.66,1870.338,217.165,2095.595,0.0,46.5,47.5,0.19,pos_only_smoothed,47.5,0.01,0x6ea869b0,0.0,0.0,0.0,0.0
604,1788706273.3004,16.67,1870.459,217.165,2095.886,0.0,50.4,47.9,0.47,pos_only_smoothed,47.6,0.10,0x6ea869b0,0.0,0.0,0.0,0.0
605,1788706273.3171,16.66,1870.520,217.165,2096.031,0.0,47.4,47.8,0.08,pos_only_smoothed,47.8,0.17,0x6ea869b0,0.0,0.0,0.0,0.0
606,1788706273.3338,16.66,1870.581,217.165,2096.177,0.0,45.0,47.4,0.45,pos_only_smoothed,47.8,0.04,0x6ea869b0,0.0,0.0,0.0,0.0
607,1788706273.3504,16.66,1870.703,217.165,2096.469,0.0,49.3,47.7,0.30,pos_only_smoothed,47.6,0.17,0x6ea869b0,0.0,0.0,0.0,0.0
608,1788706273.3671,16.66,1870.765,217.164,2096.615,0.0,46.6,47.5,0.18,pos_only_smoothed,47.6,0.01,0x6ea869b0,0.0,0.0,0.0,0.0
609,1788706273.3837,16.65,1870.887,217.164,2096.907,0.0,50.5,48.0,0.48,pos_only_smoothed,47.7,0.11,0x6ea869b0,0.0,0.0,0.0,0.0
610,1788706273.4004,16.66,1870.948,217.163,2097.053,0.0,47.6,47.9,0.07,pos_only_smoothed,47.9,0.18,0x6ea869b0,0.0,0.0,0.0,0.0
611,1788706273.4171,16.66,1871.010,217.163,2097.200,0.0,45.2,47.5,0.44,pos_only_smoothed,47.8,0.02,0x6ea869b0,0.0,0.0,0.0,0.0
612,1788706273.4337,16.66,1871.132,217.162,2097.493,0.0,49.5,47.8,0.31,pos_only_smoothed,47.7,0.16,0x6ea869b0,0.0,0.0,0.0,0.0
613,1788706273.4504,16.66,1871.194,217.162,2097.640,0.0,46.7,47.6,0.17,pos_only_smoothed,47.7,0.01,0x6ea869b0,0.0,0.0,0.0,0.0
614,1788706273.4671,16.66,1871.318,217.161,2097.934,0.0,50.7,48.1,0.49,pos_only_smoothed,47.8,0.12,0x6ea869b0,0.0,0.0,0.0,0.0
615,1788706273.4837,16.66,1871.380,217.160,2098.081,0.0,47.8,48.1,0.05,pos_only_smoothed,48.0,0.19,0x6ea869b0,0.0,0.0,0.0,0.0
616,1788706273.5004,16.67,1871.504,217.159,2098.375,0.0,51.6,48.6,0.56,pos_only_smoothed,48.2,0.24,0x6ea869b0,0.0,0.0,0.0,0.0
617,1788706273.5171,16.66,1871.567,217.159,2098.523,0.0,48.5,48.6,0.02,pos_only_smoothed,48.5,0.26,0x6ea869b0,0.0,0.0,0.0,0.0
618,1788706273.5337,16.67,1871.630,217.158,2098.670,0.0,46.0,48.2,0.41,pos_only_smoothed,48.5,0.03,0x6ea869b0,0.0,0.0,0.0,0.0
619,1788706273.5504,16.66,1871.756,217.158,2098.965,0.0,50.2,48.5,0.32,pos_only_smoothed,48.4,0.13,0x6ea869b0,0.0,0.0,0.0,0.0
620,1788706273.5670,16.66,1871.819,217.157,2099.113,0.0,47.4,48.4,0.17,pos_only_smoothed,48.4,0.01,0x6ea869b0,0.0,0.0,0.0,0.0
621,1788706273.5837,16.67,1871.947,217.157,2099.408,0.0,51.4,48.8,0.48,pos_only_smoothed,48.5,0.11,0x6ea869b0,0.0,0.0,0.0,0.0
622,1788706273.6004,16.66,1872.011,217.156,2099.556,0.0,48.4,48.8,0.07,pos_only_smoothed,48.7,0.18,0x6ea869b0,0.0,0.0,0.0,0.0
623,1788706273.6170,16.66,1872.075,217.156,2099.704,0.0,46.0,48.3,0.45,pos_only_smoothed,48.7,0.03,0x6ea869b0,0.0,0.0,0.0,0.0
624,1788706273.6337,16.66,1872.205,217.156,2100.000,0.0,50.2,48.6,0.31,pos_only_smoothed,48.5,0.16,0x6ea869b0,0.0,0.0,0.0,0.0
625,1788706273.6504,16.66,1872.271,217.156,2100.147,0.0,47.5,48.4,0.19,pos_only_smoothed,48.5,0.01,0x6ea869b0,0.0,0.0,0.0,0.0
626,1788706273.6670,16.67,1872.401,217.156,2100.444,0.0,51.6,48.9,0.50,pos_only_smoothed,48.6,0.11,0x6ea869b0,0.0,0.0,0.0,0.0
627,1788706273.6837,16.66,1872.467,217.156,2100.592,0.0,48.6,48.9,0.06,pos_only_smoothed,48.8,0.19,0x6ea869b0,0.0,0.0,0.0,0.0
628,1788706273.7004,16.67,1872.599,217.156,2100.888,0.0,52.4,49.4,0.56,pos_only_smoothed,49.0,0.24,0x6ea869b0,0.0,0.0,0.0,0.0
629,1788706273.7170,16.66,1872.665,217.156,2101.037,0.0,49.3,49.4,0.02,pos_only_smoothed,49.3,0.26,0x6ea869b0,0.0,0.0,0.0,0.0
630,1788706273.7337,16.67,1872.732,217.156,2101.185,0.0,46.8,49.0,0.43,pos_only_smoothed,49.3,0.02,0x6ea869b0,0.0,0.0,0.0,0.0
631,1788706273.7504,16.66,1872.865,217.156,2101.482,0.0,51.0,49.3,0.31,pos_only_smoothed,49.2,0.14,0x6ea869b0,0.0,0.0,0.0,0.0
632,1788706273.7670,16.66,1872.932,217.156,2101.631,0.0,48.2,49.1,0.18,pos_only_smoothed,49.2,0.00,0x6ea869b0,0.0,0.0,0.0,0.0
633,1788706273.7837,16.66,1873.065,217.156,2101.929,0.0,52.2,49.6,0.48,pos_only_smoothed,49.3,0.11,0x6ea869b0,0.0,0.0,0.0,0.0
634,1788706273.8004,16.66,1873.131,217.156,2102.079,0.0,49.1,49.5,0.08,pos_only_smoothed,49.5,0.18,0x6ea869b0,0.0,0.0,0.0,0.0
635,1788706273.8170,16.67,1873.199,217.156,2102.228,0.0,46.7,49.1,0.46,pos_only_smoothed,49.4,0.03,0x6ea869b0,0.0,0.0,0.0,0.0
636,1788706273.8337,16.66,1873.332,217.156,2102.527,0.0,51.0,49.4,0.30,pos_only_smoothed,49.3,0.17,0x6ea869b0,0.0,0.0,0.0,0.0
637,1788706273.8503,16.66,1873.399,217.156,2102.677,0.0,48.2,49.2,0.19,pos_only_smoothed,49.3,0.01,0x6ea869b0,0.0,0.0,0.0,0.0
638,1788706273.8670,16.66,1873.534,217.156,2102.977,0.0,52.3,49.7,0.50,pos_only_smoothed,49.4,0.11,0x6ea869b0,0.0,0.0,0.0,0.0
639,1788706273.8837,16.66,1873.601,217.156,2103.127,0.0,49.3,49.6,0.07,pos_only_smoothed,49.6,0.18,0x6ea869b0,0.0,0.0,0.0,0.0
640,1788706273.9003,16.67,1873.736,217.157,2103.427,0.0,53.2,50.2,0.58,pos_only_smoothed,49.8,0.23,0x6ea869b0,0.0,0.0,0.0,0.0
641,1788706273.9170,16.66,1873.804,217.157,2103.577,0.0,50.0,50.2,0.03,pos_only_smoothed,50.1,0.27,0x6ea869b0,0.0,0.0,0.0,0.0
642,1788706273.9337,16.66,1873.872,217.157,2103.728,0.0,47.5,49.7,0.43,pos_only_smoothed,50.1,0.02,0x6ea869b0,0.0,0.0,0.0,0.0
643,1788706273.9503,16.67,1874.008,217.157,2104.029,0.0,51.8,50.1,0.33,pos_only_smoothed,49.9,0.14,0x6ea869b0,0.0,0.0,0.0,0.0
644,1788706273.9670,16.66,1874.076,217.157,2104.179,0.0,48.9,49.9,0.19,pos_only_smoothed,49.9,0.01,0x6ea869b0,0.0,0.0,0.0,0.0
645,1788706273.9837,16.66,1874.213,217.158,2104.480,0.0,52.9,50.4,0.48,pos_only_smoothed,50.1,0.11,0x6ea869b0,0.0,0.0,0.0,0.0
646,1788706274.0003,16.66,1874.281,217.158,2104.631,0.0,49.9,50.3,0.08,pos_only_smoothed,50.2,0.17,0x6ea869b0,0.0,0.0,0.0,0.0
647,1788706274.0170,16.66,1874.350,217.158,2104.782,0.0,47.3,49.8,0.47,pos_only_smoothed,50.2,0.04,0x6ea869b0,0.0,0.0,0.0,0.0
648,1788706274.0336,16.66,1874.488,217.158,2105.083,0.0,51.7,50.1,0.31,pos_only_smoothed,50.0,0.18,0x6ea869b0,0.0,0.0,0.0,0.0
649,1788706274.0503,16.67,1874.557,217.159,2105.235,0.0,48.9,49.9,0.20,pos_only_smoothed,50.0,0.01,0x6ea869b0,0.0,0.0,0.0,0.0
650,1788706274.0670,16.67,1874.695,217.159,2105.537,0.0,53.0,50.4,0.49,pos_only_smoothed,50.1,0.10,0x6ea869b0,0.0,0.0,0.0,0.0
651,1788706274.0836,16.66,1874.765,217.159,2105.688,0.0,49.9,50.3,0.08,pos_only_smoothed,50.3,0.18,0x6ea869b0,0.0,0.0,0.0,0.0
652,1788706274.1003,16.67,1874.903,217.159,2105.991,0.0,53.9,50.9,0.57,pos_only_smoothed,50.5,0.23,0x6ea869b0,0.0,0.0,0.0,0.0
653,1788706274.1170,16.67,1874.973,217.159,2106.143,0.0,50.7,50.9,0.04,pos_only_smoothed,50.7,0.25,0x6ea869b0,0.0,0.0,0.0,0.0
654,1788706274.1337,16.66,1875.042,217.160,2106.295,0.0,48.0,50.4,0.45,pos_only_smoothed,50.8,0.01,0x6ea869b0,0.0,0.0,0.0,0.0
655,1788706274.1503,16.67,1875.182,217.160,2106.599,0.0,52.4,50.7,0.33,pos_only_smoothed,50.6,0.16,0x6ea869b0,0.0,0.0,0.0,0.0
656,1788706274.1670,16.67,1875.251,217.160,2106.751,0.0,49.5,50.5,0.20,pos_only_smoothed,50.6,0.00,0x6ea869b0,0.0,0.0,0.0,0.0
657,1788706274.1837,16.66,1875.391,217.159,2107.056,0.0,53.6,51.0,0.49,pos_only_smoothed,50.7,0.10,0x6ea869b0,0.0,0.0,0.0,0.0
658,1788706274.2003,16.66,1875.460,217.159,2107.208,0.0,50.5,50.9,0.09,pos_only_smoothed,50.9,0.17,0x6ea869b0,0.0,0.0,0.0,0.0
659,1788706274.2170,16.66,1875.530,217.159,2107.361,0.0,47.9,50.5,0.48,pos_only_smoothed,50.8,0.04,0x6ea869b0,0.0,0.0,0.0,0.0
660,1788706274.2336,16.66,1875.670,217.159,2107.666,0.0,52.4,50.8,0.31,pos_only_smoothed,50.6,0.19,0x6ea869b0,0.0,0.0,0.0,0.0
661,1788706274.2503,16.66,1875.740,217.159,2107.819,0.0,49.5,50.6,0.20,pos_only_smoothed,50.6,0.02,0x6ea869b0,0.0,0.0,0.0,0.0
662,1788706274.2670,16.67,1875.880,217.158,2108.126,0.0,53.7,51.1,0.50,pos_only_smoothed,50.7,0.10,0x6ea869b0,0.0,0.0,0.0,0.0
663,1788706274.2836,16.66,1875.951,217.158,2108.279,0.0,50.6,51.0,0.07,pos_only_smoothed,50.9,0.18,0x6ea869b0,0.0,0.0,0.0,0.0
664,1788706274.3003,16.67,1876.091,217.157,2108.586,0.0,54.6,51.6,0.58,pos_only_smoothed,51.1,0.23,0x6ea869b0,0.0,0.0,0.0,0.0
665,1788706274.3170,16.66,1876.162,217.157,2108.740,0.0,51.3,51.5,0.04,pos_only_smoothed,51.4,0.26,0x6ea869b0,0.0,0.0,0.0,0.0
666,1788706274.3336,16.65,1876.232,217.157,2108.894,0.0,48.7,51.1,0.45,pos_only_smoothed,51.4,0.01,0x6ea869b0,0.0,0.0,0.0,0.0
667,1788706274.3503,16.66,1876.373,217.156,2109.202,0.0,53.1,51.4,0.32,pos_only_smoothed,51.3,0.15,0x6ea869b0,0.0,0.0,0.0,0.0
668,1788706274.3670,16.66,1876.444,217.156,2109.356,0.0,50.1,51.2,0.21,pos_only_smoothed,51.3,0.00,0x6ea869b0,0.0,0.0,0.0,0.0
669,1788706274.3836,16.66,1876.585,217.155,2109.665,0.0,54.3,51.7,0.51,pos_only_smoothed,51.4,0.10,0x6ea869b0,0.0,0.0,0.0,0.0
670,1788706274.4003,16.66,1876.656,217.155,2109.820,0.0,51.2,51.6,0.08,pos_only_smoothed,51.5,0.18,0x6ea869b0,0.0,0.0,0.0,0.0
671,1788706274.4169,16.66,1876.727,217.155,2109.975,0.0,48.6,51.1,0.48,pos_only_smoothed,51.5,0.03,0x6ea869b0,0.0,0.0,0.0,0.0
672,1788706274.4336,16.67,1876.869,217.154,2110.285,0.0,53.1,51.4,0.32,pos_only_smoothed,51.3,0.18,0x6ea869b0,0.0,0.0,0.0,0.0
673,1788706274.4503,16.66,1876.940,217.154,2110.440,0.0,50.2,51.2,0.21,pos_only_smoothed,51.3,0.01,0x6ea869b0,0.0,0.0,0.0,0.0
674,1788706274.4669,16.67,1877.082,217.154,2110.751,0.0,54.5,51.8,0.52,pos_only_smoothed,51.4,0.11,0x6ea869b0,0.0,0.0,0.0,0.0
675,1788706274.4836,16.66,1877.153,217.154,2110.906,0.0,51.3,51.7,0.08,pos_only_smoothed,51.6,0.19,0x6ea869b0,0.0,0.0,0.0,0.0
676,1788706274.5003,16.67,1877.296,217.154,2111.218,0.0,55.4,52.3,0.59,pos_only_smoothed,51.8,0.24,0x6ea869b0,0.0,0.0,0.0,0.0
677,1788706274.5169,16.66,1877.367,217.154,2111.374,0.0,52.1,52.2,0.03,pos_only_smoothed,52.1,0.27,0x6ea869b0,0.0,0.0,0.0,0.0
678,1788706274.5336,16.66,1877.439,217.154,2111.530,0.0,49.4,51.8,0.46,pos_only_smoothed,52.1,0.02,0x6ea869b0,0.0,0.0,0.0,0.0
679,1788706274.5503,16.66,1877.582,217.154,2111.843,0.0,53.8,52.1,0.33,pos_only_smoothed,52.0,0.15,0x6ea869b0,0.0,0.0,0.0,0.0
680,1788706274.5669,16.66,1877.654,217.155,2112.000,0.0,50.9,51.9,0.19,pos_only_smoothed,52.0,0.00,0x6ea869b0,0.0,0.0,0.0,0.0
681,1788706274.5836,16.66,1877.797,217.155,2112.313,0.0,55.1,52.4,0.51,pos_only_smoothed,52.1,0.11,0x6ea869b0,0.0,0.0,0.0,0.0
682,1788706274.6003,16.66,1877.869,217.155,2112.470,0.0,51.9,52.3,0.09,pos_only_smoothed,52.3,0.18,0x6ea869b0,0.0,0.0,0.0,0.0
683,1788706274.6169,16.66,1877.941,217.156,2112.627,0.0,49.3,51.8,0.49,pos_only_smoothed,52.2,0.04,0x6ea869b0,0.0,0.0,0.0,0.0
684,1788706274.6336,16.66,1878.084,217.157,2112.941,0.0,53.8,52.2,0.31,pos_only_smoothed,52.0,0.19,0x6ea869b0,0.0,0.0,0.0,0.0
685,1788706274.6502,16.66,1878.157,217.157,2113.098,0.0,50.9,52.0,0.21,pos_only_smoothed,52.0,0.02,0x6ea869b0,0.0,0.0,0.0,0.0
686,1788706274.6669,16.66,1878.301,217.158,2113.413,0.0,55.2,52.5,0.51,pos_only_smoothed,52.1,0.10,0x6ea869b0,0.0,0.0,0.0,0.0
687,1788706274.6836,16.66,1878.373,217.159,2113.571,0.0,52.0,52.4,0.08,pos_only_smoothed,52.3,0.18,0x6ea869b0,0.0,0.0,0.0,0.0
688,1788706274.7002,16.66,1878.517,217.160,2113.887,0.0,56.2,53.0,0.60,pos_only_smoothed,52.6,0.24,0x6ea869b0,0.0,0.0,0.0,0.0
689,1788706274.7169,16.66,1878.590,217.161,2114.045,0.0,52.8,53.0,0.03,pos_only_smoothed,52.8,0.28,0x6ea869b0,0.0,0.0,0.0,0.0
690,1788706274.7336,16.67,1878.662,217.161,2114.203,0.0,50.0,52.5,0.47,pos_only_smoothed,52.9,0.02,0x6ea869b0,0.0,0.0,0.0,0.0
691,1788706274.7502,16.66,1878.807,217.162,2114.519,0.0,54.6,52.8,0.34,pos_only_smoothed,52.7,0.16,0x6ea869b0,0.0,0.0,0.0,0.0
692,1788706274.7669,16.66,1878.880,217.163,2114.678,0.0,51.6,52.6,0.20,pos_only_smoothed,52.7,0.00,0x6ea869b0,0.0,0.0,0.0,0.0
693,1788706274.7836,16.66,1879.025,217.164,2114.995,0.0,55.8,53.1,0.51,pos_only_smoothed,52.8,0.11,0x6ea869b0,0.0,0.0,0.0,0.0
694,1788706274.8002,16.62,1879.097,217.165,2115.154,0.0,52.6,53.0,0.09,pos_only_smoothed,53.0,0.18,0x6ea869b0,0.0,0.0,0.0,0.0
695,1788706274.8168,16.66,1879.170,217.166,2115.312,0.0,49.9,52.5,0.50,pos_only_smoothed,52.9,0.04,0x6ea869b0,0.0,0.0,0.0,0.0
696,1788706274.8335,16.66,1879.316,217.167,2115.630,0.0,54.5,52.9,0.31,pos_only_smoothed,52.8,0.20,0x6ea869b0,0.0,0.0,0.0,0.0
697,1788706274.8502,16.67,1879.389,217.167,2115.790,0.0,51.5,52.6,0.21,pos_only_smoothed,52.7,0.02,0x6ea869b0,0.0,0.0,0.0,0.0
698,1788706274.8668,16.66,1879.534,217.168,2116.108,0.0,55.9,53.2,0.52,pos_only_smoothed,52.8,0.10,0x6ea869b0,0.0,0.0,0.0,0.0
699,1788706274.8835,16.66,1879.607,217.168,2116.267,0.0,52.6,53.1,0.09,pos_only_smoothed,53.0,0.18,0x6ea869b0,0.0,0.0,0.0,0.0
700,1788706274.9002,16.67,1879.753,217.168,2116.586,0.0,56.8,53.7,0.59,pos_only_smoothed,53.2,0.23,0x6ea869b0,0.0,0.0,0.0,0.0
701,1788706274.9168,16.66,1879.826,217.169,2116.746,0.0,53.4,53.6,0.04,pos_only_smoothed,53.5,0.26,0x6ea869b0,0.0,0.0,0.0,0.0
702,1788706274.9335,16.66,1879.900,217.169,2116.906,0.0,50.6,53.1,0.48,pos_only_smoothed,53.5,0.01,0x6ea869b0,0.0,0.0,0.0,0.0
703,1788706274.9502,16.67,1880.046,217.169,2117.226,0.0,55.2,53.5,0.32,pos_only_smoothed,53.3,0.17,0x6ea869b0,0.0,0.0,0.0,0.0
704,1788706274.9668,16.66,1880.119,217.169,2117.386,0.0,52.1,53.2,0.22,pos_only_smoothed,53.3,0.01,0x6ea869b0,0.0,0.0,0.0,0.0
705,1788706274.9835,16.67,1880.266,217.169,2117.706,0.0,56.4,53.8,0.50,pos_only_smoothed,53.4,0.10,0x6ea869b0,0.0,0.0,0.0,0.0
706,1788706275.0002,16.66,1880.340,217.169,2117.867,0.0,53.1,53.6,0.10,pos_only_smoothed,53.6,0.17,0x6ea869b0,0.0,0.0,0.0,0.0
707,1788706275.0168,16.66,1880.413,217.169,2118.027,0.0,50.4,53.1,0.52,pos_only_smoothed,53.5,0.05,0x6ea869b0,0.0,0.0,0.0,0.0
708,1788706275.0335,16.66,1880.560,217.169,2118.349,0.0,55.1,53.4,0.31,pos_only_smoothed,53.3,0.21,0x6ea869b0,0.0,0.0,0.0,0.0
709,1788706275.0502,16.66,1880.634,217.169,2118.510,0.0,52.0,53.2,0.22,pos_only_smoothed,53.3,0.03,0x6ea869b0,0.0,0.0,0.0,0.0
710,1788706275.0668,16.66,1880.782,217.169,2118.833,0.0,56.5,53.8,0.53,pos_only_smoothed,53.4,0.10,0x6ea869b0,0.0,0.0,0.0,0.0
711,1788706275.0835,16.67,1880.856,217.169,2118.994,0.0,53.2,53.7,0.08,pos_only_smoothed,53.6,0.19,0x6ea869b0,0.0,0.0,0.0,0.0
712,1788706275.1001,16.66,1881.003,217.168,2119.317,0.0,57.5,54.3,0.61,pos_only_smoothed,53.8,0.25,0x6ea869b0,0.0,0.0,0.0,0.0
713,1788706275.1168,16.66,1881.077,217.168,2119.478,0.0,54.0,54.2,0.04,pos_only_smoothed,54.1,0.28,0x6ea869b0,0.0,0.0,0.0,0.0
714,1788706275.1335,16.66,1881.151,217.168,2119.640,0.0,51.2,53.8,0.48,pos_only_smoothed,54.1,0.01,0x6ea869b0,0.0,0.0,0.0,0.0
715,1788706275.1501,16.66,1881.299,217.167,2119.963,0.0,55.9,54.1,0.34,pos_only_smoothed,54.0,0.17,0x6ea869b0,0.0,0.0,0.0,0.0
716,1788706275.1668,16.66,1881.373,217.167,2120.124,0.0,52.7,53.9,0.23,pos_only_smoothed,54.0,0.01,0x6ea869b0,0.0,0.0,0.0,0.0
717,1788706275.1835,16.66,1881.520,217.166,2120.447,0.0,57.0,54.4,0.50,pos_only_smoothed,54.1,0.10,0x6ea869b0,0.0,0.0,0.0,0.0
718,1788706275.2001,16.67,1881.594,217.166,2120.608,0.0,53.6,54.3,0.12,pos_only_smoothed,54.2,0.16,0x6ea869b0,0.0,0.0,0.0,0.0
719,1788706275.2168,16.66,1881.668,217.166,2120.770,0.0,50.9,53.7,0.54,pos_only_smoothed,54.1,0.07,0x6ea869b0,0.0,0.0,0.0,0.0
720,1788706275.2335,16.66,1881.816,217.165,2121.092,0.0,55.5,54.0,0.28,pos_only_smoothed,53.9,0.23,0x6ea869b0,0.0,0.0,0.0,0.0
721,1788706275.2501,16.67,1881.890,217.165,2121.254,0.0,52.4,53.7,0.25,pos_only_smoothed,53.9,0.05,0x6ea869b0,0.0,0.0,0.0,0.0
722,1788706275.2668,16.66,1882.037,217.165,2121.576,0.0,56.7,54.2,0.48,pos_only_smoothed,53.9,0.07,0x6ea869b0,0.0,0.0,0.0,0.0
723,1788706275.2834,16.67,1882.111,217.165,2121.738,0.0,53.5,54.1,0.12,pos_only_smoothed,54.1,0.15,0x6ea869b0,0.0,0.0,0.0,0.0
724,1788706275.3001,16.66,1882.259,217.165,2122.061,0.0,57.6,54.7,0.57,pos_only_smoothed,54.3,0.20,0x6ea869b0,0.0,0.0,0.0,0.0
725,1788706275.3168,16.66,1882.333,217.165,2122.223,0.0,54.2,54.6,0.08,pos_only_smoothed,54.5,0.23,0x6ea869b0,0.0,0.0,0.0,0.0
726,1788706275.3334,16.66,1882.407,217.165,2122.385,0.0,51.4,54.1,0.51,pos_only_smoothed,54.5,0.03,0x6ea869b0,0.0,0.0,0.0,0.0
727,1788706275.3501,16.66,1882.556,217.166,2122.709,0.0,56.0,54.4,0.30,pos_only_smoothed,54.3,0.20,0x6ea869b0,0.0,0.0,0.0,0.0
728,1788706275.3668,16.66,1882.630,217.166,2122.871,0.0,52.8,54.1,0.25,pos_only_smoothed,54.2,0.04,0x6ea869b0,0.0,0.0,0.0,0.0
729,1788706275.3834,16.67,1882.778,217.167,2123.196,0.0,57.2,54.6,0.50,pos_only_smoothed,54.3,0.07,0x6ea869b0,0.0,0.0,0.0,0.0
730,1788706275.4001,16.66,1882.853,217.167,2123.358,0.0,53.9,54.5,0.12,pos_only_smoothed,54.5,0.16,0x6ea869b0,0.0,0.0,0.0,0.0
731,1788706275.4168,16.66,1882.927,217.167,2123.521,0.0,51.1,54.0,0.54,pos_only_smoothed,54.4,0.07,0x6ea869b0,0.0,0.0,0.0,0.0
732,1788706275.4334,16.66,1883.076,217.168,2123.846,0.0,55.9,54.3,0.31,pos_only_smoothed,54.2,0.23,0x6ea869b0,0.0,0.0,0.0,0.0
733,1788706275.4501,16.66,1883.150,217.169,2124.008,0.0,52.7,54.0,0.25,pos_only_smoothed,54.1,0.04,0x6ea869b0,0.0,0.0,0.0,0.0
734,1788706275.4667,16.66,1883.299,217.169,2124.334,0.0,57.2,54.5,0.51,pos_only_smoothed,54.2,0.08,0x6ea869b0,0.0,0.0,0.0,0.0
735,1788706275.4834,16.66,1883.374,217.169,2124.497,0.0,53.9,54.4,0.10,pos_only_smoothed,54.4,0.17,0x6ea869b0,0.0,0.0,0.0,0.0
736,1788706275.5001,16.66,1883.448,217.170,2124.660,0.0,51.1,53.9,0.53,pos_only_smoothed,54.3,0.06,0x6ea869b0,0.0,0.0,0.0,0.0
737,1788706275.5167,16.67,1883.598,217.170,2124.986,0.0,55.9,54.2,0.33,pos_only_smoothed,54.1,0.21,0x6ea869b0,0.0,0.0,0.0,0.0
738,1788706275.5334,16.67,1883.673,217.169,2125.149,0.0,52.8,54.0,0.22,pos_only_smoothed,54.1,0.02,0x6ea869b0,0.0,0.0,0.0,0.0
739,1788706275.5501,16.67,1883.822,217.169,2125.476,0.0,57.3,54.5,0.52,pos_only_smoothed,54.2,0.10,0x6ea869b0,0.0,0.0,0.0,0.0
740,1788706275.5668,16.67,1883.897,217.169,2125.639,0.0,53.9,54.4,0.10,pos_only_smoothed,54.4,0.18,0x6ea869b0,0.0,0.0,0.0,0.0
741,1788706275.5834,16.66,1884.046,217.168,2125.966,0.0,58.2,55.0,0.61,pos_only_smoothed,54.6,0.23,0x6ea869b0,0.0,0.0,0.0,0.0
742,1788706275.6001,16.66,1884.121,217.167,2126.129,0.0,54.7,55.0,0.05,pos_only_smoothed,54.9,0.27,0x6ea869b0,0.0,0.0,0.0,0.0
743,1788706275.6167,16.66,1884.196,217.167,2126.293,0.0,51.9,54.5,0.49,pos_only_smoothed,54.9,0.00,0x6ea869b0,0.0,0.0,0.0,0.0
744,1788706275.6334,16.66,1884.346,217.166,2126.620,0.0,56.5,54.8,0.32,pos_only_smoothed,54.7,0.18,0x6ea869b0,0.0,0.0,0.0,0.0
745,1788706275.6501,16.66,1884.421,217.165,2126.784,0.0,53.3,54.6,0.24,pos_only_smoothed,54.7,0.02,0x6ea869b0,0.0,0.0,0.0,0.0
746,1788706275.6667,16.67,1884.571,217.164,2127.112,0.0,57.8,55.1,0.52,pos_only_smoothed,54.8,0.09,0x6ea869b0,0.0,0.0,0.0,0.0
747,1788706275.6834,16.66,1884.646,217.164,2127.276,0.0,54.4,55.0,0.11,pos_only_smoothed,54.9,0.17,0x6ea869b0,0.0,0.0,0.0,0.0
748,1788706275.7001,16.66,1884.721,217.163,2127.440,0.0,51.6,54.5,0.54,pos_only_smoothed,54.9,0.06,0x6ea869b0,0.0,0.0,0.0,0.0
749,1788706275.7167,16.66,1884.872,217.162,2127.769,0.0,56.5,54.8,0.32,pos_only_smoothed,54.7,0.22,0x6ea869b0,0.0,0.0,0.0,0.0
750,1788706275.7334,16.67,1884.947,217.162,2127.933,0.0,53.3,54.5,0.24,pos_only_smoothed,54.6,0.03,0x6ea869b0,0.0,0.0,0.0,0.0
751,1788706275.7501,16.67,1885.098,217.161,2128.262,0.0,57.7,55.1,0.51,pos_only_smoothed,54.7,0.09,0x6ea869b0,0.0,0.0,0.0,0.0
752,1788706275.7667,16.66,1885.173,217.161,2128.427,0.0,54.4,55.0,0.10,pos_only_smoothed,54.9,0.17,0x6ea869b0,0.0,0.0,0.0,0.0
753,1788706275.7834,16.67,1885.324,217.160,2128.757,0.0,58.7,55.6,0.60,pos_only_smoothed,55.1,0.23,0x6ea869b0,0.0,0.0,0.0,0.0
754,1788706275.8001,16.66,1885.400,217.160,2128.922,0.0,55.2,55.5,0.06,pos_only_smoothed,55.4,0.26,0x6ea869b0,0.0,0.0,0.0,0.0
755,1788706275.8167,16.66,1885.475,217.160,2129.088,0.0,52.4,55.0,0.50,pos_only_smoothed,55.4,0.00,0x6ea869b0,0.0,0.0,0.0,0.0
756,1788706275.8334,16.66,1885.627,217.160,2129.419,0.0,57.1,55.3,0.33,pos_only_smoothed,55.2,0.18,0x6ea869b0,0.0,0.0,0.0,0.0
757,1788706275.8500,16.66,1885.703,217.161,2129.585,0.0,53.9,55.1,0.22,pos_only_smoothed,55.2,0.01,0x6ea869b0,0.0,0.0,0.0,0.0
758,1788706275.8667,16.66,1885.855,217.162,2129.917,0.0,58.4,55.6,0.53,pos_only_smoothed,55.3,0.10,0x6ea869b0,0.0,0.0,0.0,0.0
759,1788706275.8834,16.69,1885.931,217.162,2130.083,0.0,55.0,55.5,0.11,pos_only_smoothed,55.5,0.18,0x6ea869b0,0.0,0.0,0.0,0.0
760,1788706275.9001,16.66,1886.007,217.163,2130.249,0.0,52.2,55.0,0.54,pos_only_smoothed,55.4,0.06,0x6ea869b0,0.0,0.0,0.0,0.0
761,1788706275.9167,16.66,1886.159,217.165,2130.581,0.0,57.0,55.3,0.33,pos_only_smoothed,55.2,0.21,0x6ea869b0,0.0,0.0,0.0,0.0
762,1788706275.9334,16.66,1886.235,217.166,2130.748,0.0,53.9,55.1,0.23,pos_only_smoothed,55.2,0.03,0x6ea869b0,0.0,0.0,0.0,0.0
763,1788706275.9501,16.66,1886.388,217.169,2131.081,0.0,58.4,55.6,0.53,pos_only_smoothed,55.3,0.10,0x6ea869b0,0.0,0.0,0.0,0.0
764,1788706275.9667,16.66,1886.464,217.170,2131.248,0.0,55.0,55.5,0.09,pos_only_smoothed,55.5,0.19,0x6ea869b0,0.0,0.0,0.0,0.0
765,1788706275.9834,16.67,1886.616,217.174,2131.581,0.0,59.3,56.1,0.61,pos_only_smoothed,55.7,0.24,0x6ea869b0,0.0,0.0,0.0,0.0
766,1788706276.0000,16.66,1886.693,217.175,2131.748,0.0,55.8,56.1,0.05,pos_only_smoothed,56.0,0.27,0x6ea869b0,0.0,0.0,0.0,0.0
767,1788706276.0167,16.66,1886.769,217.177,2131.915,0.0,52.9,55.6,0.51,pos_only_smoothed,56.0,0.00,0x6ea869b0,0.0,0.0,0.0,0.0
768,1788706276.0334,16.66,1886.922,217.180,2132.249,0.0,57.6,55.9,0.33,pos_only_smoothed,55.8,0.18,0x6ea869b0,0.0,0.0,0.0,0.0
769,1788706276.0500,16.66,1886.998,217.182,2132.416,0.0,54.4,55.7,0.24,pos_only_smoothed,55.8,0.02,0x6ea869b0,0.0,0.0,0.0,0.0
770,1788706276.0667,16.66,1887.151,217.185,2132.750,0.0,58.9,56.2,0.51,pos_only_smoothed,55.9,0.09,0x6ea869b0,0.0,0.0,0.0,0.0
771,1788706276.0834,16.66,1887.227,217.187,2132.916,0.0,55.4,56.1,0.13,pos_only_smoothed,56.0,0.17,0x6ea869b0,0.0,0.0,0.0,0.0
772,1788706276.1000,16.66,1887.304,217.188,2133.083,0.0,52.6,55.5,0.56,pos_only_smoothed,55.9,0.08,0x6ea869b0,0.0,0.0,0.0,0.0
773,1788706276.1167,16.67,1887.457,217.191,2133.417,0.0,57.4,55.8,0.30,pos_only_smoothed,55.7,0.24,0x6ea869b0,0.0,0.0,0.0,0.0
774,1788706276.1334,16.66,1887.533,217.192,2133.584,0.0,54.2,55.5,0.26,pos_only_smoothed,55.7,0.05,0x6ea869b0,0.0,0.0,0.0,0.0
775,1788706276.1500,16.66,1887.686,217.194,2133.918,0.0,58.8,56.1,0.51,pos_only_smoothed,55.7,0.07,0x6ea869b0,0.0,0.0,0.0,0.0
776,1788706276.1667,16.66,1887.762,217.195,2134.085,0.0,55.3,55.9,0.12,pos_only_smoothed,55.9,0.16,0x6ea869b0,0.0,0.0,0.0,0.0
777,1788706276.1834,16.67,1887.915,217.196,2134.419,0.0,59.6,56.5,0.59,pos_only_smoothed,56.1,0.22,0x6ea869b0,0.0,0.0,0.0,0.0
778,1788706276.2000,16.66,1887.992,217.196,2134.587,0.0,56.1,56.4,0.07,pos_only_smoothed,56.4,0.25,0x6ea869b0,0.0,0.0,0.0,0.0
779,1788706276.2167,16.66,1888.068,217.196,2134.754,0.0,53.1,55.9,0.53,pos_only_smoothed,56.3,0.02,0x6ea869b0,0.0,0.0,0.0,0.0
780,1788706276.2333,16.66,1888.221,217.195,2135.088,0.0,57.9,56.2,0.32,pos_only_smoothed,56.1,0.21,0x6ea869b0,0.0,0.0,0.0,0.0
781,1788706276.2500,16.66,1888.298,217.195,2135.256,0.0,54.6,56.0,0.25,pos_only_smoothed,56.1,0.04,0x6ea869b0,0.0,0.0,0.0,0.0
782,1788706276.2667,16.66,1888.451,217.192,2135.591,0.0,59.1,56.5,0.50,pos_only_smoothed,56.2,0.08,0x6ea869b0,0.0,0.0,0.0,0.0
783,1788706276.2833,16.66,1888.528,217.191,2135.759,0.0,55.7,56.3,0.13,pos_only_smoothed,56.3,0.15,0x6ea869b0,0.0,0.0,0.0,0.0
784,1788706276.3000,16.66,1888.605,217.190,2135.927,0.0,52.8,55.8,0.56,pos_only_smoothed,56.2,0.08,0x6ea869b0,0.0,0.0,0.0,0.0
785,1788706276.3167,16.66,1888.759,217.186,2136.262,0.0,57.6,56.1,0.29,pos_only_smoothed,56.0,0.24,0x6ea869b0,0.0,0.0,0.0,0.0
786,1788706276.3333,16.66,1888.836,217.184,2136.431,0.0,54.5,55.8,0.25,pos_only_smoothed,55.9,0.06,0x6ea869b0,0.0,0.0,0.0,0.0
787,1788706276.3500,16.66,1888.990,217.179,2136.767,0.0,59.0,56.3,0.51,pos_only_smoothed,56.0,0.08,0x6ea869b0,0.0,0.0,0.0,0.0
788,1788706276.3666,16.66,1889.067,217.177,2136.936,0.0,55.7,56.2,0.11,pos_only_smoothed,56.2,0.17,0x6ea869b0,0.0,0.0,0.0,0.0
789,1788706276.3833,16.67,1889.222,217.171,2137.274,0.0,60.1,56.8,0.61,pos_only_smoothed,56.4,0.23,0x6ea869b0,0.0,0.0,0.0,0.0
790,1788706276.4000,16.66,1889.299,217.169,2137.442,0.0,56.4,56.8,0.07,pos_only_smoothed,56.7,0.26,0x6ea869b0,0.0,0.0,0.0,0.0
791,1788706276.4166,16.66,1889.377,217.166,2137.612,0.0,53.6,56.3,0.51,pos_only_smoothed,56.7,0.01,0x6ea869b0,0.0,0.0,0.0,0.0
792,1788706276.4333,16.67,1889.532,217.161,2137.951,0.0,58.4,56.6,0.34,pos_only_smoothed,56.5,0.19,0x6ea869b0,0.0,0.0,0.0,0.0
793,1788706276.4500,16.67,1889.609,217.158,2138.121,0.0,55.1,56.4,0.24,pos_only_smoothed,56.5,0.02,0x6ea869b0,0.0,0.0,0.0,0.0
794,1788706276.4666,16.66,1889.765,217.153,2138.460,0.0,59.8,56.9,0.54,pos_only_smoothed,56.6,0.10,0x6ea869b0,0.0,0.0,0.0,0.0
795,1788706276.4833,16.66,1889.843,217.151,2138.631,0.0,56.3,56.8,0.10,pos_only_smoothed,56.8,0.19,0x6ea869b0,0.0,0.0,0.0,0.0
796,1788706276.5000,16.66,1889.921,217.149,2138.801,0.0,53.4,56.3,0.54,pos_only_smoothed,56.7,0.05,0x6ea869b0,0.0,0.0,0.0,0.0
797,1788706276.5166,16.66,1890.078,217.145,2139.143,0.0,58.5,56.6,0.36,pos_only_smoothed,56.5,0.21,0x6ea869b0,0.0,0.0,0.0,0.0
798,1788706276.5333,16.66,1890.156,217.144,2139.314,0.0,55.3,56.4,0.22,pos_only_smoothed,56.5,0.01,0x6ea869b0,0.0,0.0,0.0,0.0
799,1788706276.5500,16.66,1890.312,217.141,2139.656,0.0,59.9,57.0,0.56,pos_only_smoothed,56.6,0.12,0x6ea869b0,0.0,0.0,0.0,0.0
800,1788706276.5666,16.66,1890.391,217.141,2139.828,0.0,56.5,56.9,0.07,pos_only_smoothed,56.8,0.21,0x6ea869b0,0.0,0.0,0.0,0.0
801,1788706276.5833,16.67,1890.548,217.140,2140.171,0.0,61.0,57.5,0.65,pos_only_smoothed,57.1,0.27,0x6ea869b0,0.0,0.0,0.0,0.0
802,1788706276.5999,16.66,1890.627,217.140,2140.343,0.0,57.4,57.5,0.03,pos_only_smoothed,57.4,0.30,0x6ea869b0,0.0,0.0,0.0,0.0
803,1788706276.6166,16.66,1890.706,217.140,2140.515,0.0,54.4,57.0,0.50,pos_only_smoothed,57.4,0.03,0x6ea869b0,0.0,0.0,0.0,0.0
804,1788706276.6333,16.66,1890.863,217.141,2140.859,0.0,59.3,57.4,0.36,pos_only_smoothed,57.2,0.17,0x6ea869b0,0.0,0.0,0.0,0.0
805,1788706276.6499,16.66,1890.943,217.142,2141.032,0.0,56.1,57.2,0.21,pos_only_smoothed,57.2,0.00,0x6ea869b0,0.0,0.0,0.0,0.0
806,1788706276.6666,16.66,1891.100,217.143,2141.376,0.0,60.6,57.7,0.55,pos_only_smoothed,57.4,0.12,0x6ea869b0,0.0,0.0,0.0,0.0
807,1788706276.6833,16.66,1891.179,217.144,2141.549,0.0,57.1,57.6,0.10,pos_only_smoothed,57.6,0.20,0x6ea869b0,0.0,0.0,0.0,0.0
808,1788706276.6999,16.66,1891.258,217.146,2141.721,0.0,54.2,57.1,0.55,pos_only_smoothed,57.5,0.05,0x6ea869b0,0.0,0.0,0.0,0.0
809,1788706276.7166,16.66,1891.416,217.148,2142.066,0.0,59.2,57.4,0.34,pos_only_smoothed,57.3,0.21,0x6ea869b0,0.0,0.0,0.0,0.0
810,1788706276.7332,16.66,1891.496,217.149,2142.239,0.0,56.0,57.2,0.23,pos_only_smoothed,57.3,0.03,0x6ea869b0,0.0,0.0,0.0,0.0
811,1788706276.7499,16.66,1891.653,217.152,2142.583,0.0,60.6,57.7,0.54,pos_only_smoothed,57.4,0.10,0x6ea869b0,0.0,0.0,0.0,0.0
812,1788706276.7666,16.66,1891.732,217.153,2142.756,0.0,57.0,57.6,0.11,pos_only_smoothed,57.6,0.19,0x6ea869b0,0.0,0.0,0.0,0.0
813,1788706276.7832,16.66,1891.890,217.156,2143.100,0.0,61.6,58.2,0.63,pos_only_smoothed,57.8,0.24,0x6ea869b0,0.0,0.0,0.0,0.0
814,1788706276.7999,16.66,1891.969,217.158,2143.272,0.0,57.8,58.2,0.07,pos_only_smoothed,58.1,0.27,0x6ea869b0,0.0,0.0,0.0,0.0
815,1788706276.8166,16.66,1892.048,217.159,2143.445,0.0,54.8,57.6,0.54,pos_only_smoothed,58.1,0.01,0x6ea869b0,0.0,0.0,0.0,0.0
816,1788706276.8332,16.62,1892.206,217.162,2143.790,0.0,59.7,58.0,0.34,pos_only_smoothed,57.9,0.20,0x6ea869b0,0.0,0.0,0.0,0.0
817,1788706276.8498,16.66,1892.285,217.164,2143.962,0.0,56.4,57.7,0.26,pos_only_smoothed,57.8,0.03,0x6ea869b0,0.0,0.0,0.0,0.0
818,1788706276.8665,16.66,1892.443,217.166,2144.307,0.0,61.0,58.2,0.52,pos_only_smoothed,57.9,0.09,0x6ea869b0,0.0,0.0,0.0,0.0
819,1788706276.8832,16.67,1892.522,217.167,2144.480,0.0,57.4,58.1,0.14,pos_only_smoothed,58.1,0.16,0x6ea869b0,0.0,0.0,0.0,0.0
820,1788706276.8998,16.66,1892.601,217.168,2144.652,0.0,54.4,57.5,0.59,pos_only_smoothed,58.0,0.09,0x6ea869b0,0.0,0.0,0.0,0.0
821,1788706276.9165,16.66,1892.760,217.170,2144.998,0.0,59.4,57.8,0.30,pos_only_smoothed,57.7,0.25,0x6ea869b0,0.0,0.0,0.0,0.0
822,1788706276.9332,16.66,1892.839,217.170,2145.171,0.0,56.1,57.5,0.28,pos_only_smoothed,57.7,0.06,0x6ea869b0,0.0,0.0,0.0,0.0
823,1788706276.9498,16.66,1892.997,217.171,2145.516,0.0,60.8,58.1,0.52,pos_only_smoothed,57.7,0.07,0x6ea869b0,0.0,0.0,0.0,0.0
824,1788706276.9665,16.66,1893.077,217.171,2145.689,0.0,57.3,57.9,0.13,pos_only_smoothed,57.9,0.16,0x6ea869b0,0.0,0.0,0.0,0.0
825,1788706276.9832,16.66,1893.156,217.170,2145.863,0.0,54.4,57.4,0.57,pos_only_smoothed,57.8,0.08,0x6ea869b0,0.0,0.0,0.0,0.0
826,1788706276.9998,16.66,1893.315,217.170,2146.209,0.0,59.4,57.7,0.33,pos_only_smoothed,57.6,0.23,0x6ea869b0,0.0,0.0,0.0,0.0
827,1788706277.0165,16.66,1893.394,217.169,2146.383,0.0,56.2,57.4,0.25,pos_only_smoothed,57.5,0.04,0x6ea869b0,0.0,0.0,0.0,0.0
828,1788706277.0331,16.67,1893.553,217.167,2146.730,0.0,61.0,58.0,0.56,pos_only_smoothed,57.6,0.10,0x6ea869b0,0.0,0.0,0.0,0.0
829,1788706277.0498,16.66,1893.633,217.166,2146.904,0.0,57.4,57.9,0.10,pos_only_smoothed,57.8,0.19,0x6ea869b0,0.0,0.0,0.0,0.0
830,1788706277.0665,16.66,1893.792,217.164,2147.252,0.0,61.9,58.6,0.64,pos_only_smoothed,58.1,0.25,0x6ea869b0,0.0,0.0,0.0,0.0
831,1788706277.0831,16.66,1893.872,217.163,2147.426,0.0,58.3,58.5,0.05,pos_only_smoothed,58.4,0.28,0x6ea869b0,0.0,0.0,0.0,0.0
832,1788706277.0998,16.66,1893.952,217.161,2147.600,0.0,55.2,58.0,0.53,pos_only_smoothed,58.4,0.00,0x6ea869b0,0.0,0.0,0.0,0.0
833,1788706277.1165,16.66,1894.111,217.159,2147.949,0.0,60.1,58.3,0.35,pos_only_smoothed,58.2,0.19,0x6ea869b0,0.0,0.0,0.0,0.0
834,1788706277.1331,16.66,1894.191,217.157,2148.124,0.0,56.8,58.1,0.24,pos_only_smoothed,58.2,0.02,0x6ea869b0,0.0,0.0,0.0,0.0
835,1788706277.1498,16.66,1894.351,217.155,2148.473,0.0,61.5,58.6,0.55,pos_only_smoothed,58.3,0.10,0x6ea869b0,0.0,0.0,0.0,0.0
836,1788706277.1664,16.66,1894.432,217.154,2148.648,0.0,58.0,58.5,0.11,pos_only_smoothed,58.5,0.19,0x6ea869b0,0.0,0.0,0.0,0.0
837,1788706277.1831,16.66,1894.593,217.152,2148.998,0.0,62.5,59.2,0.63,pos_only_smoothed,58.7,0.24,0x6ea869b0,0.0,0.0,0.0,0.0
838,1788706277.1998,16.66,1894.674,217.151,2149.173,0.0,58.7,59.1,0.07,pos_only_smoothed,59.0,0.27,0x6ea869b0,0.0,0.0,0.0,0.0
839,1788706277.2164,16.66,1894.755,217.150,2149.348,0.0,55.7,58.5,0.55,pos_only_smoothed,59.0,0.01,0x6ea869b0,0.0,0.0,0.0,0.0
840,1788706277.2331,16.66,1894.918,217.148,2149.699,0.0,60.7,58.9,0.34,pos_only_smoothed,58.8,0.21,0x6ea869b0,0.0,0.0,0.0,0.0
841,1788706277.2498,16.66,1894.999,217.147,2149.874,0.0,57.2,58.6,0.26,pos_only_smoothed,58.7,0.03,0x6ea869b0,0.0,0.0,0.0,0.0
842,1788706277.2664,16.66,1895.164,217.146,2150.225,0.0,62.1,59.2,0.55,pos_only_smoothed,58.8,0.09,0x6ea869b0,0.0,0.0,0.0,0.0
843,1788706277.2831,16.66,1895.246,217.146,2150.400,0.0,58.4,59.0,0.12,pos_only_smoothed,59.0,0.18,0x6ea869b0,0.0,0.0,0.0,0.0
844,1788706277.2998,16.66,1895.329,217.145,2150.575,0.0,55.4,58.5,0.58,pos_only_smoothed,58.9,0.07,0x6ea869b0,0.0,0.0,0.0,0.0
845,1788706277.3164,16.67,1895.495,217.145,2150.926,0.0,60.6,58.8,0.34,pos_only_smoothed,58.7,0.24,0x6ea869b0,0.0,0.0,0.0,0.0
846,1788706277.3331,16.66,1895.578,217.145,2151.101,0.0,57.2,58.5,0.26,pos_only_smoothed,58.6,0.04,0x6ea869b0,0.0,0.0,0.0,0.0
847,1788706277.3497,16.66,1895.747,217.145,2151.452,0.0,62.1,59.1,0.57,pos_only_smoothed,58.7,0.10,0x6ea869b0,0.0,0.0,0.0,0.0
848,1788706277.3664,16.66,1895.831,217.145,2151.627,0.0,58.5,59.0,0.10,pos_only_smoothed,58.9,0.19,0x6ea869b0,0.0,0.0,0.0,0.0
849,1788706277.3831,16.66,1895.916,217.145,2151.802,0.0,55.5,58.4,0.56,pos_only_smoothed,58.9,0.05,0x6ea869b0,0.0,0.0,0.0,0.0
850,1788706277.3997,16.66,1896.087,217.146,2152.152,0.0,60.7,58.8,0.36,pos_only_smoothed,58.7,0.22,0x6ea869b0,0.0,0.0,0.0,0.0
851,1788706277.4164,16.66,1896.172,217.146,2152.327,0.0,57.3,58.6,0.24,pos_only_smoothed,58.7,0.02,0x6ea869b0,0.0,0.0,0.0,0.0
852,1788706277.4331,16.66,1896.345,217.147,2152.676,0.0,62.1,59.1,0.57,pos_only_smoothed,58.8,0.11,0x6ea869b0,0.0,0.0,0.0,0.0
853,1788706277.4497,16.66,1896.432,217.147,2152.850,0.0,58.5,59.0,0.10,pos_only_smoothed,59.0,0.20,0x6ea869b0,0.0,0.0,0.0,0.0
854,1788706277.4664,16.66,1896.606,217.148,2153.199,0.0,63.1,59.7,0.65,pos_only_smoothed,59.2,0.26,0x6ea869b0,0.0,0.0,0.0,0.0
855,1788706277.4830,16.66,1896.695,217.149,2153.373,0.0,59.4,59.6,0.05,pos_only_smoothed,59.5,0.29,0x6ea869b0,0.0,0.0,0.0,0.0
856,1788706277.4997,16.66,1896.782,217.150,2153.547,0.0,56.3,59.1,0.54,pos_only_smoothed,59.5,0.00,0x6ea869b0,0.0,0.0,0.0,0.0
857,1788706277.5164,16.66,1896.961,217.151,2153.894,0.0,61.3,59.4,0.35,pos_only_smoothed,59.3,0.20,0x6ea869b0,0.0,0.0,0.0,0.0
858,1788706277.5330,16.66,1897.050,217.152,2154.068,0.0,57.9,59.2,0.25,pos_only_smoothed,59.3,0.03,0x6ea869b0,0.0,0.0,0.0,0.0
859,1788706277.5497,16.66,1897.229,217.153,2154.415,0.0,62.6,59.7,0.54,pos_only_smoothed,59.4,0.10,0x6ea869b0,0.0,0.0,0.0,0.0
860,1788706277.5664,16.66,1897.320,217.154,2154.588,0.0,58.9,59.6,0.13,pos_only_smoothed,59.6,0.18,0x6ea869b0,0.0,0.0,0.0,0.0
861,1788706277.5830,16.66,1897.409,217.155,2154.761,0.0,55.9,59.0,0.59,pos_only_smoothed,59.5,0.08,0x6ea869b0,0.0,0.0,0.0,0.0
862,1788706277.5997,16.66,1897.591,217.156,2155.108,0.0,61.0,59.3,0.32,pos_only_smoothed,59.2,0.25,0x6ea869b0,0.0,0.0,0.0,0.0
863,1788706277.6164,16.66,1897.682,217.157,2155.281,0.0,57.6,59.1,0.27,pos_only_smoothed,59.2,0.05,0x6ea869b0,0.0,0.0,0.0,0.0
864,1788706277.6330,16.66,1897.864,217.159,2155.627,0.0,62.5,59.6,0.55,pos_only_smoothed,59.3,0.08,0x6ea869b0,0.0,0.0,0.0,0.0
865,1788706277.6497,16.66,1897.957,217.160,2155.800,0.0,58.9,59.5,0.12,pos_only_smoothed,59.5,0.18,0x6ea869b0,0.0,0.0,0.0,0.0
866,1788706277.6663,16.67,1898.140,217.163,2156.147,0.0,63.6,60.2,0.66,pos_only_smoothed,59.7,0.24,0x6ea869b0,0.0,0.0,0.0,0.0
867,1788706277.6830,16.66,1898.232,217.164,2156.320,0.0,59.8,60.1,0.06,pos_only_smoothed,60.0,0.28,0x6ea869b0,0.0,0.0,0.0,0.0
868,1788706277.6997,16.66,1898.325,217.165,2156.493,0.0,56.6,59.5,0.56,pos_only_smoothed,60.0,0.01,0x6ea869b0,0.0,0.0,0.0,0.0
869,1788706277.7163,16.66,1898.510,217.168,2156.838,0.0,61.7,59.9,0.35,pos_only_smoothed,59.8,0.21,0x6ea869b0,0.0,0.0,0.0,0.0
870,1788706277.7330,16.66,1898.603,217.169,2157.011,0.0,58.2,59.6,0.27,pos_only_smoothed,59.7,0.03,0x6ea869b0,0.0,0.0,0.0,0.0
871,1788706277.7497,16.66,1898.790,217.172,2157.357,0.0,63.0,60.2,0.54,pos_only_smoothed,59.8,0.09,0x6ea869b0,0.0,0.0,0.0,0.0
872,1788706277.7663,16.66,1898.884,217.173,2157.530,0.0,59.4,60.0,0.13,pos_only_smoothed,60.0,0.17,0x6ea869b0,0.0,0.0,0.0,0.0
873,1788706277.7830,16.66,1898.978,217.174,2157.702,0.0,56.3,59.4,0.60,pos_only_smoothed,59.9,0.08,0x6ea869b0,0.0,0.0,0.0,0.0
874,1788706277.7996,16.66,1899.166,217.176,2158.047,0.0,61.5,59.8,0.33,pos_only_smoothed,59.7,0.25,0x6ea869b0,0.0,0.0,0.0,0.0
875,1788706277.8163,16.66,1899.260,217.177,2158.219,0.0,58.0,59.5,0.28,pos_only_smoothed,59.6,0.06,0x6ea869b0,0.0,0.0,0.0,0.0
876,1788706277.8330,16.67,1899.450,217.180,2158.563,0.0,62.8,60.0,0.53,pos_only_smoothed,59.7,0.08,0x6ea869b0,0.0,0.0,0.0,0.0
877,1788706277.8496,16.67,1899.546,217.180,2158.736,0.0,59.2,59.9,0.12,pos_only_smoothed,59.8,0.17,0x6ea869b0,0.0,0.0,0.0,0.0
878,1788706277.8663,16.66,1899.737,217.182,2159.080,0.0,63.8,60.5,0.63,pos_only_smoothed,60.1,0.23,0x6ea869b0,0.0,0.0,0.0,0.0
879,1788706277.8830,16.66,1899.833,217.182,2159.251,0.0,60.0,60.4,0.09,pos_only_smoothed,60.3,0.26,0x6ea869b0,0.0,0.0,0.0,0.0
880,1788706277.8996,16.66,1899.930,217.183,2159.423,0.0,56.9,59.9,0.57,pos_only_smoothed,60.3,0.03,0x6ea869b0,0.0,0.0,0.0,0.0
881,1788706277.9163,16.67,1900.123,217.184,2159.766,0.0,61.9,60.2,0.33,pos_only_smoothed,60.1,0.23,0x6ea869b0,0.0,0.0,0.0,0.0
882,1788706277.9330,16.66,1900.220,217.184,2159.938,0.0,58.4,59.9,0.28,pos_only_smoothed,60.0,0.05,0x6ea869b0,0.0,0.0,0.0,0.0
883,1788706277.9496,16.66,1900.415,217.183,2160.281,0.0,63.3,60.5,0.54,pos_only_smoothed,60.1,0.08,0x6ea869b0,0.0,0.0,0.0,0.0
884,1788706277.9663,16.66,1900.513,217.183,2160.452,0.0,59.6,60.3,0.14,pos_only_smoothed,60.3,0.17,0x6ea869b0,0.0,0.0,0.0,0.0
885,1788706277.9830,16.66,1900.611,217.182,2160.623,0.0,56.5,59.7,0.61,pos_only_smoothed,60.2,0.09,0x6ea869b0,0.0,0.0,0.0,0.0
886,1788706277.9996,16.66,1900.808,217.181,2160.966,0.0,61.8,60.0,0.33,pos_only_smoothed,59.9,0.26,0x6ea869b0,0.0,0.0,0.0,0.0
887,1788706278.0163,16.66,1900.907,217.179,2161.137,0.0,58.3,59.8,0.27,pos_only_smoothed,59.9,0.06,0x6ea869b0,0.0,0.0,0.0,0.0
888,1788706278.0329,16.66,1901.106,217.177,2161.479,0.0,63.3,60.3,0.56,pos_only_smoothed,60.0,0.09,0x6ea869b0,0.0,0.0,0.0,0.0
889,1788706278.0496,16.67,1901.205,217.175,2161.650,0.0,59.5,60.2,0.12,pos_only_smoothed,60.1,0.18,0x6ea869b0,0.0,0.0,0.0,0.0
890,1788706278.0663,16.68,1901.405,217.172,2161.992,0.0,64.2,60.8,0.64,pos_only_smoothed,60.4,0.24,0x6ea869b0,0.0,0.0,0.0,0.0
891,1788706278.0830,16.66,1901.506,217.170,2162.164,0.0,60.4,60.8,0.07,pos_only_smoothed,60.7,0.27,0x6ea869b0,0.0,0.0,0.0,0.0
892,1788706278.0996,16.66,1901.607,217.168,2162.335,0.0,57.3,60.2,0.56,pos_only_smoothed,60.6,0.02,0x6ea869b0,0.0,0.0,0.0,0.0
893,1788706278.1163,16.66,1901.809,217.164,2162.677,0.0,62.4,60.5,0.35,pos_only_smoothed,60.4,0.21,0x6ea869b0,0.0,0.0,0.0,0.0
894,1788706278.1329,16.66,1901.911,217.162,2162.848,0.0,58.9,60.3,0.26,pos_only_smoothed,60.4,0.03,0x6ea869b0,0.0,0.0,0.0,0.0
895,1788706278.1496,16.67,1902.115,217.158,2163.190,0.0,63.8,60.8,0.56,pos_only_smoothed,60.5,0.10,0x6ea869b0,0.0,0.0,0.0,0.0
896,1788706278.1663,16.66,1902.217,217.156,2163.362,0.0,60.0,60.7,0.13,pos_only_smoothed,60.7,0.18,0x6ea869b0,0.0,0.0,0.0,0.0
897,1788706278.1829,16.66,1902.320,217.154,2163.533,0.0,57.0,60.1,0.59,pos_only_smoothed,60.6,0.07,0x6ea869b0,0.0,0.0,0.0,0.0
898,1788706278.1996,16.66,1902.526,217.150,2163.875,0.0,62.3,60.5,0.34,pos_only_smoothed,60.4,0.24,0x6ea869b0,0.0,0.0,0.0,0.0
899,1788706278.2163,16.66,1902.629,217.149,2164.047,0.0,58.8,60.2,0.26,pos_only_smoothed,60.3,0.04,0x6ea869b0,0.0,0.0,0.0,0.0
900,1788706278.2329,16.66,1902.837,217.146,2164.389,0.0,63.9,60.8,0.59,pos_only_smoothed,60.4,0.10,0x6ea869b0,0.0,0.0,0.0,0.0
901,1788706278.2496,16.66,1902.941,217.144,2164.561,0.0,60.2,60.7,0.10,pos_only_smoothed,60.6,0.20,0x6ea869b0,0.0,0.0,0.0,0.0
902,1788706278.2662,16.66,1903.151,217.143,2164.904,0.0,65.0,61.4,0.70,pos_only_smoothed,60.9,0.27,0x6ea869b0,0.0,0.0,0.0,0.0
903,1788706278.2829,16.66,1903.256,217.141,2165.075,0.0,61.1,61.3,0.04,pos_only_smoothed,61.2,0.31,0x6ea869b0,0.0,0.0,0.0,0.0
904,1788706278.2996,16.66,1903.361,217.141,2165.247,0.0,57.9,60.8,0.55,pos_only_smoothed,61.2,0.02,0x6ea869b0,0.0,0.0,0.0,0.0
905,1788706278.3162,16.67,1903.573,217.140,2165.590,0.0,63.2,61.2,0.39,pos_only_smoothed,61.0,0.19,0x6ea869b0,0.0,0.0,0.0,0.0
906,1788706278.3329,16.66,1903.678,217.140,2165.761,0.0,59.6,60.9,0.25,pos_only_smoothed,61.0,0.00,0x6ea869b0,0.0,0.0,0.0,0.0
907,1788706278.3496,16.67,1903.891,217.140,2166.104,0.0,64.6,61.5,0.58,pos_only_smoothed,61.1,0.12,0x6ea869b0,0.0,0.0,0.0,0.0
908,1788706278.3662,16.66,1903.996,217.140,2166.276,0.0,60.8,61.4,0.11,pos_only_smoothed,61.3,0.20,0x6ea869b0,0.0,0.0,0.0,0.0
909,1788706278.3829,16.66,1904.103,217.140,2166.448,0.0,57.7,60.8,0.59,pos_only_smoothed,61.3,0.06,0x6ea869b0,0.0,0.0,0.0,0.0
910,1788706278.3996,16.66,1904.316,217.141,2166.791,0.0,63.0,61.2,0.35,pos_only_smoothed,61.1,0.23,0x6ea869b0,0.0,0.0,0.0,0.0
911,1788706278.4162,16.62,1904.423,217.142,2166.962,0.0,59.5,60.9,0.26,pos_only_smoothed,61.0,0.04,0x6ea869b0,0.0,0.0,0.0,0.0
912,1788706278.4328,16.67,1904.637,217.144,2167.305,0.0,64.6,61.5,0.59,pos_only_smoothed,61.1,0.10,0x6ea869b0,0.0,0.0,0.0,0.0
913,1788706278.4495,16.66,1904.744,217.146,2167.477,0.0,60.8,61.4,0.11,pos_only_smoothed,61.3,0.20,0x6ea869b0,0.0,0.0,0.0,0.0
914,1788706278.4662,16.67,1904.959,217.149,2167.820,0.0,65.6,62.1,0.67,pos_only_smoothed,61.6,0.26,0x6ea869b0,0.0,0.0,0.0,0.0
915,1788706278.4828,16.66,1905.067,217.151,2167.991,0.0,61.7,62.0,0.06,pos_only_smoothed,61.9,0.29,0x6ea869b0,0.0,0.0,0.0,0.0
916,1788706278.4995,16.66,1905.174,217.153,2168.163,0.0,58.4,61.4,0.57,pos_only_smoothed,61.9,0.01,0x6ea869b0,0.0,0.0,0.0,0.0
917,1788706278.5162,16.67,1905.390,217.157,2168.506,0.0,63.6,61.8,0.35,pos_only_smoothed,61.7,0.21,0x6ea869b0,0.0,0.0,0.0,0.0
918,1788706278.5328,16.66,1905.498,217.159,2168.677,0.0,60.1,61.5,0.27,pos_only_smoothed,61.6,0.03,0x6ea869b0,0.0,0.0,0.0,0.0
919,1788706278.5495,16.67,1905.714,217.164,2169.020,0.0,65.0,62.1,0.56,pos_only_smoothed,61.7,0.09,0x6ea869b0,0.0,0.0,0.0,0.0
920,1788706278.5662,16.67,1905.822,217.167,2169.192,0.0,61.2,61.9,0.14,pos_only_smoothed,61.9,0.17,0x6ea869b0,0.0,0.0,0.0,0.0
921,1788706278.5828,16.66,1905.931,217.169,2169.363,0.0,58.1,61.3,0.62,pos_only_smoothed,61.8,0.09,0x6ea869b0,0.0,0.0,0.0,0.0
922,1788706278.5995,16.67,1906.148,217.173,2169.706,0.0,63.4,61.6,0.33,pos_only_smoothed,61.5,0.26,0x6ea869b0,0.0,0.0,0.0,0.0
923,1788706278.6162,16.66,1906.256,217.176,2169.877,0.0,59.8,61.4,0.29,pos_only_smoothed,61.5,0.06,0x6ea869b0,0.0,0.0,0.0,0.0
924,1788706278.6328,16.66,1906.474,217.180,2170.219,0.0,64.9,61.9,0.56,pos_only_smoothed,61.6,0.08,0x6ea869b0,0.0,0.0,0.0,0.0
925,1788706278.6495,16.67,1906.583,217.181,2170.391,0.0,61.1,61.8,0.13,pos_only_smoothed,61.7,0.18,0x6ea869b0,0.0,0.0,0.0,0.0
926,1788706278.6662,16.67,1906.801,217.185,2170.733,0.0,65.8,62.4,0.65,pos_only_smoothed,62.0,0.24,0x6ea869b0,0.0,0.0,0.0,0.0
927,1788706278.6828,16.67,1906.911,217.186,2170.904,0.0,61.9,62.4,0.08,pos_only_smoothed,62.3,0.27,0x6ea869b0,0.0,0.0,0.0,0.0
928,1788706278.6995,16.66,1907.020,217.187,2171.075,0.0,58.6,61.8,0.59,pos_only_smoothed,62.2,0.03,0x6ea869b0,0.0,0.0,0.0,0.0
929,1788706278.7162,16.67,1907.239,217.189,2171.417,0.0,63.9,62.1,0.33,pos_only_smoothed,62.0,0.23,0x6ea869b0,0.0,0.0,0.0,0.0
930,1788706278.7328,16.66,1907.349,217.189,2171.587,0.0,60.3,61.8,0.29,pos_only_smoothed,61.9,0.05,0x6ea869b0,0.0,0.0,0.0,0.0
931,1788706278.7495,16.66,1907.569,217.190,2171.929,0.0,65.2,62.3,0.54,pos_only_smoothed,62.0,0.07,0x6ea869b0,0.0,0.0,0.0,0.0
932,1788706278.7662,16.66,1907.679,217.190,2172.099,0.0,61.3,62.2,0.16,pos_only_smoothed,62.2,0.16,0x6ea869b0,0.0,0.0,0.0,0.0
933,1788706278.7828,16.67,1907.789,217.190,2172.270,0.0,58.2,61.5,0.63,pos_only_smoothed,62.1,0.11,0x6ea869b0,0.0,0.0,0.0,0.0
934,1788706278.7995,16.66,1908.010,217.189,2172.611,0.0,63.5,61.9,0.31,pos_only_smoothed,61.8,0.28,0x6ea869b0,0.0,0.0,0.0,0.0
935,1788706278.8162,16.66,1908.121,217.188,2172.782,0.0,60.0,61.6,0.30,pos_only_smoothed,61.7,0.08,0x6ea869b0,0.0,0.0,0.0,0.0
936,1788706278.8328,16.66,1908.343,217.186,2173.124,0.0,65.1,62.1,0.57,pos_only_smoothed,61.8,0.07,0x6ea869b0,0.0,0.0,0.0,0.0
937,1788706278.8495,16.66,1908.454,217.184,2173.294,0.0,61.3,62.0,0.14,pos_only_smoothed,61.9,0.17,0x6ea869b0,0.0,0.0,0.0,0.0
938,1788706278.8661,16.67,1908.676,217.181,2173.637,0.0,66.2,62.7,0.67,pos_only_smoothed,62.2,0.24,0x6ea869b0,0.0,0.0,0.0,0.0
939,1788706278.8828,16.66,1908.787,217.179,2173.808,0.0,62.2,62.6,0.08,pos_only_smoothed,62.5,0.28,0x6ea869b0,0.0,0.0,0.0,0.0
940,1788706278.8995,16.66,1908.899,217.176,2173.979,0.0,58.9,62.0,0.59,pos_only_smoothed,62.5,0.02,0x6ea869b0,0.0,0.0,0.0,0.0
941,1788706278.9161,16.66,1909.122,217.172,2174.323,0.0,64.3,62.4,0.37,pos_only_smoothed,62.2,0.22,0x6ea869b0,0.0,0.0,0.0,0.0
942,1788706278.9328,16.66,1909.234,217.170,2174.495,0.0,60.7,62.1,0.27,pos_only_smoothed,62.2,0.03,0x6ea869b0,0.0,0.0,0.0,0.0
943,1788706278.9495,16.66,1909.457,217.165,2174.839,0.0,65.7,62.7,0.57,pos_only_smoothed,62.3,0.10,0x6ea869b0,0.0,0.0,0.0,0.0
944,1788706278.9661,16.67,1909.569,217.163,2175.011,0.0,61.9,62.5,0.13,pos_only_smoothed,62.5,0.19,0x6ea869b0,0.0,0.0,0.0,0.0
945,1788706278.9828,16.66,1909.682,217.161,2175.184,0.0,58.8,61.9,0.61,pos_only_smoothed,62.4,0.07,0x6ea869b0,0.0,0.0,0.0,0.0
946,1788706278.9995,16.67,1909.906,217.157,2175.530,0.0,64.2,62.3,0.36,pos_only_smoothed,62.2,0.25,0x6ea869b0,0.0,0.0,0.0,0.0
947,1788706279.0161,16.66,1910.019,217.155,2175.703,0.0,60.7,62.0,0.26,pos_only_smoothed,62.1,0.04,0x6ea869b0,0.0,0.0,0.0,0.0
948,1788706279.0328,16.66,1910.244,217.152,2176.050,0.0,65.8,62.6,0.60,pos_only_smoothed,62.3,0.11,0x6ea869b0,0.0,0.0,0.0,0.0
949,1788706279.0495,16.67,1910.357,217.150,2176.223,0.0,62.0,62.5,0.11,pos_only_smoothed,62.5,0.21,0x6ea869b0,0.0,0.0,0.0,0.0
950,1788706279.0661,16.67,1910.583,217.148,2176.571,0.0,67.0,63.3,0.72,pos_only_smoothed,62.7,0.28,0x6ea869b0,0.0,0.0,0.0,0.0
951,1788706279.0828,16.66,1910.696,217.147,2176.744,0.0,63.0,63.2,0.04,pos_only_smoothed,63.1,0.32,0x6ea869b0,0.0,0.0,0.0,0.0
952,1788706279.0995,16.66,1910.809,217.146,2176.918,0.0,59.7,62.6,0.56,pos_only_smoothed,63.1,0.02,0x6ea869b0,0.0,0.0,0.0,0.0
953,1788706279.1161,16.67,1911.035,217.145,2177.267,0.0,65.2,63.1,0.40,pos_only_smoothed,62.9,0.19,0x6ea869b0,0.0,0.0,0.0,0.0
954,1788706279.1328,16.66,1911.148,217.145,2177.441,0.0,61.5,62.8,0.25,pos_only_smoothed,62.9,0.00,0x6ea869b0,0.0,0.0,0.0,0.0
955,1788706279.1494,16.66,1911.376,217.145,2177.790,0.0,66.7,63.4,0.62,pos_only_smoothed,63.0,0.13,0x6ea869b0,0.0,0.0,0.0,0.0
956,1788706279.1661,16.67,1911.489,217.145,2177.964,0.0,62.7,63.3,0.11,pos_only_smoothed,63.2,0.22,0x6ea869b0,0.0,0.0,0.0,0.0
957,1788706279.1828,16.66,1911.602,217.146,2178.139,0.0,59.5,62.7,0.61,pos_only_smoothed,63.2,0.05,0x6ea869b0,0.0,0.0,0.0,0.0
958,1788706279.1994,16.67,1911.830,217.148,2178.489,0.0,65.1,63.1,0.39,pos_only_smoothed,63.0,0.23,0x6ea869b0,0.0,0.0,0.0,0.0
959,1788706279.2161,16.67,1911.943,217.149,2178.663,0.0,61.5,62.8,0.26,pos_only_smoothed,62.9,0.02,0x6ea869b0,0.0,0.0,0.0,0.0
960,1788706279.2328,16.67,1912.171,217.152,2179.013,0.0,66.6,63.4,0.60,pos_only_smoothed,63.1,0.12,0x6ea869b0,0.0,0.0,0.0,0.0
961,1788706279.2494,16.66,1912.284,217.154,2179.188,0.0,62.7,63.3,0.11,pos_only_smoothed,63.3,0.21,0x6ea869b0,0.0,0.0,0.0,0.0
962,1788706279.2661,16.67,1912.512,217.158,2179.538,0.0,67.7,64.0,0.69,pos_only_smoothed,63.5,0.27,0x6ea869b0,0.0,0.0,0.0,0.0
963,1788706279.2828,16.66,1912.626,217.160,2179.713,0.0,63.6,63.9,0.07,pos_only_smoothed,63.8,0.30,0x6ea869b0,0.0,0.0,0.0,0.0
964,1788706279.2994,16.66,1912.740,217.162,2179.888,0.0,60.3,63.4,0.59,pos_only_smoothed,63.8,0.01,0x6ea869b0,0.0,0.0,0.0,0.0
965,1788706279.3161,16.67,1912.968,217.166,2180.238,0.0,65.6,63.7,0.37,pos_only_smoothed,63.6,0.22,0x6ea869b0,0.0,0.0,0.0,0.0
966,1788706279.3328,16.66,1913.081,217.168,2180.413,0.0,61.9,63.4,0.29,pos_only_smoothed,63.6,0.04,0x6ea869b0,0.0,0.0,0.0,0.0
967,1788706279.3494,16.67,1913.309,217.172,2180.764,0.0,67.1,64.0,0.59,pos_only_smoothed,63.7,0.09,0x6ea869b0,0.0,0.0,0.0,0.0
968,1788706279.3661,16.66,1913.423,217.173,2180.939,0.0,63.1,63.9,0.14,pos_only_smoothed,63.8,0.19,0x6ea869b0,0.0,0.0,0.0,0.0
969,1788706279.3828,16.66,1913.537,217.175,2181.114,0.0,59.9,63.2,0.64,pos_only_smoothed,63.8,0.09,0x6ea869b0,0.0,0.0,0.0,0.0
970,1788706279.3994,16.66,1913.765,217.179,2181.465,0.0,65.4,63.6,0.35,pos_only_smoothed,63.5,0.27,0x6ea869b0,0.0,0.0,0.0,0.0
971,1788706279.4161,16.66,1913.879,217.180,2181.640,0.0,61.8,63.3,0.29,pos_only_smoothed,63.4,0.06,0x6ea869b0,0.0,0.0,0.0,0.0
972,1788706279.4328,16.67,1914.108,217.184,2181.991,0.0,66.9,63.9,0.58,pos_only_smoothed,63.5,0.09,0x6ea869b0,0.0,0.0,0.0,0.0
973,1788706279.4494,16.66,1914.222,217.186,2182.167,0.0,63.0,63.7,0.13,pos_only_smoothed,63.7,0.18,0x6ea869b0,0.0,0.0,0.0,0.0
974,1788706279.4661,16.66,1914.450,217.189,2182.518,0.0,67.9,64.4,0.67,pos_only_smoothed,63.9,0.25,0x6ea869b0,0.0,0.0,0.0,0.0
975,1788706279.4828,16.66,1914.564,217.190,2182.693,0.0,63.8,64.3,0.10,pos_only_smoothed,64.2,0.28,0x6ea869b0,0.0,0.0,0.0,0.0
976,1788706279.4994,16.67,1914.679,217.192,2182.869,0.0,60.5,63.7,0.61,pos_only_smoothed,64.2,0.03,0x6ea869b0,0.0,0.0,0.0,0.0
977,1788706279.5161,16.67,1914.907,217.195,2183.220,0.0,65.9,64.1,0.35,pos_only_smoothed,64.0,0.24,0x6ea869b0,0.0,0.0,0.0,0.0
978,1788706279.5328,16.66,1915.021,217.196,2183.396,0.0,62.2,63.8,0.30,pos_only_smoothed,63.9,0.05,0x6ea869b0,0.0,0.0,0.0,0.0
979,1788706279.5494,16.67,1915.250,217.198,2183.748,0.0,67.4,64.3,0.58,pos_only_smoothed,64.0,0.08,0x6ea869b0,0.0,0.0,0.0,0.0
980,1788706279.5661,16.66,1915.364,217.199,2183.924,0.0,63.4,64.2,0.15,pos_only_smoothed,64.2,0.17,0x6ea869b0,0.0,0.0,0.0,0.0
981,1788706279.5827,16.66,1915.479,217.200,2184.100,0.0,60.2,63.5,0.64,pos_only_smoothed,64.1,0.09,0x6ea869b0,0.0,0.0,0.0,0.0
982,1788706279.5994,16.67,1915.708,217.201,2184.452,0.0,65.6,63.9,0.34,pos_only_smoothed,63.8,0.27,0x6ea869b0,0.0,0.0,0.0,0.0
983,1788706279.6161,16.66,1915.823,217.201,2184.628,0.0,62.0,63.6,0.30,pos_only_smoothed,63.7,0.07,0x6ea869b0,0.0,0.0,0.0,0.0
984,1788706279.6327,16.66,1916.052,217.202,2184.981,0.0,67.2,64.2,0.59,pos_only_smoothed,63.8,0.08,0x6ea869b0,0.0,0.0,0.0,0.0
985,1788706279.6494,16.66,1916.167,217.202,2185.157,0.0,63.3,64.0,0.14,pos_only_smoothed,64.0,0.18,0x6ea869b0,0.0,0.0,0.0,0.0
986,1788706279.6661,16.66,1916.396,217.202,2185.511,0.0,68.3,64.7,0.68,pos_only_smoothed,64.2,0.25,0x6ea869b0,0.0,0.0,0.0,0.0
987,1788706279.6827,16.66,1916.511,217.202,2185.688,0.0,64.2,64.6,0.08,pos_only_smoothed,64.5,0.29,0x6ea869b0,0.0,0.0,0.0,0.0
988,1788706279.6994,16.67,1916.626,217.202,2185.865,0.0,60.8,64.0,0.60,pos_only_smoothed,64.5,0.02,0x6ea869b0,0.0,0.0,0.0,0.0
989,1788706279.7161,16.67,1916.856,217.201,2186.219,0.0,66.3,64.4,0.36,pos_only_smoothed,64.3,0.23,0x6ea869b0,0.0,0.0,0.0,0.0
990,1788706279.7327,16.66,1916.972,217.201,2186.396,0.0,62.6,64.1,0.28,pos_only_smoothed,64.2,0.04,0x6ea869b0,0.0,0.0,0.0,0.0
991,1788706279.7494,16.67,1917.202,217.200,2186.750,0.0,67.7,64.7,0.58,pos_only_smoothed,64.3,0.09,0x6ea869b0,0.0,0.0,0.0,0.0
992,1788706279.7660,16.66,1917.317,217.200,2186.927,0.0,63.8,64.5,0.15,pos_only_smoothed,64.5,0.18,0x6ea869b0,0.0,0.0,0.0,0.0
993,1788706279.7827,16.66,1917.433,217.199,2187.105,0.0,60.5,63.9,0.64,pos_only_smoothed,64.4,0.09,0x6ea869b0,0.0,0.0,0.0,0.0
994,1788706279.7994,16.66,1917.664,217.198,2187.460,0.0,66.1,64.2,0.35,pos_only_smoothed,64.1,0.27,0x6ea869b0,0.0,0.0,0.0,0.0
995,1788706279.8160,16.66,1917.780,217.197,2187.638,0.0,62.5,64.0,0.28,pos_only_smoothed,64.1,0.06,0x6ea869b0,0.0,0.0,0.0,0.0
996,1788706279.8327,16.66,1918.011,217.195,2187.994,0.0,67.7,64.6,0.60,pos_only_smoothed,64.2,0.10,0x6ea869b0,0.0,0.0,0.0,0.0
997,1788706279.8494,16.66,1918.127,217.194,2188.172,0.0,63.8,64.4,0.13,pos_only_smoothed,64.4,0.20,0x6ea869b0,0.0,0.0,0.0,0.0
998,1788706279.8660,16.66,1918.242,217.193,2188.350,0.0,60.6,63.8,0.62,pos_only_smoothed,64.3,0.07,0x6ea869b0,0.0,0.0,0.0,0.0
999,1788706279.8827,16.66,1918.474,217.191,2188.707,0.0,66.2,64.2,0.38,pos_only_smoothed,64.1,0.25,0x6ea869b0,0.0,0.0,0.0,0.0
1000,1788706279.8994,16.66,1918.591,217.189,2188.885,0.0,62.5,63.9,0.27,pos_only_smoothed,64.0,0.03,0x6ea869b0,0.0,0.0,0.0,0.0
1001,1788706279.9160,16.66,1918.822,217.187,2189.242,0.0,67.9,64.6,0.63,pos_only_smoothed,64.1,0.12,0x6ea869b0,0.0,0.0,0.0,0.0
1002,1788706279.9327,16.66,1918.939,217.185,2189.421,0.0,64.0,64.5,0.10,pos_only_smoothed,64.4,0.23,0x6ea869b0,0.0,0.0,0.0,0.0
1003,1788706279.9493,16.67,1919.172,217.182,2189.779,0.0,69.1,65.2,0.75,pos_only_smoothed,64.7,0.30,0x6ea869b0,0.0,0.0,0.0,0.0
1004,1788706279.9660,16.66,1919.288,217.181,2189.958,0.0,65.0,65.2,0.04,pos_only_smoothed,65.0,0.34,0x6ea869b0,0.0,0.0,0.0,0.0
1005,1788706279.9827,16.66,1919.405,217.179,2190.137,0.0,61.6,64.6,0.58,pos_only_smoothed,65.0,0.02,0x6ea869b0,0.0,0.0,0.0,0.0
1006,1788706279.9993,16.66,1919.638,217.176,2190.496,0.0,67.2,65.0,0.42,pos_only_smoothed,64.8,0.19,0x6ea869b0,0.0,0.0,0.0,0.0
1007,1788706280.0160,16.66,1919.755,217.175,2190.676,0.0,63.4,64.7,0.25,pos_only_smoothed,64.8,0.00,0x6ea869b0,0.0,0.0,0.0,0.0
1008,1788706280.0327,16.66,1919.989,217.173,2191.035,0.0,68.6,65.4,0.62,pos_only_smoothed,65.0,0.13,0x6ea869b0,0.0,0.0,0.0,0.0
1009,1788706280.0493,16.66,1920.106,217.172,2191.215,0.0,64.7,65.3,0.11,pos_only_smoothed,65.2,0.22,0x6ea869b0,0.0,0.0,0.0,0.0
1010,1788706280.0660,16.66,1920.223,217.171,2191.395,0.0,61.4,64.6,0.62,pos_only_smoothed,65.1,0.06,0x6ea869b0,0.0,0.0,0.0,0.0
1011,1788706280.0826,16.66,1920.457,217.169,2191.756,0.0,67.1,65.0,0.40,pos_only_smoothed,64.9,0.24,0x6ea869b0,0.0,0.0,0.0,0.0
1012,1788706280.0993,16.66,1920.575,217.169,2191.936,0.0,63.4,64.8,0.26,pos_only_smoothed,64.9,0.02,0x6ea869b0,0.0,0.0,0.0,0.0
1013,1788706280.1160,16.67,1920.810,217.168,2192.297,0.0,68.7,65.4,0.63,pos_only_smoothed,65.0,0.12,0x6ea869b0,0.0,0.0,0.0,0.0
1014,1788706280.1326,16.66,1920.927,217.168,2192.478,0.0,64.7,65.3,0.11,pos_only_smoothed,65.2,0.22,0x6ea869b0,0.0,0.0,0.0,0.0
1015,1788706280.1493,16.67,1921.163,217.168,2192.840,0.0,69.8,66.0,0.73,pos_only_smoothed,65.5,0.29,0x6ea869b0,0.0,0.0,0.0,0.0
1016,1788706280.1659,16.64,1921.281,217.169,2193.021,0.0,65.7,66.0,0.05,pos_only_smoothed,65.8,0.33,0x6ea869b0,0.0,0.0,0.0,0.0
1017,1788706280.1826,16.66,1921.398,217.169,2193.202,0.0,62.2,65.4,0.60,pos_only_smoothed,65.8,0.01,0x6ea869b0,0.0,0.0,0.0,0.0
1018,1788706280.1993,16.66,1921.634,217.170,2193.565,0.0,67.8,65.8,0.40,pos_only_smoothed,65.6,0.21,0x6ea869b0,0.0,0.0,0.0,0.0
1019,1788706280.2159,16.66,1921.752,217.171,2193.746,0.0,64.1,65.5,0.27,pos_only_smoothed,65.6,0.02,0x6ea869b0,0.0,0.0,0.0,0.0
1020,1788706280.2326,16.66,1921.988,217.174,2194.109,0.0,69.3,66.1,0.61,pos_only_smoothed,65.7,0.12,0x6ea869b0,0.0,0.0,0.0,0.0
1021,1788706280.2493,16.66,1922.106,217.175,2194.290,0.0,65.2,66.0,0.14,pos_only_smoothed,65.9,0.20,0x6ea869b0,0.0,0.0,0.0,0.0
1022,1788706280.2659,16.66,1922.224,217.176,2194.471,0.0,61.9,65.3,0.65,pos_only_smoothed,65.8,0.08,0x6ea869b0,0.0,0.0,0.0,0.0
1023,1788706280.2826,16.66,1922.460,217.179,2194.834,0.0,67.6,65.7,0.36,pos_only_smoothed,65.6,0.27,0x6ea869b0,0.0,0.0,0.0,0.0
1024,1788706280.2993,16.66,1922.578,217.180,2195.015,0.0,63.8,65.4,0.30,pos_only_smoothed,65.5,0.06,0x6ea869b0,0.0,0.0,0.0,0.0
1025,1788706280.3159,16.66,1922.813,217.183,2195.379,0.0,69.2,66.0,0.62,pos_only_smoothed,65.6,0.09,0x6ea869b0,0.0,0.0,0.0,0.0
1026,1788706280.3326,16.66,1922.932,217.184,2195.560,0.0,65.2,65.9,0.13,pos_only_smoothed,65.8,0.20,0x6ea869b0,0.0,0.0,0.0,0.0
1027,1788706280.3493,16.67,1923.167,217.187,2195.923,0.0,70.2,66.6,0.70,pos_only_smoothed,66.1,0.26,0x6ea869b0,0.0,0.0,0.0,0.0
1028,1788706280.3659,16.67,1923.286,217.188,2196.104,0.0,66.0,66.5,0.08,pos_only_smoothed,66.4,0.29,0x6ea869b0,0.0,0.0,0.0,0.0
1029,1788706280.3826,16.66,1923.404,217.190,2196.286,0.0,62.6,65.9,0.63,pos_only_smoothed,66.3,0.02,0x6ea869b0,0.0,0.0,0.0,0.0
1030,1788706280.3992,16.66,1923.640,217.192,2196.649,0.0,68.2,66.2,0.38,pos_only_smoothed,66.1,0.24,0x6ea869b0,0.0,0.0,0.0,0.0
1031,1788706280.4159,16.66,1923.758,217.193,2196.831,0.0,64.3,65.9,0.30,pos_only_smoothed,66.1,0.04,0x6ea869b0,0.0,0.0,0.0,0.0
1032,1788706280.4326,16.67,1923.994,217.194,2197.194,0.0,69.6,66.5,0.58,pos_only_smoothed,66.1,0.09,0x6ea869b0,0.0,0.0,0.0,0.0
1033,1788706280.4492,16.66,1924.112,217.195,2197.376,0.0,65.5,66.3,0.16,pos_only_smoothed,66.3,0.18,0x6ea869b0,0.0,0.0,0.0,0.0
1034,1788706280.4659,16.67,1924.231,217.196,2197.558,0.0,62.2,65.7,0.67,pos_only_smoothed,66.2,0.10,0x6ea869b0,0.0,0.0,0.0,0.0
1035,1788706280.4826,16.66,1924.468,217.196,2197.922,0.0,67.8,66.0,0.34,pos_only_smoothed,65.9,0.29,0x6ea869b0,0.0,0.0,0.0,0.0
1036,1788706280.4992,16.67,1924.586,217.197,2198.104,0.0,64.1,65.7,0.31,pos_only_smoothed,65.9,0.07,0x6ea869b0,0.0,0.0,0.0,0.0
1037,1788706280.5159,16.66,1924.823,217.196,2198.469,0.0,69.4,66.3,0.60,pos_only_smoothed,65.9,0.08,0x6ea869b0,0.0,0.0,0.0,0.0
1038,1788706280.5326,16.66,1924.942,217.196,2198.651,0.0,65.4,66.2,0.15,pos_only_smoothed,66.1,0.18,0x6ea869b0,0.0,0.0,0.0,0.0
1039,1788706280.5492,16.67,1925.179,217.195,2199.016,0.0,70.6,66.9,0.71,pos_only_smoothed,66.4,0.25,0x6ea869b0,0.0,0.0,0.0,0.0
1040,1788706280.5659,16.66,1925.298,217.195,2199.199,0.0,66.4,66.8,0.08,pos_only_smoothed,66.7,0.30,0x6ea869b0,0.0,0.0,0.0,0.0
1041,1788706280.5826,16.66,1925.417,217.194,2199.382,0.0,62.9,66.2,0.62,pos_only_smoothed,66.6,0.02,0x6ea869b0,0.0,0.0,0.0,0.0
1042,1788706280.5992,16.63,1925.655,217.193,2199.748,0.0,68.6,66.6,0.39,pos_only_smoothed,66.4,0.23,0x6ea869b0,0.0,0.0,0.0,0.0
1043,1788706280.6158,16.67,1925.774,217.192,2199.931,0.0,64.8,66.3,0.28,pos_only_smoothed,66.4,0.03,0x6ea869b0,0.0,0.0,0.0,0.0
1044,1788706280.6325,16.66,1926.013,217.191,2200.297,0.0,70.1,66.9,0.61,pos_only_smoothed,66.5,0.11,0x6ea869b0,0.0,0.0,0.0,0.0
1045,1788706280.6492,16.67,1926.132,217.190,2200.481,0.0,66.0,66.7,0.15,pos_only_smoothed,66.7,0.20,0x6ea869b0,0.0,0.0,0.0,0.0
1046,1788706280.6658,16.66,1926.251,217.189,2200.664,0.0,62.6,66.1,0.66,pos_only_smoothed,66.6,0.09,0x6ea869b0,0.0,0.0,0.0,0.0
1047,1788706280.6825,16.66,1926.491,217.188,2201.032,0.0,68.4,66.4,0.37,pos_only_smoothed,66.3,0.27,0x6ea869b0,0.0,0.0,0.0,0.0
1048,1788706280.6992,16.66,1926.610,217.188,2201.216,0.0,64.6,66.1,0.30,pos_only_smoothed,66.3,0.05,0x6ea869b0,0.0,0.0,0.0,0.0
1049,1788706280.7158,16.66,1926.850,217.187,2201.583,0.0,70.1,66.8,0.63,pos_only_smoothed,66.4,0.10,0x6ea869b0,0.0,0.0,0.0,0.0
1050,1788706280.7325,16.66,1926.970,217.187,2201.768,0.0,66.0,66.7,0.12,pos_only_smoothed,66.6,0.21,0x6ea869b0,0.0,0.0,0.0,0.0
1051,1788706280.7492,16.67,1927.210,217.187,2202.137,0.0,71.2,67.4,0.73,pos_only_smoothed,66.9,0.28,0x6ea869b0,0.0,0.0,0.0,0.0
1052,1788706280.7658,16.66,1927.330,217.188,2202.321,0.0,67.0,67.3,0.07,pos_only_smoothed,67.2,0.32,0x6ea869b0,0.0,0.0,0.0,0.0
1053,1788706280.7825,16.66,1927.450,217.189,2202.506,0.0,63.5,66.7,0.62,pos_only_smoothed,67.2,0.00,0x6ea869b0,0.0,0.0,0.0,0.0
1054,1788706280.7991,16.66,1927.690,217.190,2202.875,0.0,69.2,67.1,0.40,pos_only_smoothed,67.0,0.22,0x6ea869b0,0.0,0.0,0.0,0.0
1055,1788706280.8158,16.66,1927.811,217.191,2203.060,0.0,65.3,66.8,0.28,pos_only_smoothed,66.9,0.02,0x6ea869b0,0.0,0.0,0.0,0.0
1056,1788706280.8325,16.66,1928.051,217.193,2203.430,0.0,70.7,67.4,0.62,pos_only_smoothed,67.1,0.12,0x6ea869b0,0.0,0.0,0.0,0.0
1057,1788706280.8491,16.66,1928.172,217.194,2203.615,0.0,66.6,67.3,0.14,pos_only_smoothed,67.3,0.21,0x6ea869b0,0.0,0.0,0.0,0.0
1058,1788706280.8658,16.66,1928.293,217.196,2203.801,0.0,63.2,66.7,0.65,pos_only_smoothed,67.2,0.08,0x6ea869b0,0.0,0.0,0.0,0.0
1059,1788706280.8825,16.66,1928.534,217.198,2204.171,0.0,69.0,67.0,0.37,pos_only_smoothed,66.9,0.27,0x6ea869b0,0.0,0.0,0.0,0.0
1060,1788706280.8991,16.66,1928.655,217.200,2204.356,0.0,65.2,66.7,0.29,pos_only_smoothed,66.9,0.05,0x6ea869b0,0.0,0.0,0.0,0.0
1061,1788706280.9158,16.66,1928.895,217.202,2204.727,0.0,70.6,67.4,0.62,pos_only_smoothed,67.0,0.10,0x6ea869b0,0.0,0.0,0.0,0.0
1062,1788706280.9325,16.66,1929.016,217.204,2204.912,0.0,66.5,67.2,0.14,pos_only_smoothed,67.2,0.20,0x6ea869b0,0.0,0.0,0.0,0.0
1063,1788706280.9491,16.67,1929.257,217.208,2205.283,0.0,71.8,67.9,0.73,pos_only_smoothed,67.4,0.27,0x6ea869b0,0.0,0.0,0.0,0.0
1064,1788706280.9658,16.67,1929.378,217.209,2205.469,0.0,67.5,67.9,0.08,pos_only_smoothed,67.7,0.31,0x6ea869b0,0.0,0.0,0.0,0.0
1065,1788706280.9825,16.66,1929.499,217.211,2205.654,0.0,63.9,67.2,0.63,pos_only_smoothed,67.7,0.01,0x6ea869b0,0.0,0.0,0.0,0.0
1066,1788706280.9991,16.66,1929.740,217.215,2206.026,0.0,69.7,67.6,0.40,pos_only_smoothed,67.5,0.24,0x6ea869b0,0.0,0.0,0.0,0.0
1067,1788706281.0158,16.66,1929.861,217.217,2206.211,0.0,65.7,67.3,0.30,pos_only_smoothed,67.5,0.04,0x6ea869b0,0.0,0.0,0.0,0.0
1068,1788706281.0324,16.66,1930.103,217.220,2206.583,0.0,71.2,67.9,0.62,pos_only_smoothed,67.6,0.10,0x6ea869b0,0.0,0.0,0.0,0.0
1069,1788706281.0491,16.66,1930.224,217.221,2206.768,0.0,67.0,67.8,0.15,pos_only_smoothed,67.8,0.20,0x6ea869b0,0.0,0.0,0.0,0.0
1070,1788706281.0658,16.66,1930.345,217.223,2206.954,0.0,63.5,67.1,0.68,pos_only_smoothed,67.7,0.09,0x6ea869b0,0.0,0.0,0.0,0.0
1071,1788706281.0824,16.66,1930.587,217.226,2207.326,0.0,69.4,67.5,0.37,pos_only_smoothed,67.4,0.29,0x6ea869b0,0.0,0.0,0.0,0.0
1072,1788706281.0991,16.66,1930.708,217.228,2207.512,0.0,65.5,67.2,0.31,pos_only_smoothed,67.3,0.06,0x6ea869b0,0.0,0.0,0.0,0.0
1073,1788706281.1158,16.66,1930.950,217.230,2207.884,0.0,71.0,67.8,0.61,pos_only_smoothed,67.4,0.09,0x6ea869b0,0.0,0.0,0.0,0.0
1074,1788706281.1324,16.66,1931.071,217.231,2208.070,0.0,66.8,67.6,0.15,pos_only_smoothed,67.6,0.19,0x6ea869b0,0.0,0.0,0.0,0.0
1075,1788706281.1491,16.66,1931.314,217.233,2208.443,0.0,72.1,68.3,0.71,pos_only_smoothed,67.8,0.26,0x6ea869b0,0.0,0.0,0.0,0.0
1076,1788706281.1657,16.67,1931.435,217.233,2208.629,0.0,67.8,68.3,0.09,pos_only_smoothed,68.1,0.30,0x6ea869b0,0.0,0.0,0.0,0.0
1077,1788706281.1824,16.66,1931.557,217.234,2208.815,0.0,64.2,67.6,0.65,pos_only_smoothed,68.1,0.03,0x6ea869b0,0.0,0.0,0.0,0.0
1078,1788706281.1991,16.66,1931.799,217.236,2209.188,0.0,69.9,68.0,0.37,pos_only_smoothed,67.9,0.25,0x6ea869b0,0.0,0.0,0.0,0.0
1079,1788706281.2157,16.66,1931.921,217.236,2209.375,0.0,66.0,67.7,0.31,pos_only_smoothed,67.8,0.06,0x6ea869b0,0.0,0.0,0.0,0.0
1080,1788706281.2324,16.67,1932.164,217.238,2209.748,0.0,71.4,68.3,0.60,pos_only_smoothed,67.9,0.09,0x6ea869b0,0.0,0.0,0.0,0.0
1081,1788706281.2491,16.66,1932.285,217.239,2209.935,0.0,67.2,68.1,0.17,pos_only_smoothed,68.1,0.18,0x6ea869b0,0.0,0.0,0.0,0.0
1082,1788706281.2657,16.66,1932.407,217.239,2210.122,0.0,63.8,67.4,0.68,pos_only_smoothed,68.0,0.10,0x6ea869b0,0.0,0.0,0.0,0.0
1083,1788706281.2824,16.66,1932.650,217.240,2210.495,0.0,69.6,67.8,0.35,pos_only_smoothed,67.7,0.30,0x6ea869b0,0.0,0.0,0.0,0.0
1084,1788706281.2991,16.66,1932.772,217.241,2210.683,0.0,65.8,67.4,0.32,pos_only_smoothed,67.6,0.07,0x6ea869b0,0.0,0.0,0.0,0.0
1085,1788706281.3157,16.67,1933.015,217.242,2211.057,0.0,71.3,68.1,0.62,pos_only_smoothed,67.7,0.09,0x6ea869b0,0.0,0.0,0.0,0.0
1086,1788706281.3324,16.66,1933.137,217.242,2211.244,0.0,67.2,67.9,0.14,pos_only_smoothed,67.9,0.20,0x6ea869b0,0.0,0.0,0.0,0.0
1087,1788706281.3491,16.67,1933.380,217.244,2211.618,0.0,72.4,68.6,0.71,pos_only_smoothed,68.1,0.26,0x6ea869b0,0.0,0.0,0.0,0.0
1088,1788706281.3657,16.66,1933.502,217.244,2211.806,0.0,68.1,68.6,0.09,pos_only_smoothed,68.4,0.30,0x6ea869b0,0.0,0.0,0.0,0.0
1089,1788706281.3824,16.66,1933.625,217.245,2211.993,0.0,64.5,67.9,0.64,pos_only_smoothed,68.4,0.03,0x6ea869b0,0.0,0.0,0.0,0.0
1090,1788706281.3990,16.66,1933.869,217.245,2212.368,0.0,70.4,68.3,0.40,pos_only_smoothed,68.2,0.24,0x6ea869b0,0.0,0.0,0.0,0.0
1091,1788706281.4157,16.66,1933.991,217.245,2212.556,0.0,66.4,68.0,0.30,pos_only_smoothed,68.1,0.04,0x6ea869b0,0.0,0.0,0.0,0.0
1092,1788706281.4324,16.66,1934.235,217.246,2212.931,0.0,71.8,68.6,0.61,pos_only_smoothed,68.2,0.10,0x6ea869b0,0.0,0.0,0.0,0.0
1093,1788706281.4490,16.66,1934.357,217.247,2213.119,0.0,67.6,68.5,0.16,pos_only_smoothed,68.4,0.19,0x6ea869b0,0.0,0.0,0.0,0.0
1094,1788706281.4657,16.66,1934.479,217.247,2213.307,0.0,64.2,67.8,0.69,pos_only_smoothed,68.3,0.10,0x6ea869b0,0.0,0.0,0.0,0.0
1095,1788706281.4823,16.65,1934.724,217.248,2213.683,0.0,70.1,68.1,0.38,pos_only_smoothed,68.0,0.29,0x6ea869b0,0.0,0.0,0.0,0.0
1096,1788706281.4990,16.67,1934.846,217.249,2213.871,0.0,66.2,67.8,0.31,pos_only_smoothed,68.0,0.06,0x6ea869b0,0.0,0.0,0.0,0.0
1097,1788706281.5157,16.66,1935.091,217.250,2214.247,0.0,71.7,68.5,0.62,pos_only_smoothed,68.1,0.09,0x6ea869b0,0.0,0.0,0.0,0.0
1098,1788706281.5323,16.66,1935.213,217.250,2214.435,0.0,67.5,68.3,0.15,pos_only_smoothed,68.3,0.19,0x6ea869b0,0.0,0.0,0.0,0.0
1099,1788706281.5490,16.67,1935.458,217.251,2214.812,0.0,72.8,69.0,0.72,pos_only_smoothed,68.5,0.26,0x6ea869b0,0.0,0.0,0.0,0.0
1100,1788706281.5657,16.66,1935.581,217.252,2215.000,0.0,68.4,68.9,0.09,pos_only_smoothed,68.8,0.30,0x6ea869b0,0.0,0.0,0.0,0.0
1101,1788706281.5823,16.64,1935.703,217.252,2215.188,0.0,64.9,68.3,0.65,pos_only_smoothed,68.8,0.03,0x6ea869b0,0.0,0.0,0.0,0.0
1102,1788706281.5990,16.67,1935.948,217.252,2215.565,0.0,70.6,68.7,0.38,pos_only_smoothed,68.5,0.26,0x6ea869b0,0.0,0.0,0.0,0.0
1103,1788706281.6156,16.66,1936.071,217.252,2215.754,0.0,66.7,68.4,0.31,pos_only_smoothed,68.5,0.05,0x6ea869b0,0.0,0.0,0.0,0.0
1104,1788706281.6323,16.66,1936.317,217.252,2216.131,0.0,72.2,69.0,0.61,pos_only_smoothed,68.6,0.09,0x6ea869b0,0.0,0.0,0.0,0.0
1105,1788706281.6490,16.66,1936.440,217.252,2216.320,0.0,67.9,68.8,0.16,pos_only_smoothed,68.8,0.19,0x6ea869b0,0.0,0.0,0.0,0.0
1106,1788706281.6656,16.66,1936.562,217.252,2216.509,0.0,64.5,68.1,0.69,pos_only_smoothed,68.7,0.10,0x6ea869b0,0.0,0.0,0.0,0.0
1107,1788706281.6823,16.66,1936.808,217.252,2216.886,0.0,70.4,68.5,0.36,pos_only_smoothed,68.4,0.30,0x6ea869b0,0.0,0.0,0.0,0.0
1108,1788706281.6990,16.66,1936.931,217.253,2217.075,0.0,66.4,68.1,0.33,pos_only_smoothed,68.3,0.07,0x6ea869b0,0.0,0.0,0.0,0.0
1109,1788706281.7156,16.66,1937.177,217.253,2217.454,0.0,72.1,68.8,0.64,pos_only_smoothed,68.4,0.09,0x6ea869b0,0.0,0.0,0.0,0.0
1110,1788706281.7323,16.66,1937.300,217.254,2217.643,0.0,67.9,68.6,0.14,pos_only_smoothed,68.6,0.20,0x6ea869b0,0.0,0.0,0.0,0.0
1111,1788706281.7489,16.66,1937.546,217.255,2218.022,0.0,73.3,69.4,0.75,pos_only_smoothed,68.9,0.27,0x6ea869b0,0.0,0.0,0.0,0.0
1112,1788706281.7656,16.66,1937.670,217.255,2218.212,0.0,68.9,69.3,0.08,pos_only_smoothed,69.2,0.32,0x6ea869b0,0.0,0.0,0.0,0.0
1113,1788706281.7823,16.66,1937.793,217.256,2218.401,0.0,65.3,68.7,0.65,pos_only_smoothed,69.2,0.01,0x6ea869b0,0.0,0.0,0.0,0.0
1114,1788706281.7989,16.66,1938.040,217.257,2218.781,0.0,71.2,69.1,0.41,pos_only_smoothed,68.9,0.24,0x6ea869b0,0.0,0.0,0.0,0.0
1115,1788706281.8156,16.66,1938.163,217.258,2218.970,0.0,67.1,68.8,0.31,pos_only_smoothed,68.9,0.04,0x6ea869b0,0.0,0.0,0.0,0.0
1116,1788706281.8323,16.67,1938.410,217.260,2219.350,0.0,72.6,69.4,0.62,pos_only_smoothed,69.0,0.10,0x6ea869b0,0.0,0.0,0.0,0.0
1117,1788706281.8489,16.66,1938.534,217.261,2219.540,0.0,68.4,69.2,0.15,pos_only_smoothed,69.2,0.19,0x6ea869b0,0.0,0.0,0.0,0.0
1118,1788706281.8656,16.68,1938.657,217.262,2219.730,0.0,64.9,68.5,0.69,pos_only_smoothed,69.1,0.10,0x6ea869b0,0.0,0.0,0.0,0.0
1119,1788706281.8823,16.66,1938.905,217.265,2220.111,0.0,70.8,68.9,0.37,pos_only_smoothed,68.8,0.29,0x6ea869b0,0.0,0.0,0.0,0.0
1120,1788706281.8989,16.66,1939.029,217.267,2220.301,0.0,67.0,68.6,0.31,pos_only_smoothed,68.7,0.07,0x6ea869b0,0.0,0.0,0.0,0.0
1121,1788706281.9156,16.66,1939.275,217.271,2220.682,0.0,72.5,69.2,0.63,pos_only_smoothed,68.8,0.09,0x6ea869b0,0.0,0.0,0.0,0.0
1122,1788706281.9323,16.66,1939.399,217.273,2220.873,0.0,68.3,69.1,0.15,pos_only_smoothed,69.0,0.20,0x6ea869b0,0.0,0.0,0.0,0.0
1123,1788706281.9489,16.66,1939.523,217.275,2221.063,0.0,64.8,68.4,0.67,pos_only_smoothed,68.9,0.09,0x6ea869b0,0.0,0.0,0.0,0.0
1124,1788706281.9656,16.66,1939.771,217.279,2221.444,0.0,70.8,68.8,0.39,pos_only_smoothed,68.7,0.28,0x6ea869b0,0.0,0.0,0.0,0.0
1125,1788706281.9822,16.66,1939.895,217.282,2221.634,0.0,66.9,68.5,0.30,pos_only_smoothed,68.6,0.05,0x6ea869b0,0.0,0.0,0.0,0.0
1126,1788706281.9989,16.66,1940.142,217.287,2222.015,0.0,72.5,69.1,0.64,pos_only_smoothed,68.7,0.11,0x6ea869b0,0.0,0.0,0.0,0.0
1127,1788706282.0156,16.66,1940.266,217.289,2222.206,0.0,68.3,69.0,0.13,pos_only_smoothed,68.9,0.21,0x6ea869b0,0.0,0.0,0.0,0.0
1128,1788706282.0322,16.67,1940.513,217.294,2222.586,0.0,73.7,69.7,0.75,pos_only_smoothed,69.2,0.28,0x6ea869b0,0.0,0.0,0.0,0.0
1129,1788706282.0489,16.66,1940.637,217.297,2222.777,0.0,69.3,69.7,0.08,pos_only_smoothed,69.5,0.32,0x6ea869b0,0.0,0.0,0.0,0.0
1130,1788706282.0656,16.66,1940.761,217.300,2222.968,0.0,65.6,69.0,0.65,pos_only_smoothed,69.5,0.01,0x6ea869b0,0.0,0.0,0.0,0.0
1131,1788706282.0822,16.62,1941.008,217.305,2223.349,0.0,71.5,69.4,0.40,pos_only_smoothed,69.3,0.24,0x6ea869b0,0.0,0.0,0.0,0.0
1132,1788706282.0988,16.66,1941.132,217.307,2223.539,0.0,67.5,69.1,0.30,pos_only_smoothed,69.2,0.04,0x6ea869b0,0.0,0.0,0.0,0.0
1133,1788706282.1155,16.66,1941.380,217.312,2223.920,0.0,73.0,69.7,0.62,pos_only_smoothed,69.3,0.10,0x6ea869b0,0.0,0.0,0.0,0.0
1134,1788706282.1322,16.67,1941.504,217.314,2224.111,0.0,68.7,69.6,0.17,pos_only_smoothed,69.5,0.19,0x6ea869b0,0.0,0.0,0.0,0.0
1135,1788706282.1488,16.66,1941.627,217.315,2224.301,0.0,65.2,68.9,0.70,pos_only_smoothed,69.4,0.10,0x6ea869b0,0.0,0.0,0.0,0.0
1136,1788706282.1655,16.66,1941.875,217.318,2224.683,0.0,71.1,69.2,0.36,pos_only_smoothed,69.1,0.30,0x6ea869b0,0.0,0.0,0.0,0.0
1137,1788706282.1822,16.66,1941.999,217.319,2224.873,0.0,67.1,68.9,0.34,pos_only_smoothed,69.1,0.08,0x6ea869b0,0.0,0.0,0.0,0.0
1138,1788706282.1988,16.66,1942.247,217.320,2225.255,0.0,72.8,69.5,0.63,pos_only_smoothed,69.1,0.08,0x6ea869b0,0.0,0.0,0.0,0.0
1139,1788706282.2155,16.66,1942.371,217.320,2225.446,0.0,68.5,69.4,0.16,pos_only_smoothed,69.3,0.19,0x6ea869b0,0.0,0.0,0.0,0.0
1140,1788706282.2322,16.67,1942.619,217.320,2225.827,0.0,73.8,70.1,0.72,pos_only_smoothed,69.6,0.26,0x6ea869b0,0.0,0.0,0.0,0.0
1141,1788706282.2488,16.66,1942.743,217.320,2226.018,0.0,69.4,70.0,0.10,pos_only_smoothed,69.9,0.29,0x6ea869b0,0.0,0.0,0.0,0.0
1142,1788706282.2655,16.66,1942.868,217.319,2226.209,0.0,65.8,69.3,0.67,pos_only_smoothed,69.8,0.04,0x6ea869b0,0.0,0.0,0.0,0.0
1143,1788706282.2822,16.66,1943.116,217.318,2226.592,0.0,71.7,69.7,0.38,pos_only_smoothed,69.6,0.27,0x6ea869b0,0.0,0.0,0.0,0.0
1144,1788706282.2988,16.66,1943.241,217.317,2226.783,0.0,67.7,69.4,0.32,pos_only_smoothed,69.5,0.06,0x6ea869b0,0.0,0.0,0.0,0.0
1145,1788706282.3155,16.66,1943.490,217.315,2227.166,0.0,73.2,70.0,0.62,pos_only_smoothed,69.6,0.09,0x6ea869b0,0.0,0.0,0.0,0.0
1146,1788706282.3321,16.66,1943.614,217.313,2227.358,0.0,69.0,69.8,0.16,pos_only_smoothed,69.8,0.19,0x6ea869b0,0.0,0.0,0.0,0.0
1147,1788706282.3488,16.66,1943.739,217.312,2227.549,0.0,65.4,69.1,0.71,pos_only_smoothed,69.7,0.10,0x6ea869b0,0.0,0.0,0.0,0.0
1148,1788706282.3655,16.66,1943.989,217.309,2227.933,0.0,71.4,69.5,0.37,pos_only_smoothed,69.4,0.30,0x6ea869b0,0.0,0.0,0.0,0.0
1149,1788706282.3821,16.66,1944.114,217.307,2228.125,0.0,67.5,69.2,0.32,pos_only_smoothed,69.3,0.07,0x6ea869b0,0.0,0.0,0.0,0.0
1150,1788706282.3988,16.67,1944.364,217.304,2228.510,0.0,73.2,69.8,0.64,pos_only_smoothed,69.4,0.09,0x6ea869b0,0.0,0.0,0.0,0.0
1151,1788706282.4155,16.66,1944.489,217.302,2228.702,0.0,68.9,69.7,0.15,pos_only_smoothed,69.6,0.20,0x6ea869b0,0.0,0.0,0.0,0.0
1152,1788706282.4321,16.67,1944.740,217.299,2229.088,0.0,74.5,70.4,0.77,pos_only_smoothed,69.9,0.28,0x6ea869b0,0.0,0.0,0.0,0.0
1153,1788706282.4488,16.66,1944.865,217.298,2229.281,0.0,70.0,70.4,0.07,pos_only_smoothed,70.2,0.33,0x6ea869b0,0.0,0.0,0.0,0.0
1154,1788706282.4655,16.66,1944.990,217.296,2229.473,0.0,66.3,69.7,0.65,pos_only_smoothed,70.2,0.01,0x6ea869b0,0.0,0.0,0.0,0.0
1155,1788706282.4821,16.66,1945.242,217.295,2229.860,0.0,72.4,70.1,0.43,pos_only_smoothed,70.0,0.24,0x6ea869b0,0.0,0.0,0.0,0.0
1156,1788706282.4988,16.66,1945.367,217.294,2230.053,0.0,68.3,69.8,0.30,pos_only_smoothed,69.9,0.02,0x6ea869b0,0.0,0.0,0.0,0.0
1157,1788706282.5155,16.66,1945.619,217.294,2230.440,0.0,73.9,70.5,0.65,pos_only_smoothed,70.1,0.12,0x6ea869b0,0.0,0.0,0.0,0.0
1158,1788706282.5321,16.66,1945.745,217.293,2230.634,0.0,69.6,70.3,0.14,pos_only_smoothed,70.3,0.22,0x6ea869b0,0.0,0.0,0.0,0.0
1159,1788706282.5488,16.66,1945.870,217.293,2230.827,0.0,66.0,69.7,0.69,pos_only_smoothed,70.2,0.08,0x6ea869b0,0.0,0.0,0.0,0.0
1160,1788706282.5654,16.66,1946.122,217.293,2231.214,0.0,72.2,70.1,0.40,pos_only_smoothed,69.9,0.28,0x6ea869b0,0.0,0.0,0.0,0.0
1161,1788706282.5821,16.66,1946.248,217.293,2231.408,0.0,68.1,69.7,0.30,pos_only_smoothed,69.9,0.05,0x6ea869b0,0.0,0.0,0.0,0.0
1162,1788706282.5988,16.66,1946.501,217.295,2231.796,0.0,73.9,70.4,0.66,pos_only_smoothed,70.0,0.11,0x6ea869b0,0.0,0.0,0.0,0.0
1163,1788706282.6154,16.66,1946.627,217.296,2231.989,0.0,69.6,70.3,0.14,pos_only_smoothed,70.2,0.22,0x6ea869b0,0.0,0.0,0.0,0.0
1164,1788706282.6321,16.67,1946.879,217.298,2232.377,0.0,75.0,71.0,0.76,pos_only_smoothed,70.5,0.29,0x6ea869b0,0.0,0.0,0.0,0.0
1165,1788706282.6488,16.66,1947.005,217.299,2232.571,0.0,70.5,70.9,0.09,pos_only_smoothed,70.8,0.32,0x6ea869b0,0.0,0.0,0.0,0.0
1166,1788706282.6654,16.66,1947.131,217.300,2232.765,0.0,66.8,70.3,0.66,pos_only_smoothed,70.8,0.02,0x6ea869b0,0.0,0.0,0.0,0.0
1167,1788706282.6821,16.66,1947.384,217.304,2233.153,0.0,72.8,70.7,0.40,pos_only_smoothed,70.5,0.25,0x6ea869b0,0.0,0.0,0.0,0.0
1168,1788706282.6988,16.66,1947.510,217.305,2233.347,0.0,68.6,70.3,0.33,pos_only_smoothed,70.5,0.05,0x6ea869b0,0.0,0.0,0.0,0.0
1169,1788706282.7154,16.66,1947.763,217.309,2233.735,0.0,74.4,71.0,0.64,pos_only_smoothed,70.6,0.10,0x6ea869b0,0.0,0.0,0.0,0.0
1170,1788706282.7321,16.66,1947.890,217.310,2233.929,0.0,70.0,70.8,0.16,pos_only_smoothed,70.8,0.20,0x6ea869b0,0.0,0.0,0.0,0.0
1171,1788706282.7487,16.66,1948.016,217.312,2234.123,0.0,66.4,70.1,0.71,pos_only_smoothed,70.7,0.10,0x6ea869b0,0.0,0.0,0.0,0.0
1172,1788706282.7654,16.66,1948.268,217.315,2234.510,0.0,72.4,70.5,0.36,pos_only_smoothed,70.4,0.30,0x6ea869b0,0.0,0.0,0.0,0.0
1173,1788706282.7821,16.66,1948.395,217.316,2234.705,0.0,68.4,70.1,0.34,pos_only_smoothed,70.3,0.08,0x6ea869b0,0.0,0.0,0.0,0.0
1174,1788706282.7987,16.67,1948.648,217.318,2235.093,0.0,74.2,70.8,0.64,pos_only_smoothed,70.4,0.08,0x6ea869b0,0.0,0.0,0.0,0.0
1175,1788706282.8154,16.66,1948.774,217.318,2235.287,0.0,69.8,70.6,0.16,pos_only_smoothed,70.6,0.20,0x6ea869b0,0.0,0.0,0.0,0.0
1176,1788706282.8321,16.67,1949.027,217.320,2235.675,0.0,75.2,71.4,0.73,pos_only_smoothed,70.8,0.26,0x6ea869b0,0.0,0.0,0.0,0.0
1177,1788706282.8487,16.66,1949.154,217.320,2235.869,0.0,70.7,71.3,0.10,pos_only_smoothed,71.1,0.30,0x6ea869b0,0.0,0.0,0.0,0.0
1178,1788706282.8654,16.66,1949.280,217.321,2236.063,0.0,67.0,70.6,0.69,pos_only_smoothed,71.1,0.04,0x6ea869b0,0.0,0.0,0.0,0.0
1179,1788706282.8821,16.66,1949.534,217.321,2236.452,0.0,72.9,70.9,0.38,pos_only_smoothed,70.8,0.27,0x6ea869b0,0.0,0.0,0.0,0.0
1180,1788706282.8987,16.66,1949.660,217.320,2236.646,0.0,68.8,70.6,0.34,pos_only_smoothed,70.8,0.07,0x6ea869b0,0.0,0.0,0.0,0.0
1181,1788706282.9154,16.67,1949.913,217.319,2237.034,0.0,74.4,71.2,0.61,pos_only_smoothed,70.8,0.08,0x6ea869b0,0.0,0.0,0.0,0.0
1182,1788706282.9321,16.66,1950.040,217.318,2237.228,0.0,70.0,71.0,0.19,pos_only_smoothed,71.0,0.17,0x6ea869b0,0.0,0.0,0.0,0.0
1183,1788706282.9487,16.66,1950.166,217.317,2237.423,0.0,66.5,70.3,0.73,pos_only_smoothed,70.9,0.13,0x6ea869b0,0.0,0.0,0.0,0.0
1184,1788706282.9654,16.66,1950.420,217.314,2237.812,0.0,72.5,70.7,0.36,pos_only_smoothed,70.6,0.32,0x6ea869b0,0.0,0.0,0.0,0.0
1185,1788706282.9820,16.66,1950.546,217.312,2238.006,0.0,68.5,70.3,0.34,pos_only_smoothed,70.5,0.09,0x6ea869b0,0.0,0.0,0.0,0.0
1186,1788706282.9987,16.67,1950.801,217.308,2238.395,0.0,74.2,70.9,0.63,pos_only_smoothed,70.6,0.07,0x6ea869b0,0.0,0.0,0.0,0.0
1187,1788706283.0154,16.66,1950.927,217.306,2238.590,0.0,69.9,70.8,0.17,pos_only_smoothed,70.7,0.18,0x6ea869b0,0.0,0.0,0.0,0.0
1188,1788706283.0320,16.67,1951.181,217.301,2238.979,0.0,75.4,71.5,0.75,pos_only_smoothed,71.0,0.26,0x6ea869b0,0.0,0.0,0.0,0.0
1189,1788706283.0487,16.66,1951.309,217.299,2239.175,0.0,70.9,71.4,0.09,pos_only_smoothed,71.3,0.31,0x6ea869b0,0.0,0.0,0.0,0.0
1190,1788706283.0654,16.66,1951.436,217.296,2239.370,0.0,67.2,70.7,0.68,pos_only_smoothed,71.3,0.03,0x6ea869b0,0.0,0.0,0.0,0.0
1191,1788706283.0820,16.66,1951.690,217.290,2239.760,0.0,73.3,71.2,0.40,pos_only_smoothed,71.0,0.26,0x6ea869b0,0.0,0.0,0.0,0.0
1192,1788706283.0987,16.67,1951.818,217.287,2239.956,0.0,69.2,70.8,0.32,pos_only_smoothed,71.0,0.05,0x6ea869b0,0.0,0.0,0.0,0.0
1193,1788706283.1154,16.66,1952.073,217.282,2240.347,0.0,74.8,71.5,0.64,pos_only_smoothed,71.1,0.10,0x6ea869b0,0.0,0.0,0.0,0.0
1194,1788706283.1320,16.66,1952.200,217.279,2240.543,0.0,70.5,71.3,0.16,pos_only_smoothed,71.3,0.20,0x6ea869b0,0.0,0.0,0.0,0.0
1195,1788706283.1487,16.66,1952.328,217.277,2240.739,0.0,66.9,70.6,0.71,pos_only_smoothed,71.2,0.10,0x6ea869b0,0.0,0.0,0.0,0.0
1196,1788706283.1654,16.66,1952.584,217.272,2241.131,0.0,73.0,71.0,0.38,pos_only_smoothed,70.9,0.30,0x6ea869b0,0.0,0.0,0.0,0.0
1197,1788706283.1820,16.66,1952.712,217.270,2241.327,0.0,69.0,70.7,0.32,pos_only_smoothed,70.8,0.06,0x6ea869b0,0.0,0.0,0.0,0.0
1198,1788706283.1987,16.66,1952.968,217.267,2241.720,0.0,74.8,71.3,0.66,pos_only_smoothed,70.9,0.10,0x6ea869b0,0.0,0.0,0.0,0.0
1199,1788706283.2153,16.67,1953.097,217.266,2241.917,0.0,70.5,71.2,0.13,pos_only_smoothed,71.1,0.22,0x6ea869b0,0.0,0.0,0.0,0.0
1200,1788706283.2320,16.67,1953.353,217.264,2242.311,0.0,76.1,72.0,0.78,pos_only_smoothed,71.4,0.29,0x6ea869b0,0.0,0.0,0.0,0.0
1201,1788706283.2487,16.66,1953.482,217.264,2242.508,0.0,71.5,71.9,0.08,pos_only_smoothed,71.8,0.34,0x6ea869b0,0.0,0.0,0.0,0.0
1202,1788706283.2653,16.66,1953.610,217.263,2242.705,0.0,67.8,71.2,0.66,pos_only_smoothed,71.8,0.01,0x6ea869b0,0.0,0.0,0.0,0.0
1203,1788706283.2820,16.66,1953.867,217.263,2243.099,0.0,73.8,71.7,0.42,pos_only_smoothed,71.5,0.24,0x6ea869b0,0.0,0.0,0.0,0.0
1204,1788706283.2987,16.66,1953.996,217.263,2243.296,0.0,69.7,71.3,0.31,pos_only_smoothed,71.5,0.03,0x6ea869b0,0.0,0.0,0.0,0.0
1205,1788706283.3153,16.67,1954.253,217.264,2243.691,0.0,75.5,72.0,0.67,pos_only_smoothed,71.6,0.11,0x6ea869b0,0.0,0.0,0.0,0.0
1206,1788706283.3320,16.66,1954.381,217.264,2243.888,0.0,71.1,71.9,0.15,pos_only_smoothed,71.8,0.22,0x6ea869b0,0.0,0.0,0.0,0.0
1207,1788706283.3487,16.66,1954.510,217.265,2244.085,0.0,67.4,71.2,0.71,pos_only_smoothed,71.7,0.09,0x6ea869b0,0.0,0.0,0.0,0.0
1208,1788706283.3653,16.66,1954.767,217.266,2244.480,0.0,73.7,71.6,0.40,pos_only_smoothed,71.4,0.29,0x6ea869b0,0.0,0.0,0.0,0.0
1209,1788706283.3820,16.66,1954.896,217.266,2244.677,0.0,69.5,71.2,0.32,pos_only_smoothed,71.4,0.06,0x6ea869b0,0.0,0.0,0.0,0.0
1210,1788706283.3987,16.66,1955.153,217.267,2245.073,0.0,75.3,71.9,0.66,pos_only_smoothed,71.5,0.10,0x6ea869b0,0.0,0.0,0.0,0.0
1211,1788706283.4153,16.66,1955.282,217.268,2245.270,0.0,71.0,71.7,0.15,pos_only_smoothed,71.7,0.21,0x6ea869b0,0.0,0.0,0.0,0.0
1212,1788706283.4320,16.67,1955.539,217.270,2245.665,0.0,76.5,72.5,0.76,pos_only_smoothed,72.0,0.28,0x6ea869b0,0.0,0.0,0.0,0.0
1213,1788706283.4487,16.67,1955.668,217.272,2245.862,0.0,71.9,72.4,0.10,pos_only_smoothed,72.3,0.32,0x6ea869b0,0.0,0.0,0.0,0.0
1214,1788706283.4653,16.66,1955.796,217.273,2246.059,0.0,68.1,71.7,0.69,pos_only_smoothed,72.3,0.03,0x6ea869b0,0.0,0.0,0.0,0.0
1215,1788706283.4820,16.67,1956.054,217.275,2246.454,0.0,74.1,72.1,0.39,pos_only_smoothed,72.0,0.27,0x6ea869b0,0.0,0.0,0.0,0.0
1216,1788706283.4986,16.66,1956.183,217.277,2246.652,0.0,70.0,71.8,0.33,pos_only_smoothed,71.9,0.06,0x6ea869b0,0.0,0.0,0.0,0.0
1217,1788706283.5153,16.67,1956.440,217.279,2247.047,0.0,75.7,72.4,0.63,pos_only_smoothed,72.0,0.09,0x6ea869b0,0.0,0.0,0.0,0.0
1218,1788706283.5320,16.66,1956.569,217.281,2247.245,0.0,71.2,72.2,0.18,pos_only_smoothed,72.2,0.19,0x6ea869b0,0.0,0.0,0.0,0.0
1219,1788706283.5486,16.67,1956.698,217.282,2247.443,0.0,67.6,71.5,0.73,pos_only_smoothed,72.1,0.12,0x6ea869b0,0.0,0.0,0.0,0.0
1220,1788706283.5653,16.66,1956.956,217.284,2247.838,0.0,73.8,71.8,0.37,pos_only_smoothed,71.8,0.32,0x6ea869b0,0.0,0.0,0.0,0.0
1221,1788706283.5820,16.66,1957.085,217.286,2248.036,0.0,69.7,71.5,0.35,pos_only_smoothed,71.7,0.09,0x6ea869b0,0.0,0.0,0.0,0.0
1222,1788706283.5986,16.67,1957.343,217.288,2248.432,0.0,75.6,72.2,0.65,pos_only_smoothed,71.8,0.08,0x6ea869b0,0.0,0.0,0.0,0.0
1223,1788706283.6153,16.66,1957.472,217.289,2248.630,0.0,71.1,72.0,0.16,pos_only_smoothed,71.9,0.20,0x6ea869b0,0.0,0.0,0.0,0.0
1224,1788706283.6320,16.66,1957.731,217.291,2249.026,0.0,76.7,72.7,0.75,pos_only_smoothed,72.2,0.27,0x6ea869b0,0.0,0.0,0.0,0.0
1225,1788706283.6486,16.66,1957.860,217.292,2249.224,0.0,72.1,72.6,0.10,pos_only_smoothed,72.5,0.31,0x6ea869b0,0.0,0.0,0.0,0.0
1226,1788706283.6653,16.66,1957.989,217.293,2249.422,0.0,68.3,71.9,0.69,pos_only_smoothed,72.5,0.04,0x6ea869b0,0.0,0.0,0.0,0.0
1227,1788706283.6820,16.67,1958.247,217.294,2249.818,0.0,74.3,72.3,0.38,pos_only_smoothed,72.2,0.28,0x6ea869b0,0.0,0.0,0.0,0.0
1228,1788706283.6986,16.67,1958.376,217.294,2250.016,0.0,70.2,72.0,0.34,pos_only_smoothed,72.2,0.07,0x6ea869b0,0.0,0.0,0.0,0.0
1229,1788706283.7153,16.67,1958.635,217.295,2250.412,0.0,75.9,72.6,0.63,pos_only_smoothed,72.2,0.08,0x6ea869b0,0.0,0.0,0.0,0.0
1230,1788706283.7320,16.66,1958.764,217.295,2250.610,0.0,71.4,72.4,0.19,pos_only_smoothed,72.4,0.18,0x6ea869b0,0.0,0.0,0.0,0.0
1231,1788706283.7486,16.66,1958.893,217.296,2250.808,0.0,67.8,71.7,0.74,pos_only_smoothed,72.3,0.12,0x6ea869b0,0.0,0.0,0.0,0.0
1232,1788706283.7653,16.66,1959.151,217.295,2251.204,0.0,73.9,72.0,0.36,pos_only_smoothed,72.0,0.33,0x6ea869b0,0.0,0.0,0.0,0.0
1233,1788706283.7819,16.66,1959.280,217.294,2251.403,0.0,69.9,71.7,0.35,pos_only_smoothed,71.9,0.09,0x6ea869b0,0.0,0.0,0.0,0.0
1234,1788706283.7986,16.66,1959.539,217.292,2251.800,0.0,75.7,72.3,0.64,pos_only_smoothed,71.9,0.08,0x6ea869b0,0.0,0.0,0.0,0.0
1235,1788706283.8153,16.66,1959.668,217.291,2251.998,0.0,71.2,72.2,0.18,pos_only_smoothed,72.1,0.19,0x6ea869b0,0.0,0.0,0.0,0.0
1236,1788706283.8319,16.66,1959.798,217.290,2252.196,0.0,67.7,71.4,0.72,pos_only_smoothed,72.0,0.11,0x6ea869b0,0.0,0.0,0.0,0.0
1237,1788706283.8486,16.66,1960.056,217.286,2252.592,0.0,73.8,71.8,0.38,pos_only_smoothed,71.7,0.31,0x6ea869b0,0.0,0.0,0.0,0.0
1238,1788706283.8653,16.66,1960.185,217.284,2252.791,0.0,69.7,71.5,0.33,pos_only_smoothed,71.6,0.07,0x6ea869b0,0.0,0.0,0.0,0.0
1239,1788706283.8819,16.66,1960.443,217.279,2253.187,0.0,75.6,72.2,0.66,pos_only_smoothed,71.7,0.09,0x6ea869b0,0.0,0.0,0.0,0.0
1240,1788706283.8986,16.66,1960.572,217.276,2253.385,0.0,71.2,72.0,0.15,pos_only_smoothed,71.9,0.21,0x6ea869b0,0.0,0.0,0.0,0.0
1241,1788706283.9153,16.66,1960.830,217.270,2253.782,0.0,76.7,72.8,0.76,pos_only_smoothed,72.2,0.28,0x6ea869b0,0.0,0.0,0.0,0.0
1242,1788706283.9319,16.66,1960.959,217.267,2253.980,0.0,72.2,72.7,0.10,pos_only_smoothed,72.5,0.32,0x6ea869b0,0.0,0.0,0.0,0.0
1243,1788706283.9486,16.66,1961.087,217.263,2254.178,0.0,68.3,72.0,0.70,pos_only_smoothed,72.5,0.03,0x6ea869b0,0.0,0.0,0.0,0.0
1244,1788706283.9652,16.66,1961.345,217.257,2254.574,0.0,74.5,72.4,0.40,pos_only_smoothed,72.2,0.27,0x6ea869b0,0.0,0.0,0.0,0.0
1245,1788706283.9819,16.66,1961.474,217.253,2254.773,0.0,70.3,72.0,0.34,pos_only_smoothed,72.2,0.06,0x6ea869b0,0.0,0.0,0.0,0.0
1246,1788706283.9986,16.66,1961.732,217.246,2255.170,0.0,76.0,72.7,0.63,pos_only_smoothed,72.3,0.09,0x6ea869b0,0.0,0.0,0.0,0.0
1247,1788706284.0152,16.61,1961.861,217.242,2255.368,0.0,71.5,72.5,0.18,pos_only_smoothed,72.5,0.19,0x6ea869b0,0.0,0.0,0.0,0.0
1248,1788706284.0318,16.66,1961.990,217.239,2255.567,0.0,67.9,71.8,0.73,pos_only_smoothed,72.3,0.11,0x6ea869b0,0.0,0.0,0.0,0.0
1249,1788706284.0485,16.66,1962.248,217.232,2255.964,0.0,74.1,72.1,0.37,pos_only_smoothed,72.0,0.32,0x6ea869b0,0.0,0.0,0.0,0.0
1250,1788706284.0652,16.67,1962.377,217.229,2256.163,0.0,69.9,71.8,0.35,pos_only_smoothed,71.9,0.09,0x6ea869b0,0.0,0.0,0.0,0.0
1251,1788706284.0818,16.67,1962.636,217.222,2256.559,0.0,75.8,72.4,0.65,pos_only_smoothed,72.0,0.08,0x6ea869b0,0.0,0.0,0.0,0.0
1252,1788706284.0985,16.66,1962.765,217.220,2256.758,0.0,71.4,72.3,0.17,pos_only_smoothed,72.2,0.19,0x6ea869b0,0.0,0.0,0.0,0.0
1253,1788706284.1152,16.66,1963.024,217.215,2257.155,0.0,76.9,73.0,0.75,pos_only_smoothed,72.5,0.26,0x6ea869b0,0.0,0.0,0.0,0.0
1254,1788706284.1318,16.66,1963.153,217.213,2257.354,0.0,72.3,72.9,0.11,pos_only_smoothed,72.8,0.30,0x6ea869b0,0.0,0.0,0.0,0.0
1255,1788706284.1485,16.66,1963.282,217.211,2257.553,0.0,68.5,72.2,0.70,pos_only_smoothed,72.7,0.04,0x6ea869b0,0.0,0.0,0.0,0.0
1256,1788706284.1652,16.67,1963.542,217.207,2257.949,0.0,74.6,72.6,0.38,pos_only_smoothed,72.5,0.28,0x6ea869b0,0.0,0.0,0.0,0.0
1257,1788706284.1818,16.67,1963.672,217.205,2258.147,0.0,70.4,72.2,0.35,pos_only_smoothed,72.4,0.07,0x6ea869b0,0.0,0.0,0.0,0.0
1258,1788706284.1985,16.67,1963.932,217.203,2258.543,0.0,76.1,72.8,0.62,pos_only_smoothed,72.5,0.08,0x6ea869b0,0.0,0.0,0.0,0.0
1259,1788706284.2152,16.66,1964.062,217.201,2258.742,0.0,71.6,72.6,0.19,pos_only_smoothed,72.6,0.17,0x6ea869b0,0.0,0.0,0.0,0.0
1260,1788706284.2318,16.66,1964.192,217.200,2258.940,0.0,68.0,71.9,0.75,pos_only_smoothed,72.5,0.13,0x6ea869b0,0.0,0.0,0.0,0.0
1261,1788706284.2485,16.67,1964.454,217.199,2259.336,0.0,74.2,72.3,0.36,pos_only_smoothed,72.2,0.33,0x6ea869b0,0.0,0.0,0.0,0.0
1262,1788706284.2651,16.66,1964.585,217.199,2259.533,0.0,70.1,71.9,0.35,pos_only_smoothed,72.1,0.09,0x6ea869b0,0.0,0.0,0.0,0.0
1263,1788706284.2818,16.66,1964.847,217.199,2259.929,0.0,75.9,72.5,0.63,pos_only_smoothed,72.2,0.07,0x6ea869b0,0.0,0.0,0.0,0.0
1264,1788706284.2985,16.67,1964.979,217.199,2260.126,0.0,71.4,72.4,0.18,pos_only_smoothed,72.3,0.18,0x6ea869b0,0.0,0.0,0.0,0.0
1265,1788706284.3152,16.68,1965.243,217.200,2260.521,0.0,77.0,73.1,0.74,pos_only_smoothed,72.6,0.25,0x6ea869b0,0.0,0.0,0.0,0.0
1266,1788706284.3318,16.66,1965.375,217.201,2260.718,0.0,72.4,73.0,0.11,pos_only_smoothed,72.9,0.30,0x6ea869b0,0.0,0.0,0.0,0.0
1267,1788706284.3485,16.66,1965.508,217.202,2260.915,0.0,68.6,72.3,0.70,pos_only_smoothed,72.8,0.05,0x6ea869b0,0.0,0.0,0.0,0.0
1268,1788706284.3651,16.66,1965.775,217.205,2261.308,0.0,74.8,72.7,0.40,pos_only_smoothed,72.6,0.28,0x6ea869b0,0.0,0.0,0.0,0.0
1269,1788706284.3818,16.66,1965.908,217.206,2261.504,0.0,70.5,72.3,0.35,pos_only_smoothed,72.5,0.06,0x6ea869b0,0.0,0.0,0.0,0.0
1270,1788706284.3985,16.66,1966.176,217.208,2261.896,0.0,76.2,73.0,0.63,pos_only_smoothed,72.6,0.08,0x6ea869b0,0.0,0.0,0.0,0.0
1271,1788706284.4151,16.66,1966.310,217.208,2262.092,0.0,71.8,72.8,0.19,pos_only_smoothed,72.8,0.18,0x6ea869b0,0.0,0.0,0.0,0.0
1272,1788706284.4318,16.66,1966.444,217.209,2262.288,0.0,68.1,72.0,0.75,pos_only_smoothed,72.6,0.13,0x6ea869b0,0.0,0.0,0.0,0.0
1273,1788706284.4485,16.66,1966.713,217.210,2262.678,0.0,74.2,72.4,0.35,pos_only_smoothed,72.3,0.34,0x6ea869b0,0.0,0.0,0.0,0.0
1274,1788706284.4651,16.67,1966.848,217.210,2262.873,0.0,70.1,72.0,0.36,pos_only_smoothed,72.2,0.10,0x6ea869b0,0.0,0.0,0.0,0.0
1275,1788706284.4818,16.66,1967.119,217.213,2263.261,0.0,75.9,72.6,0.61,pos_only_smoothed,72.3,0.06,0x6ea869b0,0.0,0.0,0.0,0.0
1276,1788706284.4985,16.66,1967.254,217.214,2263.456,0.0,71.4,72.4,0.20,pos_only_smoothed,72.4,0.17,0x6ea869b0,0.0,0.0,0.0,0.0
1277,1788706284.5151,16.67,1967.527,217.215,2263.843,0.0,77.0,73.2,0.74,pos_only_smoothed,72.7,0.24,0x6ea869b0,0.0,0.0,0.0,0.0
1278,1788706284.5318,16.66,1967.663,217.216,2264.038,0.0,72.4,73.0,0.12,pos_only_smoothed,72.9,0.29,0x6ea869b0,0.0,0.0,0.0,0.0
1279,1788706284.5484,16.66,1967.799,217.216,2264.231,0.0,68.6,72.3,0.71,pos_only_smoothed,72.9,0.06,0x6ea869b0,0.0,0.0,0.0,0.0
1280,1788706284.5651,16.67,1968.073,217.216,2264.617,0.0,74.6,72.7,0.36,pos_only_smoothed,72.6,0.30,0x6ea869b0,0.0,0.0,0.0,0.0
1281,1788706284.5818,16.66,1968.210,217.215,2264.811,0.0,70.4,72.3,0.37,pos_only_smoothed,72.5,0.09,0x6ea869b0,0.0,0.0,0.0,0.0
1282,1788706284.5984,16.67,1968.486,217.213,2265.197,0.0,76.2,72.9,0.63,pos_only_smoothed,72.6,0.06,0x6ea869b0,0.0,0.0,0.0,0.0
1283,1788706284.6151,16.66,1968.624,217.212,2265.390,0.0,71.7,72.8,0.20,pos_only_smoothed,72.7,0.17,0x6ea869b0,0.0,0.0,0.0,0.0
1284,1788706284.6318,16.66,1968.762,217.210,2265.583,0.0,68.0,72.0,0.76,pos_only_smoothed,72.6,0.13,0x6ea869b0,0.0,0.0,0.0,0.0
1285,1788706284.6484,16.66,1969.040,217.207,2265.966,0.0,74.2,72.4,0.36,pos_only_smoothed,72.3,0.34,0x6ea869b0,0.0,0.0,0.0,0.0
1286,1788706284.6651,16.66,1969.179,217.206,2266.159,0.0,70.1,72.0,0.36,pos_only_smoothed,72.2,0.10,0x6ea869b0,0.0,0.0,0.0,0.0
1287,1788706284.6818,16.67,1969.460,217.203,2266.541,0.0,75.9,72.6,0.62,pos_only_smoothed,72.2,0.07,0x6ea869b0,0.0,0.0,0.0,0.0
1288,1788706284.6984,16.66,1969.600,217.201,2266.732,0.0,71.5,72.4,0.18,pos_only_smoothed,72.4,0.18,0x6ea869b0,0.0,0.0,0.0,0.0
1289,1788706284.7151,16.67,1969.882,217.198,2267.114,0.0,77.0,73.2,0.73,pos_only_smoothed,72.7,0.25,0x6ea869b0,0.0,0.0,0.0,0.0
1290,1788706284.7318,16.66,1970.024,217.196,2267.304,0.0,72.4,73.0,0.13,pos_only_smoothed,73.0,0.29,0x6ea869b0,0.0,0.0,0.0,0.0
1291,1788706284.7484,16.66,1970.165,217.194,2267.495,0.0,68.6,72.3,0.71,pos_only_smoothed,72.9,0.06,0x6ea869b0,0.0,0.0,0.0,0.0
1292,1788706284.7651,16.66,1970.450,217.191,2267.876,0.0,74.7,72.7,0.38,pos_only_smoothed,72.6,0.29,0x6ea869b0,0.0,0.0,0.0,0.0
1293,1788706284.7817,16.66,1970.592,217.190,2268.066,0.0,70.5,72.4,0.35,pos_only_smoothed,72.5,0.07,0x6ea869b0,0.0,0.0,0.0,0.0
1294,1788706284.7984,16.66,1970.878,217.188,2268.446,0.0,76.3,73.0,0.63,pos_only_smoothed,72.6,0.08,0x6ea869b0,0.0,0.0,0.0,0.0
1295,1788706284.8151,16.66,1971.022,217.187,2268.635,0.0,71.8,72.8,0.20,pos_only_smoothed,72.8,0.18,0x6ea869b0,0.0,0.0,0.0,0.0
1296,1788706284.8317,16.66,1971.165,217.186,2268.825,0.0,68.1,72.0,0.75,pos_only_smoothed,72.7,0.13,0x6ea869b0,0.0,0.0,0.0,0.0
1297,1788706284.8484,16.67,1971.454,217.184,2269.204,0.0,74.4,72.4,0.37,pos_only_smoothed,72.3,0.33,0x6ea869b0,0.0,0.0,0.0,0.0
1298,1788706284.8651,16.66,1971.599,217.184,2269.393,0.0,70.2,72.1,0.35,pos_only_smoothed,72.2,0.09,0x6ea869b0,0.0,0.0,0.0,0.0
1299,1788706284.8817,16.67,1971.889,217.182,2269.771,0.0,76.2,72.7,0.66,pos_only_smoothed,72.3,0.08,0x6ea869b0,0.0,0.0,0.0,0.0
1300,1788706284.8984,16.66,1972.034,217.182,2269.960,0.0,71.7,72.6,0.16,pos_only_smoothed,72.5,0.20,0x6ea869b0,0.0,0.0,0.0,0.0
1301,1788706284.9151,16.66,1972.326,217.180,2270.336,0.0,77.3,73.3,0.75,pos_only_smoothed,72.8,0.27,0x6ea869b0,0.0,0.0,0.0,0.0
1302,1788706284.9317,16.66,1972.473,217.180,2270.524,0.0,72.7,73.2,0.10,pos_only_smoothed,73.1,0.31,0x6ea869b0,0.0,0.0,0.0,0.0
1303,1788706284.9484,16.67,1972.620,217.180,2270.712,0.0,68.9,72.5,0.70,pos_only_smoothed,73.1,0.04,0x6ea869b0,0.0,0.0,0.0,0.0
1304,1788706284.9651,16.66,1972.915,217.180,2271.086,0.0,74.9,72.9,0.39,pos_only_smoothed,72.8,0.28,0x6ea869b0,0.0,0.0,0.0,0.0
1305,1788706284.9817,16.66,1973.063,217.180,2271.273,0.0,70.8,72.6,0.34,pos_only_smoothed,72.7,0.07,0x6ea869b0,0.0,0.0,0.0,0.0
1306,1788706284.9984,16.66,1973.360,217.180,2271.646,0.0,76.5,73.2,0.63,pos_only_smoothed,72.8,0.08,0x6ea869b0,0.0,0.0,0.0,0.0
1307,1788706285.0150,16.66,1973.510,217.180,2271.832,0.0,72.1,73.0,0.18,pos_only_smoothed,73.0,0.19,0x6ea869b0,0.0,0.0,0.0,0.0
1308,1788706285.0317,16.66,1973.660,217.181,2272.017,0.0,68.3,72.3,0.75,pos_only_smoothed,72.9,0.12,0x6ea869b0,0.0,0.0,0.0,0.0
1309,1788706285.0484,16.67,1973.961,217.181,2272.388,0.0,74.6,72.6,0.37,pos_only_smoothed,72.5,0.33,0x6ea869b0,0.0,0.0,0.0,0.0
1310,1788706285.0650,16.66,1974.112,217.182,2272.572,0.0,70.4,72.3,0.35,pos_only_smoothed,72.5,0.09,0x6ea869b0,0.0,0.0,0.0,0.0
1311,1788706285.0817,16.66,1974.415,217.183,2272.940,0.0,76.3,72.9,0.63,pos_only_smoothed,72.5,0.08,0x6ea869b0,0.0,0.0,0.0,0.0
1312,1788706285.0984,16.66,1974.568,217.183,2273.124,0.0,71.8,72.7,0.18,pos_only_smoothed,72.7,0.19,0x6ea869b0,0.0,0.0,0.0,0.0
1313,1788706285.1150,16.67,1974.874,217.185,2273.490,0.0,77.5,73.5,0.76,pos_only_smoothed,73.0,0.26,0x6ea869b0,0.0,0.0,0.0,0.0
1314,1788706285.1317,16.66,1975.028,217.185,2273.673,0.0,72.8,73.4,0.11,pos_only_smoothed,73.3,0.31,0x6ea869b0,0.0,0.0,0.0,0.0
1315,1788706285.1484,16.66,1975.182,217.186,2273.855,0.0,69.0,72.7,0.71,pos_only_smoothed,73.2,0.04,0x6ea869b0,0.0,0.0,0.0,0.0
1316,1788706285.1650,16.66,1975.491,217.187,2274.218,0.0,75.2,73.1,0.40,pos_only_smoothed,73.0,0.28,0x6ea869b0,0.0,0.0,0.0,0.0
1317,1788706285.1817,16.66,1975.647,217.188,2274.399,0.0,70.9,72.7,0.35,pos_only_smoothed,72.9,0.07,0x6ea869b0,0.0,0.0,0.0,0.0
1318,1788706285.1984,16.67,1975.958,217.189,2274.761,0.0,76.7,73.4,0.63,pos_only_smoothed,73.0,0.08,0x6ea869b0,0.0,0.0,0.0,0.0
1319,1788706285.2150,16.66,1976.115,217.190,2274.941,0.0,72.2,73.2,0.19,pos_only_smoothed,73.2,0.18,0x6ea869b0,0.0,0.0,0.0,0.0
1320,1788706285.2317,16.66,1976.272,217.191,2275.121,0.0,68.5,72.4,0.76,pos_only_smoothed,73.0,0.13,0x6ea869b0,0.0,0.0,0.0,0.0
1321,1788706285.2483,16.66,1976.586,217.192,2275.480,0.0,74.8,72.8,0.37,pos_only_smoothed,72.7,0.33,0x6ea869b0,0.0,0.0,0.0,0.0
1322,1788706285.2650,16.66,1976.743,217.193,2275.660,0.0,70.6,72.4,0.36,pos_only_smoothed,72.6,0.09,0x6ea869b0,0.0,0.0,0.0,0.0
1323,1788706285.2817,16.66,1977.059,217.194,2276.017,0.0,76.4,73.1,0.63,pos_only_smoothed,72.7,0.07,0x6ea869b0,0.0,0.0,0.0,0.0
1324,1788706285.2983,16.66,1977.217,217.194,2276.196,0.0,71.9,72.9,0.18,pos_only_smoothed,72.9,0.18,0x6ea869b0,0.0,0.0,0.0,0.0
1325,1788706285.3150,16.67,1977.535,217.195,2276.552,0.0,77.5,73.6,0.74,pos_only_smoothed,73.1,0.25,0x6ea869b0,0.0,0.0,0.0,0.0
1326,1788706285.3317,16.67,1977.694,217.195,2276.730,0.0,72.8,73.5,0.13,pos_only_smoothed,73.4,0.29,0x6ea869b0,0.0,0.0,0.0,0.0
1327,1788706285.3483,16.66,1977.853,217.195,2276.908,0.0,69.0,72.8,0.71,pos_only_smoothed,73.3,0.06,0x6ea869b0,0.0,0.0,0.0,0.0
1328,1788706285.3650,16.66,1978.173,217.196,2277.262,0.0,75.1,73.1,0.37,pos_only_smoothed,73.0,0.30,0x6ea869b0,0.0,0.0,0.0,0.0
1329,1788706285.3817,16.67,1978.333,217.196,2277.440,0.0,70.9,72.8,0.36,pos_only_smoothed,73.0,0.08,0x6ea869b0,0.0,0.0,0.0,0.0
1330,1788706285.3983,16.67,1978.654,217.196,2277.793,0.0,76.7,73.4,0.63,pos_only_smoothed,73.0,0.07,0x6ea869b0,0.0,0.0,0.0,0.0
1331,1788706285.4150,16.66,1978.815,217.196,2277.971,0.0,72.2,73.2,0.19,pos_only_smoothed,73.2,0.18,0x6ea869b0,0.0,0.0,0.0,0.0
1332,1788706285.4317,16.66,1978.976,217.195,2278.147,0.0,68.5,72.5,0.76,pos_only_smoothed,73.1,0.13,0x6ea869b0,0.0,0.0,0.0,0.0
1333,1788706285.4483,16.67,1979.299,217.195,2278.500,0.0,74.8,72.8,0.38,pos_only_smoothed,72.8,0.33,0x6ea869b0,0.0,0.0,0.0,0.0
1334,1788706285.4650,16.66,1979.461,217.195,2278.677,0.0,70.7,72.5,0.35,pos_only_smoothed,72.7,0.09,0x6ea869b0,0.0,0.0,0.0,0.0
1335,1788706285.4816,16.66,1979.786,217.194,2279.028,0.0,76.6,73.2,0.66,pos_only_smoothed,72.8,0.09,0x6ea869b0,0.0,0.0,0.0,0.0
1336,1788706285.4983,16.66,1979.948,217.194,2279.205,0.0,72.1,73.0,0.16,pos_only_smoothed,73.0,0.20,0x6ea869b0,0.0,0.0,0.0,0.0
1337,1788706285.5150,16.67,1980.274,217.194,2279.556,0.0,77.7,73.8,0.76,pos_only_smoothed,73.2,0.27,0x6ea869b0,0.0,0.0,0.0,0.0
1338,1788706285.5316,16.66,1980.437,217.193,2279.732,0.0,73.1,73.7,0.10,pos_only_smoothed,73.5,0.31,0x6ea869b0,0.0,0.0,0.0,0.0
1339,1788706285.5483,16.66,1980.600,217.193,2279.907,0.0,69.2,72.9,0.71,pos_only_smoothed,73.5,0.04,0x6ea869b0,0.0,0.0,0.0,0.0
1340,1788706285.5650,16.67,1980.929,217.194,2280.258,0.0,75.4,73.3,0.40,pos_only_smoothed,73.2,0.28,0x6ea869b0,0.0,0.0,0.0,0.0
1341,1788706285.5816,16.66,1981.093,217.194,2280.433,0.0,71.2,73.0,0.34,pos_only_smoothed,73.2,0.06,0x6ea869b0,0.0,0.0,0.0,0.0
1342,1788706285.5983,16.66,1981.422,217.195,2280.782,0.0,77.0,73.6,0.64,pos_only_smoothed,73.3,0.09,0x6ea869b0,0.0,0.0,0.0,0.0
1343,1788706285.6150,16.66,1981.587,217.196,2280.957,0.0,72.5,73.5,0.19,pos_only_smoothed,73.4,0.19,0x6ea869b0,0.0,0.0,0.0,0.0
1344,1788706285.6316,16.66,1981.752,217.197,2281.132,0.0,68.8,72.7,0.74,pos_only_smoothed,73.3,0.12,0x6ea869b0,0.0,0.0,0.0,0.0
1345,1788706285.6483,16.67,1982.084,217.199,2281.480,0.0,75.1,73.1,0.38,pos_only_smoothed,73.0,0.32,0x6ea869b0,0.0,0.0,0.0,0.0
1346,1788706285.6650,16.66,1982.249,217.200,2281.655,0.0,70.9,72.7,0.35,pos_only_smoothed,72.9,0.08,0x6ea869b0,0.0,0.0,0.0,0.0
1347,1788706285.6816,16.66,1982.582,217.203,2282.002,0.0,76.9,73.4,0.67,pos_only_smoothed,73.0,0.09,0x6ea869b0,0.0,0.0,0.0,0.0
1348,1788706285.6983,16.66,1982.748,217.204,2282.176,0.0,72.4,73.3,0.16,pos_only_smoothed,73.2,0.21,0x6ea869b0,0.0,0.0,0.0,0.0
1349,1788706285.7149,16.66,1983.081,217.207,2282.523,0.0,78.1,74.0,0.78,pos_only_smoothed,73.5,0.28,0x6ea869b0,0.0,0.0,0.0,0.0
1350,1788706285.7316,16.67,1983.248,217.208,2282.697,0.0,73.4,73.9,0.10,pos_only_smoothed,73.8,0.33,0x6ea869b0,0.0,0.0,0.0,0.0
1351,1788706285.7483,16.66,1983.415,217.209,2282.871,0.0,69.6,73.2,0.70,pos_only_smoothed,73.8,0.03,0x6ea869b0,0.0,0.0,0.0,0.0
1352,1788706285.7649,16.67,1983.749,217.212,2283.217,0.0,75.8,73.7,0.41,pos_only_smoothed,73.5,0.27,0x6ea869b0,0.0,0.0,0.0,0.0
1353,1788706285.7816,16.66,1983.916,217.213,2283.390,0.0,71.5,73.3,0.34,pos_only_smoothed,73.5,0.05,0x6ea869b0,0.0,0.0,0.0,0.0
1354,1788706285.7983,16.67,1984.251,217.216,2283.736,0.0,77.3,74.0,0.64,pos_only_smoothed,73.6,0.09,0x6ea869b0,0.0,0.0,0.0,0.0
1355,1788706285.8149,16.66,1984.419,217.217,2283.908,0.0,72.8,73.8,0.19,pos_only_smoothed,73.7,0.19,0x6ea869b0,0.0,0.0,0.0,0.0
1356,1788706285.8316,16.66,1984.586,217.218,2284.081,0.0,69.0,73.0,0.76,pos_only_smoothed,73.6,0.12,0x6ea869b0,0.0,0.0,0.0,0.0
1357,1788706285.8483,16.66,1984.922,217.221,2284.425,0.0,75.3,73.4,0.36,pos_only_smoothed,73.3,0.34,0x6ea869b0,0.0,0.0,0.0,0.0
1358,1788706285.8649,16.66,1985.091,217.222,2284.597,0.0,71.1,73.0,0.36,pos_only_smoothed,73.2,0.10,0x6ea869b0,0.0,0.0,0.0,0.0
1359,1788706285.8816,16.66,1985.427,217.224,2284.940,0.0,76.9,73.6,0.63,pos_only_smoothed,73.3,0.07,0x6ea869b0,0.0,0.0,0.0,0.0
1360,1788706285.8983,16.66,1985.597,217.225,2285.112,0.0,72.5,73.5,0.19,pos_only_smoothed,73.4,0.18,0x6ea869b0,0.0,0.0,0.0,0.0
1361,1788706285.9149,16.66,1985.765,217.226,2285.283,0.0,68.8,72.7,0.75,pos_only_smoothed,73.3,0.12,0x6ea869b0,0.0,0.0,0.0,0.0
1362,1788706285.9316,16.66,1986.104,217.227,2285.626,0.0,75.1,73.1,0.39,pos_only_smoothed,73.0,0.32,0x6ea869b0,0.0,0.0,0.0,0.0
1363,1788706285.9482,16.66,1986.273,217.227,2285.797,0.0,71.0,72.8,0.34,pos_only_smoothed,72.9,0.08,0x6ea869b0,0.0,0.0,0.0,0.0
1364,1788706285.9649,16.67,1986.613,217.227,2286.139,0.0,76.9,73.4,0.67,pos_only_smoothed,73.0,0.09,0x6ea869b0,0.0,0.0,0.0,0.0
1365,1788706285.9816,16.66,1986.783,217.226,2286.309,0.0,72.4,73.3,0.16,pos_only_smoothed,73.2,0.21,0x6ea869b0,0.0,0.0,0.0,0.0
1366,1788706285.9982,16.66,1987.123,217.226,2286.650,0.0,78.2,74.0,0.79,pos_only_smoothed,73.5,0.28,0x6ea869b0,0.0,0.0,0.0,0.0
1367,1788706286.0149,16.66,1987.294,217.225,2286.820,0.0,73.5,73.9,0.09,pos_only_smoothed,73.8,0.33,0x6ea869b0,0.0,0.0,0.0,0.0
1368,1788706286.0316,16.66,1987.465,217.224,2286.989,0.0,69.6,73.2,0.70,pos_only_smoothed,73.8,0.03,0x6ea869b0,0.0,0.0,0.0,0.0
1369,1788706286.0482,16.62,1987.808,217.223,2287.328,0.0,75.9,73.7,0.42,pos_only_smoothed,73.5,0.27,0x6ea869b0,0.0,0.0,0.0,0.0
1370,1788706286.0648,16.66,1987.980,217.221,2287.497,0.0,71.6,73.3,0.33,pos_only_smoothed,73.5,0.05,0x6ea869b0,0.0,0.0,0.0,0.0
1371,1788706286.0815,16.66,1988.325,217.219,2287.834,0.0,77.4,74.0,0.66,pos_only_smoothed,73.6,0.11,0x6ea869b0,0.0,0.0,0.0,0.0
1372,1788706286.0982,16.66,1988.498,217.218,2288.001,0.0,72.8,73.8,0.19,pos_only_smoothed,73.8,0.20,0x6ea869b0,0.0,0.0,0.0,0.0
1373,1788706286.1148,16.67,1988.671,217.217,2288.169,0.0,69.1,73.1,0.75,pos_only_smoothed,73.7,0.12,0x6ea869b0,0.0,0.0,0.0,0.0
1374,1788706286.1315,16.66,1989.019,217.215,2288.503,0.0,75.4,73.4,0.37,pos_only_smoothed,73.3,0.33,0x6ea869b0,0.0,0.0,0.0,0.0
1375,1788706286.1482,16.67,1989.194,217.213,2288.669,0.0,71.2,73.1,0.36,pos_only_smoothed,73.2,0.09,0x6ea869b0,0.0,0.0,0.0,0.0
1376,1788706286.1648,16.66,1989.543,217.210,2289.001,0.0,77.2,73.7,0.66,pos_only_smoothed,73.3,0.08,0x6ea869b0,0.0,0.0,0.0,0.0
1377,1788706286.1815,16.66,1989.719,217.209,2289.165,0.0,72.6,73.6,0.18,pos_only_smoothed,73.5,0.19,0x6ea869b0,0.0,0.0,0.0,0.0
1378,1788706286.1982,16.67,1990.072,217.206,2289.493,0.0,78.2,74.3,0.75,pos_only_smoothed,73.8,0.26,0x6ea869b0,0.0,0.0,0.0,0.0
1379,1788706286.2148,16.66,1990.249,217.204,2289.657,0.0,73.6,74.2,0.12,pos_only_smoothed,74.1,0.30,0x6ea869b0,0.0,0.0,0.0,0.0
1380,1788706286.2315,16.66,1990.427,217.202,2289.819,0.0,69.7,73.5,0.72,pos_only_smoothed,74.0,0.05,0x6ea869b0,0.0,0.0,0.0,0.0
1381,1788706286.2482,16.66,1990.783,217.199,2290.143,0.0,75.8,73.8,0.37,pos_only_smoothed,73.7,0.30,0x6ea869b0,0.0,0.0,0.0,0.0
1382,1788706286.2648,16.66,1990.963,217.197,2290.303,0.0,71.6,73.5,0.37,pos_only_smoothed,73.6,0.09,0x6ea869b0,0.0,0.0,0.0,0.0
1383,1788706286.2815,16.66,1991.322,217.194,2290.623,0.0,77.3,74.1,0.62,pos_only_smoothed,73.7,0.06,0x6ea869b0,0.0,0.0,0.0,0.0
1384,1788706286.2981,16.66,1991.502,217.192,2290.782,0.0,72.8,73.9,0.21,pos_only_smoothed,73.9,0.16,0x6ea869b0,0.0,0.0,0.0,0.0
1385,1788706286.3148,16.66,1991.684,217.190,2290.940,0.0,69.0,73.1,0.78,pos_only_smoothed,73.7,0.14,0x6ea869b0,0.0,0.0,0.0,0.0
1386,1788706286.3315,16.66,1992.047,217.187,2291.255,0.0,75.3,73.4,0.34,pos_only_smoothed,73.4,0.36,0x6ea869b0,0.0,0.0,0.0,0.0
1387,1788706286.3481,16.66,1992.229,217.186,2291.412,0.0,71.1,73.1,0.38,pos_only_smoothed,73.3,0.12,0x6ea869b0,0.0,0.0,0.0,0.0
1388,1788706286.3648,16.66,1992.595,217.183,2291.724,0.0,77.0,73.7,0.62,pos_only_smoothed,73.3,0.05,0x6ea869b0,0.0,0.0,0.0,0.0
1389,1788706286.3815,16.66,1992.779,217.181,2291.879,0.0,72.4,73.5,0.20,pos_only_smoothed,73.5,0.16,0x6ea869b0,0.0,0.0,0.0,0.0
1390,1788706286.3981,16.67,1993.148,217.179,2292.187,0.0,78.2,74.2,0.74,pos_only_smoothed,73.7,0.24,0x6ea869b0,0.0,0.0,0.0,0.0
1391,1788706286.4148,16.66,1993.333,217.178,2292.342,0.0,73.4,74.1,0.13,pos_only_smoothed,74.0,0.29,0x6ea869b0,0.0,0.0,0.0,0.0
1392,1788706286.4315,16.66,1993.519,217.177,2292.494,0.0,69.5,73.4,0.73,pos_only_smoothed,73.9,0.06,0x6ea869b0,0.0,0.0,0.0,0.0
1393,1788706286.4481,16.67,1993.891,217.176,2292.799,0.0,75.8,73.8,0.39,pos_only_smoothed,73.6,0.30,0x6ea869b0,0.0,0.0,0.0,0.0
1394,1788706286.4648,16.66,1994.078,217.176,2292.950,0.0,71.5,73.4,0.37,pos_only_smoothed,73.6,0.08,0x6ea869b0,0.0,0.0,0.0,0.0
1395,1788706286.4814,16.66,1994.455,217.176,2293.250,0.0,77.4,74.0,0.64,pos_only_smoothed,73.6,0.07,0x6ea869b0,0.0,0.0,0.0,0.0
1396,1788706286.4981,16.66,1994.642,217.176,2293.400,0.0,72.8,73.8,0.20,pos_only_smoothed,73.8,0.18,0x6ea869b0,0.0,0.0,0.0,0.0
1397,1788706286.5148,16.67,1994.831,217.176,2293.549,0.0,69.0,73.1,0.77,pos_only_smoothed,73.7,0.13,0x6ea869b0,0.0,0.0,0.0,0.0
1398,1788706286.5314,16.66,1995.210,217.176,2293.845,0.0,75.4,73.4,0.37,pos_only_smoothed,73.3,0.35,0x6ea869b0,0.0,0.0,0.0,0.0
1399,1788706286.5481,16.66,1995.400,217.175,2293.992,0.0,71.1,73.0,0.37,pos_only_smoothed,73.2,0.10,0x6ea869b0,0.0,0.0,0.0,0.0
1400,1788706286.5648,16.66,1995.781,217.175,2294.283,0.0,76.9,73.7,0.61,pos_only_smoothed,73.3,0.06,0x6ea869b0,0.0,0.0,0.0,0.0
1401,1788706286.5814,16.66,1995.972,217.175,2294.429,0.0,72.5,73.5,0.20,pos_only_smoothed,73.5,0.17,0x6ea869b0,0.0,0.0,0.0,0.0
1402,1788706286.5981,16.67,1996.356,217.176,2294.716,0.0,78.0,74.2,0.72,pos_only_smoothed,73.7,0.24,0x6ea869b0,0.0,0.0,0.0,0.0
1403,1788706286.6148,16.66,1996.548,217.176,2294.859,0.0,73.3,74.0,0.15,pos_only_smoothed,74.0,0.27,0x6ea869b0,0.0,0.0,0.0,0.0
1404,1788706286.6314,16.66,1996.741,217.176,2295.002,0.0,69.4,73.3,0.74,pos_only_smoothed,73.9,0.08,0x6ea869b0,0.0,0.0,0.0,0.0
1405,1788706286.6481,16.66,1997.128,217.177,2295.284,0.0,75.5,73.6,0.35,pos_only_smoothed,73.6,0.32,0x6ea869b0,0.0,0.0,0.0,0.0
1406,1788706286.6648,16.66,1997.321,217.177,2295.425,0.0,71.2,73.3,0.40,pos_only_smoothed,73.5,0.11,0x6ea869b0,0.0,0.0,0.0,0.0
1407,1788706286.6814,16.66,1997.711,217.178,2295.703,0.0,77.1,73.9,0.61,pos_only_smoothed,73.5,0.04,0x6ea869b0,0.0,0.0,0.0,0.0
1408,1788706286.6981,16.66,1997.906,217.179,2295.842,0.0,72.5,73.6,0.22,pos_only_smoothed,73.7,0.15,0x6ea869b0,0.0,0.0,0.0,0.0
1409,1788706286.7147,16.66,1998.101,217.179,2295.980,0.0,68.8,72.9,0.78,pos_only_smoothed,73.5,0.16,0x6ea869b0,0.0,0.0,0.0,0.0
1410,1788706286.7314,16.66,1998.493,217.179,2296.254,0.0,74.9,73.2,0.33,pos_only_smoothed,73.1,0.36,0x6ea869b0,0.0,0.0,0.0,0.0
1411,1788706286.7481,16.66,1998.689,217.179,2296.392,0.0,70.8,72.8,0.39,pos_only_smoothed,73.0,0.13,0x6ea869b0,0.0,0.0,0.0,0.0
1412,1788706286.7647,16.66,1999.083,217.179,2296.663,0.0,76.7,73.4,0.62,pos_only_smoothed,73.0,0.04,0x6ea869b0,0.0,0.0,0.0,0.0
1413,1788706286.7814,16.66,1999.281,217.179,2296.798,0.0,72.2,73.2,0.20,pos_only_smoothed,73.2,0.16,0x6ea869b0,0.0,0.0,0.0,0.0
1414,1788706286.7981,16.67,1999.677,217.180,2297.065,0.0,77.7,73.9,0.72,pos_only_smoothed,73.4,0.23,0x6ea869b0,0.0,0.0,0.0,0.0
1415,1788706286.8147,16.66,1999.876,217.181,2297.198,0.0,73.1,73.8,0.14,pos_only_smoothed,73.7,0.27,0x6ea869b0,0.0,0.0,0.0,0.0
1416,1788706286.8314,16.66,2000.074,217.181,2297.331,0.0,69.2,73.0,0.74,pos_only_smoothed,73.6,0.08,0x6ea869b0,0.0,0.0,0.0,0.0
1417,1788706286.8481,16.66,2000.472,217.181,2297.594,0.0,75.2,73.4,0.35,pos_only_smoothed,73.3,0.32,0x6ea869b0,0.0,0.0,0.0,0.0
1418,1788706286.8647,16.66,2000.672,217.181,2297.726,0.0,71.0,73.0,0.38,pos_only_smoothed,73.2,0.11,0x6ea869b0,0.0,0.0,0.0,0.0
1419,1788706286.8814,16.66,2001.072,217.182,2297.987,0.0,76.8,73.6,0.60,pos_only_smoothed,73.3,0.05,0x6ea869b0,0.0,0.0,0.0,0.0
1420,1788706286.8980,16.66,2001.272,217.182,2298.115,0.0,72.2,73.4,0.22,pos_only_smoothed,73.4,0.15,0x6ea869b0,0.0,0.0,0.0,0.0
1421,1788706286.9147,16.66,2001.473,217.183,2298.245,0.0,68.5,72.6,0.78,pos_only_smoothed,73.2,0.16,0x6ea869b0,0.0,0.0,0.0,0.0
1422,1788706286.9314,16.66,2001.875,217.183,2298.503,0.0,74.7,72.9,0.33,pos_only_smoothed,72.9,0.36,0x6ea869b0,0.0,0.0,0.0,0.0
1423,1788706286.9480,16.66,2002.077,217.183,2298.631,0.0,70.6,72.6,0.38,pos_only_smoothed,72.8,0.12,0x6ea869b0,0.0,0.0,0.0,0.0
1424,1788706286.9647,16.66,2002.481,217.184,2298.886,0.0,76.4,73.2,0.62,pos_only_smoothed,72.8,0.05,0x6ea869b0,0.0,0.0,0.0,0.0
1425,1788706286.9814,16.66,2002.683,217.183,2299.013,0.0,71.9,73.0,0.20,pos_only_smoothed,73.0,0.16,0x6ea869b0,0.0,0.0,0.0,0.0
1426,1788706286.9980,16.67,2003.089,217.183,2299.267,0.0,77.7,73.7,0.75,pos_only_smoothed,73.2,0.24,0x6ea869b0,0.0,0.0,0.0,0.0
1427,1788706287.0147,16.66,2003.292,217.183,2299.392,0.0,72.9,73.6,0.13,pos_only_smoothed,73.5,0.29,0x6ea869b0,0.0,0.0,0.0,0.0
1428,1788706287.0314,16.66,2003.495,217.183,2299.518,0.0,69.1,72.9,0.72,pos_only_smoothed,73.4,0.06,0x6ea869b0,0.0,0.0,0.0,0.0
1429,1788706287.0480,16.66,2003.903,217.182,2299.768,0.0,75.3,73.3,0.39,pos_only_smoothed,73.2,0.30,0x6ea869b0,0.0,0.0,0.0,0.0
1430,1788706287.0647,16.67,2004.107,217.181,2299.893,0.0,71.0,72.9,0.36,pos_only_smoothed,73.1,0.07,0x6ea869b0,0.0,0.0,0.0,0.0
1431,1788706287.0813,16.67,2004.515,217.181,2300.141,0.0,76.9,73.5,0.64,pos_only_smoothed,73.2,0.08,0x6ea869b0,0.0,0.0,0.0,0.0
1432,1788706287.0980,16.66,2004.720,217.180,2300.264,0.0,72.3,73.3,0.20,pos_only_smoothed,73.3,0.18,0x6ea869b0,0.0,0.0,0.0,0.0
1433,1788706287.1147,16.67,2004.926,217.180,2300.387,0.0,68.6,72.6,0.76,pos_only_smoothed,73.2,0.13,0x6ea869b0,0.0,0.0,0.0,0.0
1434,1788706287.1313,16.67,2005.336,217.180,2300.632,0.0,74.9,73.0,0.37,pos_only_smoothed,72.9,0.34,0x6ea869b0,0.0,0.0,0.0,0.0
1435,1788706287.1480,16.66,2005.542,217.179,2300.754,0.0,70.7,72.6,0.36,pos_only_smoothed,72.8,0.09,0x6ea869b0,0.0,0.0,0.0,0.0
1436,1788706287.1647,16.66,2005.954,217.179,2300.997,0.0,76.5,73.2,0.63,pos_only_smoothed,72.8,0.07,0x6ea869b0,0.0,0.0,0.0,0.0
1437,1788706287.1813,16.66,2006.161,217.178,2301.118,0.0,72.1,73.1,0.18,pos_only_smoothed,73.0,0.18,0x6ea869b0,0.0,0.0,0.0,0.0
1438,1788706287.1980,16.67,2006.574,217.178,2301.359,0.0,77.7,73.8,0.74,pos_only_smoothed,73.3,0.25,0x6ea869b0,0.0,0.0,0.0,0.0
1439,1788706287.2147,16.66,2006.781,217.177,2301.479,0.0,73.0,73.7,0.13,pos_only_smoothed,73.6,0.29,0x6ea869b0,0.0,0.0,0.0,0.0
1440,1788706287.2313,16.66,2006.989,217.177,2301.599,0.0,69.2,73.0,0.71,pos_only_smoothed,73.5,0.06,0x6ea869b0,0.0,0.0,0.0,0.0
1441,1788706287.2480,16.66,2007.404,217.176,2301.838,0.0,75.3,73.3,0.38,pos_only_smoothed,73.2,0.29,0x6ea869b0,0.0,0.0,0.0,0.0
1442,1788706287.2647,16.66,2007.612,217.175,2301.957,0.0,71.1,73.0,0.36,pos_only_smoothed,73.1,0.08,0x6ea869b0,0.0,0.0,0.0,0.0
1443,1788706287.2813,16.66,2008.029,217.175,2302.194,0.0,77.0,73.6,0.64,pos_only_smoothed,73.2,0.08,0x6ea869b0,0.0,0.0,0.0,0.0
1444,1788706287.2980,16.66,2008.237,217.175,2302.312,0.0,72.4,73.4,0.19,pos_only_smoothed,73.4,0.18,0x6ea869b0,0.0,0.0,0.0,0.0
1445,1788706287.3146,16.66,2008.446,217.174,2302.430,0.0,68.8,72.7,0.75,pos_only_smoothed,73.3,0.12,0x6ea869b0,0.0,0.0,0.0,0.0
1446,1788706287.3313,16.66,2008.864,217.174,2302.665,0.0,75.0,73.0,0.37,pos_only_smoothed,73.0,0.33,0x6ea869b0,0.0,0.0,0.0,0.0
1447,1788706287.3480,16.66,2009.073,217.174,2302.781,0.0,70.8,72.7,0.37,pos_only_smoothed,72.9,0.09,0x6ea869b0,0.0,0.0,0.0,0.0
1448,1788706287.3646,16.66,2009.492,217.174,2303.014,0.0,76.7,73.3,0.65,pos_only_smoothed,72.9,0.07,0x6ea869b0,0.0,0.0,0.0,0.0
1449,1788706287.3813,16.66,2009.702,217.174,2303.131,0.0,72.3,73.2,0.17,pos_only_smoothed,73.1,0.19,0x6ea869b0,0.0,0.0,0.0,0.0
1450,1788706287.3980,16.67,2010.123,217.174,2303.362,0.0,77.9,73.9,0.75,pos_only_smoothed,73.4,0.26,0x6ea869b0,0.0,0.0,0.0,0.0
1451,1788706287.4146,16.67,2010.333,217.174,2303.478,0.0,73.2,73.8,0.11,pos_only_smoothed,73.7,0.31,0x6ea869b0,0.0,0.0,0.0,0.0
1452,1788706287.4313,16.66,2010.543,217.175,2303.593,0.0,69.3,73.1,0.72,pos_only_smoothed,73.7,0.05,0x6ea869b0,0.0,0.0,0.0,0.0
1453,1788706287.4480,16.67,2010.965,217.176,2303.822,0.0,75.5,73.5,0.38,pos_only_smoothed,73.4,0.29,0x6ea869b0,0.0,0.0,0.0,0.0
1454,1788706287.4646,16.66,2011.176,217.177,2303.936,0.0,71.3,73.1,0.35,pos_only_smoothed,73.3,0.08,0x6ea869b0,0.0,0.0,0.0,0.0
1455,1788706287.4813,16.67,2011.598,217.178,2304.163,0.0,77.0,73.7,0.62,pos_only_smoothed,73.4,0.07,0x6ea869b0,0.0,0.0,0.0,0.0
1456,1788706287.4980,16.66,2011.809,217.179,2304.277,0.0,72.5,73.5,0.20,pos_only_smoothed,73.5,0.17,0x6ea869b0,0.0,0.0,0.0,0.0
1457,1788706287.5146,16.66,2012.020,217.180,2304.390,0.0,68.8,72.8,0.76,pos_only_smoothed,73.4,0.14,0x6ea869b0,0.0,0.0,0.0,0.0
1458,1788706287.5313,16.66,2012.443,217.182,2304.615,0.0,75.0,73.1,0.35,pos_only_smoothed,73.1,0.34,0x6ea869b0,0.0,0.0,0.0,0.0
1459,1788706287.5479,16.66,2012.655,217.183,2304.728,0.0,70.9,72.8,0.36,pos_only_smoothed,72.9,0.11,0x6ea869b0,0.0,0.0,0.0,0.0
1460,1788706287.5646,16.66,2013.079,217.185,2304.952,0.0,76.7,73.4,0.63,pos_only_smoothed,73.0,0.06,0x6ea869b0,0.0,0.0,0.0,0.0
1461,1788706287.5813,16.66,2013.291,217.186,2305.064,0.0,72.2,73.2,0.19,pos_only_smoothed,73.2,0.18,0x6ea869b0,0.0,0.0,0.0,0.0
1462,1788706287.5979,16.67,2013.715,217.188,2305.288,0.0,77.9,74.0,0.76,pos_only_smoothed,73.4,0.25,0x6ea869b0,0.0,0.0,0.0,0.0
1463,1788706287.6146,16.66,2013.927,217.189,2305.399,0.0,73.2,73.8,0.12,pos_only_smoothed,73.7,0.30,0x6ea869b0,0.0,0.0,0.0,0.0
1464,1788706287.6313,16.66,2014.139,217.189,2305.510,0.0,69.3,73.1,0.73,pos_only_smoothed,73.7,0.05,0x6ea869b0,0.0,0.0,0.0,0.0
1465,1788706287.6479,16.67,2014.564,217.189,2305.732,0.0,75.5,73.5,0.39,pos_only_smoothed,73.4,0.30,0x6ea869b0,0.0,0.0,0.0,0.0
1466,1788706287.6646,16.66,2014.777,217.189,2305.844,0.0,71.3,73.1,0.35,pos_only_smoothed,73.3,0.08,0x6ea869b0,0.0,0.0,0.0,0.0
1467,1788706287.6812,16.65,2015.202,217.189,2306.064,0.0,77.1,73.8,0.64,pos_only_smoothed,73.4,0.08,0x6ea869b0,0.0,0.0,0.0,0.0
1468,1788706287.6979,16.66,2015.415,217.189,2306.175,0.0,72.6,73.6,0.19,pos_only_smoothed,73.6,0.18,0x6ea869b0,0.0,0.0,0.0,0.0
1469,1788706287.7146,16.66,2015.628,217.189,2306.285,0.0,68.8,72.8,0.76,pos_only_smoothed,73.4,0.13,0x6ea869b0,0.0,0.0,0.0,0.0
1470,1788706287.7312,16.66,2016.054,217.187,2306.505,0.0,75.1,73.2,0.37,pos_only_smoothed,73.1,0.34,0x6ea869b0,0.0,0.0,0.0,0.0
1471,1788706287.7479,16.66,2016.267,217.187,2306.615,0.0,70.9,72.8,0.36,pos_only_smoothed,73.0,0.10,0x6ea869b0,0.0,0.0,0.0,0.0
1472,1788706287.7646,16.67,2016.694,217.186,2306.835,0.0,76.8,73.5,0.63,pos_only_smoothed,73.1,0.07,0x6ea869b0,0.0,0.0,0.0,0.0
1473,1788706287.7812,16.66,2016.907,217.186,2306.944,0.0,72.3,73.3,0.18,pos_only_smoothed,73.3,0.18,0x6ea869b0,0.0,0.0,0.0,0.0
1474,1788706287.7979,16.67,2017.335,217.185,2307.163,0.0,77.9,74.0,0.75,pos_only_smoothed,73.5,0.25,0x6ea869b0,0.0,0.0,0.0,0.0
1475,1788706287.8146,16.67,2017.549,217.184,2307.273,0.0,73.3,73.9,0.12,pos_only_smoothed,73.8,0.30,0x6ea869b0,0.0,0.0,0.0,0.0
1476,1788706287.8312,16.66,2017.762,217.184,2307.382,0.0,69.4,73.2,0.72,pos_only_smoothed,73.7,0.05,0x6ea869b0,0.0,0.0,0.0,0.0
1477,1788706287.8479,16.66,2018.190,217.183,2307.600,0.0,75.6,73.6,0.38,pos_only_smoothed,73.5,0.30,0x6ea869b0,0.0,0.0,0.0,0.0
1478,1788706287.8646,16.66,2018.405,217.182,2307.709,0.0,71.3,73.2,0.36,pos_only_smoothed,73.4,0.08,0x6ea869b0,0.0,0.0,0.0,0.0
1479,1788706287.8812,16.63,2018.834,217.181,2307.927,0.0,77.3,73.8,0.65,pos_only_smoothed,73.5,0.08,0x6ea869b0,0.0,0.0,0.0,0.0
1480,1788706287.8979,16.66,2019.048,217.181,2308.036,0.0,72.7,73.7,0.19,pos_only_smoothed,73.6,0.19,0x6ea869b0,0.0,0.0,0.0,0.0
1481,1788706287.9145,16.62,2019.263,217.181,2308.144,0.0,69.0,72.9,0.75,pos_only_smoothed,73.5,0.12,0x6ea869b0,0.0,0.0,0.0,0.0
1482,1788706287.9311,16.66,2019.693,217.181,2308.361,0.0,75.4,73.3,0.39,pos_only_smoothed,73.2,0.32,0x6ea869b0,0.0,0.0,0.0,0.0
1483,1788706287.9478,16.66,2019.907,217.182,2308.469,0.0,71.1,72.9,0.35,pos_only_smoothed,73.1,0.08,0x6ea869b0,0.0,0.0,0.0,0.0
1484,1788706287.9645,16.66,2020.337,217.183,2308.686,0.0,77.0,73.6,0.65,pos_only_smoothed,73.2,0.08,0x6ea869b0,0.0,0.0,0.0,0.0
1485,1788706287.9811,16.66,2020.553,217.184,2308.794,0.0,72.6,73.4,0.17,pos_only_smoothed,73.4,0.19,0x6ea869b0,0.0,0.0,0.0,0.0
1486,1788706287.9978,16.66,2020.983,217.186,2309.010,0.0,78.2,74.2,0.76,pos_only_smoothed,73.7,0.27,0x6ea869b0,0.0,0.0,0.0,0.0
1487,1788706288.0145,16.66,2021.198,217.187,2309.117,0.0,73.4,74.1,0.12,pos_only_smoothed,74.0,0.31,0x6ea869b0,0.0,0.0,0.0,0.0
1488,1788706288.0311,16.66,2021.414,217.188,2309.225,0.0,69.6,73.4,0.71,pos_only_smoothed,73.9,0.05,0x6ea869b0,0.0,0.0,0.0,0.0
1489,1788706288.0478,16.66,2021.844,217.190,2309.440,0.0,75.8,73.7,0.38,pos_only_smoothed,73.6,0.29,0x6ea869b0,0.0,0.0,0.0,0.0
1490,1788706288.0644,16.66,2022.060,217.191,2309.547,0.0,71.5,73.4,0.35,pos_only_smoothed,73.6,0.07,0x6ea869b0,0.0,0.0,0.0,0.0
1491,1788706288.0811,16.67,2022.491,217.194,2309.761,0.0,77.3,74.0,0.63,pos_only_smoothed,73.6,0.08,0x6ea869b0,0.0,0.0,0.0,0.0
1492,1788706288.0978,16.66,2022.707,217.195,2309.868,0.0,72.8,73.8,0.20,pos_only_smoothed,73.8,0.18,0x6ea869b0,0.0,0.0,0.0,0.0
1493,1788706288.1144,16.66,2022.922,217.197,2309.975,0.0,69.0,73.0,0.76,pos_only_smoothed,73.7,0.13,0x6ea869b0,0.0,0.0,0.0,0.0
1494,1788706288.1311,16.66,2023.353,217.200,2310.188,0.0,75.3,73.4,0.35,pos_only_smoothed,73.3,0.34,0x6ea869b0,0.0,0.0,0.0,0.0
1495,1788706288.1478,16.66,2023.569,217.202,2310.294,0.0,71.1,73.0,0.38,pos_only_smoothed,73.2,0.11,0x6ea869b0,0.0,0.0,0.0,0.0
1496,1788706288.1644,16.66,2024.000,217.205,2310.506,0.0,77.0,73.7,0.64,pos_only_smoothed,73.3,0.06,0x6ea869b0,0.0,0.0,0.0,0.0
1497,1788706288.1811,16.66,2024.216,217.206,2310.612,0.0,72.5,73.5,0.19,pos_only_smoothed,73.5,0.18,0x6ea869b0,0.0,0.0,0.0,0.0
1498,1788706288.1977,16.66,2024.432,217.207,2310.718,0.0,68.8,72.7,0.74,pos_only_smoothed,73.3,0.12,0x6ea869b0,0.0,0.0,0.0,0.0
1499,1788706288.2144,16.66,2024.864,217.210,2310.929,0.0,75.1,73.1,0.38,pos_only_smoothed,73.0,0.32,0x6ea869b0,0.0,0.0,0.0,0.0
1500,1788706288.2311,16.66,2025.079,217.210,2311.034,0.0,70.9,72.8,0.36,pos_only_smoothed,72.9,0.09,0x6ea869b0,0.0,0.0,0.0,0.0
1501,1788706288.2477,16.66,2025.511,217.212,2311.244,0.0,76.9,73.4,0.66,pos_only_smoothed,73.0,0.08,0x6ea869b0,0.0,0.0,0.0,0.0
1502,1788706288.2644,16.66,2025.727,217.212,2311.349,0.0,72.3,73.2,0.17,pos_only_smoothed,73.2,0.20,0x6ea869b0,0.0,0.0,0.0,0.0
1503,1788706288.2810,16.66,2026.160,217.212,2311.559,0.0,78.1,74.0,0.78,pos_only_smoothed,73.5,0.27,0x6ea869b0,0.0,0.0,0.0,0.0
1504,1788706288.2977,16.66,2026.376,217.212,2311.664,0.0,73.4,73.9,0.10,pos_only_smoothed,73.8,0.32,0x6ea869b0,0.0,0.0,0.0,0.0
1505,1788706288.3144,16.66,2026.592,217.211,2311.768,0.0,69.5,73.2,0.71,pos_only_smoothed,73.8,0.04,0x6ea869b0,0.0,0.0,0.0,0.0
1506,1788706288.3310,16.66,2027.025,217.211,2311.977,0.0,75.7,73.6,0.40,pos_only_smoothed,73.5,0.28,0x6ea869b0,0.0,0.0,0.0,0.0
1507,1788706288.3477,16.66,2027.241,217.211,2312.081,0.0,71.4,73.3,0.35,pos_only_smoothed,73.4,0.06,0x6ea869b0,0.0,0.0,0.0,0.0
1508,1788706288.3644,16.66,2027.675,217.210,2312.289,0.0,77.2,73.9,0.64,pos_only_smoothed,73.5,0.08,0x6ea869b0,0.0,0.0,0.0,0.0
1509,1788706288.3810,16.66,2027.891,217.209,2312.393,0.0,72.7,73.7,0.19,pos_only_smoothed,73.7,0.18,0x6ea869b0,0.0,0.0,0.0,0.0
1510,1788706288.3977,16.66,2028.108,217.208,2312.496,0.0,68.9,72.9,0.76,pos_only_smoothed,73.6,0.13,0x6ea869b0,0.0,0.0,0.0,0.0
1511,1788706288.4143,16.66,2028.542,217.207,2312.703,0.0,75.3,73.3,0.38,pos_only_smoothed,73.2,0.34,0x6ea869b0,0.0,0.0,0.0,0.0
1512,1788706288.4310,16.66,2028.759,217.206,2312.807,0.0,71.1,72.9,0.36,pos_only_smoothed,73.1,0.09,0x6ea869b0,0.0,0.0,0.0,0.0
1513,1788706288.4477,16.66,2029.194,217.204,2313.014,0.0,77.0,73.6,0.64,pos_only_smoothed,73.2,0.08,0x6ea869b0,0.0,0.0,0.0,0.0
1514,1788706288.4643,16.66,2029.411,217.204,2313.117,0.0,72.5,73.4,0.18,pos_only_smoothed,73.4,0.19,0x6ea869b0,0.0,0.0,0.0,0.0
1515,1788706288.4810,16.68,2029.846,217.202,2313.323,0.0,78.1,74.2,0.75,pos_only_smoothed,73.6,0.26,0x6ea869b0,0.0,0.0,0.0,0.0
1516,1788706288.4976,16.63,2030.064,217.202,2313.427,0.0,73.5,74.1,0.11,pos_only_smoothed,74.0,0.30,0x6ea869b0,0.0,0.0,0.0,0.0
1517,1788706288.5143,16.66,2030.281,217.202,2313.530,0.0,69.6,73.3,0.72,pos_only_smoothed,73.9,0.05,0x6ea869b0,0.0,0.0,0.0,0.0
1518,1788706288.5310,16.66,2030.717,217.202,2313.737,0.0,75.8,73.7,0.39,pos_only_smoothed,73.6,0.29,0x6ea869b0,0.0,0.0,0.0,0.0
1519,1788706288.5476,16.66,2030.934,217.201,2313.840,0.0,71.5,73.4,0.35,pos_only_smoothed,73.5,0.07,0x6ea869b0,0.0,0.0,0.0,0.0
1520,1788706288.5643,16.67,2031.370,217.201,2314.047,0.0,77.4,74.0,0.64,pos_only_smoothed,73.6,0.08,0x6ea869b0,0.0,0.0,0.0,0.0
1521,1788706288.5810,16.66,2031.587,217.201,2314.150,0.0,72.8,73.8,0.20,pos_only_smoothed,73.8,0.18,0x6ea869b0,0.0,0.0,0.0,0.0
1522,1788706288.5976,16.67,2031.805,217.201,2314.254,0.0,69.1,73.1,0.76,pos_only_smoothed,73.7,0.13,0x6ea869b0,0.0,0.0,0.0,0.0
1523,1788706288.6143,16.66,2032.241,217.202,2314.461,0.0,75.4,73.4,0.37,pos_only_smoothed,73.3,0.33,0x6ea869b0,0.0,0.0,0.0,0.0
1524,1788706288.6310,16.66,2032.458,217.203,2314.564,0.0,71.1,73.1,0.37,pos_only_smoothed,73.2,0.09,0x6ea869b0,0.0,0.0,0.0,0.0
1525,1788706288.6476,16.67,2032.894,217.203,2314.771,0.0,77.2,73.7,0.66,pos_only_smoothed,73.3,0.07,0x6ea869b0,0.0,0.0,0.0,0.0
1526,1788706288.6643,16.66,2033.111,217.204,2314.874,0.0,72.6,73.5,0.18,pos_only_smoothed,73.5,0.19,0x6ea869b0,0.0,0.0,0.0,0.0
1527,1788706288.6810,16.67,2033.547,217.205,2315.081,0.0,78.3,74.3,0.75,pos_only_smoothed,73.8,0.26,0x6ea869b0,0.0,0.0,0.0,0.0
1528,1788706288.6976,16.67,2033.764,217.206,2315.185,0.0,73.6,74.2,0.12,pos_only_smoothed,74.1,0.30,0x6ea869b0,0.0,0.0,0.0,0.0
1529,1788706288.7143,16.66,2033.982,217.206,2315.288,0.0,69.7,73.5,0.72,pos_only_smoothed,74.0,0.05,0x6ea869b0,0.0,0.0,0.0,0.0
1530,1788706288.7310,16.67,2034.417,217.208,2315.495,0.0,75.8,73.8,0.38,pos_only_smoothed,73.7,0.29,0x6ea869b0,0.0,0.0,0.0,0.0
1531,1788706288.7476,16.66,2034.635,217.208,2315.598,0.0,71.6,73.5,0.36,pos_only_smoothed,73.7,0.08,0x6ea869b0,0.0,0.0,0.0,0.0
1532,1788706288.7643,16.67,2035.071,217.210,2315.805,0.0,77.4,74.1,0.63,pos_only_smoothed,73.7,0.07,0x6ea869b0,0.0,0.0,0.0,0.0
1533,1788706288.7810,16.66,2035.288,217.211,2315.909,0.0,72.8,73.9,0.20,pos_only_smoothed,73.9,0.18,0x6ea869b0,0.0,0.0,0.0,0.0
1534,1788706288.7976,16.66,2035.506,217.211,2316.012,0.0,69.1,73.1,0.76,pos_only_smoothed,73.8,0.14,0x6ea869b0,0.0,0.0,0.0,0.0
1535,1788706288.8143,16.66,2035.942,217.211,2316.219,0.0,75.4,73.5,0.36,pos_only_smoothed,73.4,0.34,0x6ea869b0,0.0,0.0,0.0,0.0
1536,1788706288.8309,16.66,2036.160,217.212,2316.323,0.0,71.3,73.2,0.36,pos_only_smoothed,73.3,0.10,0x6ea869b0,0.0,0.0,0.0,0.0
1537,1788706288.8476,16.66,2036.596,217.212,2316.530,0.0,77.2,73.8,0.64,pos_only_smoothed,73.4,0.07,0x6ea869b0,0.0,0.0,0.0,0.0
1538,1788706288.8643,16.66,2036.814,217.212,2316.633,0.0,72.6,73.6,0.19,pos_only_smoothed,73.6,0.19,0x6ea869b0,0.0,0.0,0.0,0.0
1539,1788706288.8809,16.67,2037.250,217.213,2316.841,0.0,78.4,74.4,0.77,pos_only_smoothed,73.8,0.26,0x6ea869b0,0.0,0.0,0.0,0.0
1540,1788706288.8976,16.66,2037.468,217.214,2316.944,0.0,73.7,74.3,0.12,pos_only_smoothed,74.2,0.31,0x6ea869b0,0.0,0.0,0.0,0.0
1541,1788706288.9143,16.66,2037.686,217.215,2317.048,0.0,69.8,73.5,0.72,pos_only_smoothed,74.1,0.04,0x6ea869b0,0.0,0.0,0.0,0.0
1542,1788706288.9309,16.66,2038.121,217.215,2317.255,0.0,76.0,73.9,0.40,pos_only_smoothed,73.8,0.29,0x6ea869b0,0.0,0.0,0.0,0.0
1543,1788706288.9476,16.66,2038.339,217.215,2317.358,0.0,71.7,73.6,0.36,pos_only_smoothed,73.8,0.07,0x6ea869b0,0.0,0.0,0.0,0.0
1544,1788706288.9643,16.66,2038.775,217.216,2317.565,0.0,77.5,74.2,0.63,pos_only_smoothed,73.8,0.08,0x6ea869b0,0.0,0.0,0.0,0.0
1545,1788706288.9809,16.66,2038.993,217.217,2317.669,0.0,73.0,74.0,0.20,pos_only_smoothed,74.0,0.18,0x6ea869b0,0.0,0.0,0.0,0.0
1546,1788706288.9976,16.66,2039.211,217.217,2317.772,0.0,69.2,73.2,0.77,pos_only_smoothed,73.9,0.13,0x6ea869b0,0.0,0.0,0.0,0.0
1547,1788706289.0142,16.66,2039.647,217.218,2317.979,0.0,75.6,73.6,0.38,pos_only_smoothed,73.5,0.34,0x6ea869b0,0.0,0.0,0.0,0.0
1548,1788706289.0309,16.66,2039.865,217.219,2318.083,0.0,71.4,73.3,0.36,pos_only_smoothed,73.4,0.10,0x6ea869b0,0.0,0.0,0.0,0.0
1549,1788706289.0476,16.66,2040.300,217.219,2318.290,0.0,77.2,73.9,0.63,pos_only_smoothed,73.5,0.07,0x6ea869b0,0.0,0.0,0.0,0.0
1550,1788706289.0642,16.66,2040.518,217.219,2318.394,0.0,72.7,73.7,0.18,pos_only_smoothed,73.7,0.18,0x6ea869b0,0.0,0.0,0.0,0.0
1551,1788706289.0809,16.66,2040.954,217.219,2318.600,0.0,78.4,74.4,0.74,pos_only_smoothed,73.9,0.25,0x6ea869b0,0.0,0.0,0.0,0.0
1552,1788706289.0976,16.66,2041.172,217.218,2318.704,0.0,73.6,74.3,0.13,pos_only_smoothed,74.2,0.29,0x6ea869b0,0.0,0.0,0.0,0.0
1553,1788706289.1142,16.62,2041.389,217.218,2318.807,0.0,69.7,73.6,0.73,pos_only_smoothed,74.2,0.06,0x6ea869b0,0.0,0.0,0.0,0.0
1554,1788706289.1308,16.66,2041.825,217.218,2319.014,0.0,76.0,74.0,0.39,pos_only_smoothed,73.9,0.30,0x6ea869b0,0.0,0.0,0.0,0.0
1555,1788706289.1475,16.66,2042.043,217.218,2319.118,0.0,71.7,73.6,0.36,pos_only_smoothed,73.8,0.08,0x6ea869b0,0.0,0.0,0.0,0.0
1556,1788706289.1642,16.67,2042.479,217.219,2319.325,0.0,77.5,74.2,0.63,pos_only_smoothed,73.9,0.07,0x6ea869b0,0.0,0.0,0.0,0.0
1557,1788706289.1808,16.66,2042.697,217.219,2319.428,0.0,73.0,74.0,0.20,pos_only_smoothed,74.0,0.17,0x6ea869b0,0.0,0.0,0.0,0.0
1558,1788706289.1975,16.66,2042.915,217.219,2319.532,0.0,69.2,73.3,0.77,pos_only_smoothed,73.9,0.14,0x6ea869b0,0.0,0.0,0.0,0.0
1559,1788706289.2142,16.66,2043.350,217.219,2319.739,0.0,75.5,73.6,0.35,pos_only_smoothed,73.6,0.35,0x6ea869b0,0.0,0.0,0.0,0.0
1560,1788706289.2308,16.66,2043.568,217.218,2319.843,0.0,71.3,73.3,0.37,pos_only_smoothed,73.4,0.11,0x6ea869b0,0.0,0.0,0.0,0.0
1561,1788706289.2475,16.67,2044.005,217.218,2320.050,0.0,77.2,73.9,0.64,pos_only_smoothed,73.5,0.06,0x6ea869b0,0.0,0.0,0.0,0.0
1562,1788706289.2641,16.66,2044.223,217.217,2320.153,0.0,72.7,73.7,0.18,pos_only_smoothed,73.7,0.18,0x6ea869b0,0.0,0.0,0.0,0.0
1563,1788706289.2808,16.66,2044.659,217.216,2320.360,0.0,78.4,74.5,0.75,pos_only_smoothed,73.9,0.25,0x6ea869b0,0.0,0.0,0.0,0.0
1564,1788706289.2975,16.67,2044.877,217.216,2320.464,0.0,73.6,74.3,0.13,pos_only_smoothed,74.2,0.30,0x6ea869b0,0.0,0.0,0.0,0.0
1565,1788706289.3141,16.66,2045.095,217.215,2320.568,0.0,69.8,73.6,0.72,pos_only_smoothed,74.2,0.06,0x6ea869b0,0.0,0.0,0.0,0.0
1566,1788706289.3308,16.66,2045.532,217.214,2320.775,0.0,76.0,74.0,0.39,pos_only_smoothed,73.9,0.30,0x6ea869b0,0.0,0.0,0.0,0.0
1567,1788706289.3475,16.66,2045.750,217.214,2320.878,0.0,71.7,73.6,0.37,pos_only_smoothed,73.8,0.08,0x6ea869b0,0.0,0.0,0.0,0.0
1568,1788706289.3641,16.66,2046.186,217.213,2321.086,0.0,77.6,74.3,0.64,pos_only_smoothed,73.9,0.07,0x6ea869b0,0.0,0.0,0.0,0.0
1569,1788706289.3808,16.66,2046.405,217.213,2321.190,0.0,73.1,74.1,0.19,pos_only_smoothed,74.1,0.18,0x6ea869b0,0.0,0.0,0.0,0.0
1570,1788706289.3975,16.66,2046.623,217.212,2321.293,0.0,69.3,73.3,0.77,pos_only_smoothed,73.9,0.13,0x6ea869b0,0.0,0.0,0.0,0.0
1571,1788706289.4141,16.66,2047.059,217.211,2321.501,0.0,75.7,73.7,0.38,pos_only_smoothed,73.6,0.34,0x6ea869b0,0.0,0.0,0.0,0.0
1572,1788706289.4308,16.66,2047.278,217.210,2321.604,0.0,71.4,73.3,0.36,pos_only_smoothed,73.5,0.09,0x6ea869b0,0.0,0.0,0.0,0.0
1573,1788706289.4475,16.67,2047.714,217.209,2321.812,0.0,77.3,74.0,0.64,pos_only_smoothed,73.6,0.07,0x6ea869b0,0.0,0.0,0.0,0.0
1574,1788706289.4641,16.67,2047.933,217.208,2321.916,0.0,72.9,73.8,0.18,pos_only_smoothed,73.8,0.19,0x6ea869b0,0.0,0.0,0.0,0.0
1575,1788706289.4808,16.67,2048.370,217.206,2322.123,0.0,78.5,74.5,0.76,pos_only_smoothed,74.0,0.26,0x6ea869b0,0.0,0.0,0.0,0.0
1576,1788706289.4975,16.67,2048.589,217.205,2322.227,0.0,73.8,74.4,0.12,pos_only_smoothed,74.3,0.30,0x6ea869b0,0.0,0.0,0.0,0.0
1577,1788706289.5141,16.66,2048.807,217.204,2322.331,0.0,69.9,73.7,0.72,pos_only_smoothed,74.3,0.05,0x6ea869b0,0.0,0.0,0.0,0.0
1578,1788706289.5308,16.67,2049.245,217.202,2322.539,0.0,76.2,74.1,0.39,pos_only_smoothed,74.0,0.29,0x6ea869b0,0.0,0.0,0.0,0.0
1579,1788706289.5474,16.66,2049.463,217.201,2322.642,0.0,71.9,73.7,0.36,pos_only_smoothed,73.9,0.07,0x6ea869b0,0.0,0.0,0.0,0.0
1580,1788706289.5641,16.67,2049.901,217.199,2322.850,0.0,77.7,74.4,0.64,pos_only_smoothed,74.0,0.08,0x6ea869b0,0.0,0.0,0.0,0.0
1581,1788706289.5808,16.66,2050.120,217.198,2322.954,0.0,73.2,74.2,0.20,pos_only_smoothed,74.2,0.18,0x6ea869b0,0.0,0.0,0.0,0.0
1582,1788706289.5974,16.66,2050.339,217.197,2323.058,0.0,69.5,73.4,0.76,pos_only_smoothed,74.0,0.13,0x6ea869b0,0.0,0.0,0.0,0.0
1583,1788706289.6141,16.66,2050.776,217.196,2323.266,0.0,75.7,73.8,0.37,pos_only_smoothed,73.7,0.34,0x6ea869b0,0.0,0.0,0.0,0.0
1584,1788706289.6308,16.66,2050.995,217.195,2323.370,0.0,71.5,73.4,0.37,pos_only_smoothed,73.6,0.10,0x6ea869b0,0.0,0.0,0.0,0.0
1585,1788706289.6474,16.66,2051.433,217.195,2323.578,0.0,77.6,74.1,0.66,pos_only_smoothed,73.7,0.07,0x6ea869b0,0.0,0.0,0.0,0.0
1586,1788706289.6641,16.66,2051.652,217.195,2323.682,0.0,73.0,73.9,0.17,pos_only_smoothed,73.9,0.20,0x6ea869b0,0.0,0.0,0.0,0.0
1587,1788706289.6807,16.62,2052.090,217.194,2323.890,0.0,78.8,74.7,0.78,pos_only_smoothed,74.2,0.27,0x6ea869b0,0.0,0.0,0.0,0.0
1588,1788706289.6974,16.66,2052.309,217.194,2323.994,0.0,74.0,74.6,0.11,pos_only_smoothed,74.5,0.32,0x6ea869b0,0.0,0.0,0.0,0.0
1589,1788706289.7140,16.66,2052.528,217.194,2324.098,0.0,70.2,73.9,0.71,pos_only_smoothed,74.4,0.04,0x6ea869b0,0.0,0.0,0.0,0.0
1590,1788706289.7307,16.66,2052.965,217.195,2324.306,0.0,76.3,74.3,0.39,pos_only_smoothed,74.2,0.28,0x6ea869b0,0.0,0.0,0.0,0.0
1591,1788706289.7474,16.66,2053.184,217.195,2324.410,0.0,72.0,73.9,0.37,pos_only_smoothed,74.1,0.07,0x6ea869b0,0.0,0.0,0.0,0.0
1592,1788706289.7640,16.67,2053.622,217.196,2324.618,0.0,78.0,74.6,0.65,pos_only_smoothed,74.2,0.08,0x6ea869b0,0.0,0.0,0.0,0.0
1593,1788706289.7807,16.66,2053.841,217.196,2324.722,0.0,73.3,74.4,0.20,pos_only_smoothed,74.3,0.18,0x6ea869b0,0.0,0.0,0.0,0.0
1594,1788706289.7974,16.66,2054.060,217.197,2324.826,0.0,69.5,73.6,0.77,pos_only_smoothed,74.2,0.13,0x6ea869b0,0.0,0.0,0.0,0.0
1595,1788706289.8140,16.66,2054.497,217.198,2325.034,0.0,75.9,74.0,0.37,pos_only_smoothed,73.9,0.34,0x6ea869b0,0.0,0.0,0.0,0.0
1596,1788706289.8307,16.66,2054.716,217.199,2325.138,0.0,71.7,73.6,0.37,pos_only_smoothed,73.8,0.10,0x6ea869b0,0.0,0.0,0.0,0.0
1597,1788706289.8474,16.67,2055.154,217.201,2325.346,0.0,77.6,74.2,0.64,pos_only_smoothed,73.8,0.07,0x6ea869b0,0.0,0.0,0.0,0.0
1598,1788706289.8640,16.66,2055.372,217.202,2325.450,0.0,73.0,74.0,0.19,pos_only_smoothed,74.0,0.18,0x6ea869b0,0.0,0.0,0.0,0.0
1599,1788706289.8807,16.67,2055.591,217.203,2325.554,0.0,69.3,73.3,0.76,pos_only_smoothed,73.9,0.13,0x6ea869b0,0.0,0.0,0.0,0.0
1600,1788706289.8974,16.66,2056.029,217.206,2325.762,0.0,75.6,73.7,0.38,pos_only_smoothed,73.6,0.33,0x6ea869b0,0.0,0.0,0.0,0.0
1601,1788706289.9140,16.67,2056.247,217.207,2325.866,0.0,71.5,73.3,0.35,pos_only_smoothed,73.5,0.09,0x6ea869b0,0.0,0.0,0.0,0.0
1602,1788706289.9307,16.67,2056.685,217.208,2326.073,0.0,77.4,74.0,0.65,pos_only_smoothed,73.6,0.08,0x6ea869b0,0.0,0.0,0.0,0.0
1603,1788706289.9474,16.66,2056.904,217.208,2326.178,0.0,72.9,73.8,0.17,pos_only_smoothed,73.8,0.20,0x6ea869b0,0.0,0.0,0.0,0.0
1604,1788706289.9640,16.67,2057.341,217.210,2326.385,0.0,78.6,74.6,0.78,pos_only_smoothed,74.0,0.27,0x6ea869b0,0.0,0.0,0.0,0.0
1605,1788706289.9807,16.66,2057.560,217.211,2326.489,0.0,73.9,74.5,0.11,pos_only_smoothed,74.3,0.32,0x6ea869b0,0.0,0.0,0.0,0.0
1606,1788706289.9974,16.67,2057.778,217.212,2326.593,0.0,70.0,73.7,0.72,pos_only_smoothed,74.3,0.04,0x6ea869b0,0.0,0.0,0.0,0.0
1607,1788706290.0140,16.67,2058.216,217.212,2326.801,0.0,76.3,74.1,0.41,pos_only_smoothed,74.0,0.28,0x6ea869b0,0.0,0.0,0.0,0.0
1608,1788706290.0307,16.66,2058.435,217.212,2326.905,0.0,72.0,73.8,0.35,pos_only_smoothed,74.0,0.06,0x6ea869b0,0.0,0.0,0.0,0.0
1609,1788706290.0473,16.67,2058.873,217.213,2327.113,0.0,77.9,74.5,0.66,pos_only_smoothed,74.1,0.09,0x6ea869b0,0.0,0.0,0.0,0.0
1610,1788706290.0640,16.66,2059.091,217.213,2327.217,0.0,73.3,74.3,0.19,pos_only_smoothed,74.2,0.20,0x6ea869b0,0.0,0.0,0.0,0.0
1611,1788706290.0807,16.66,2059.310,217.214,2327.321,0.0,69.5,73.5,0.76,pos_only_smoothed,74.1,0.12,0x6ea869b0,0.0,0.0,0.0,0.0
1612,1788706290.0973,16.66,2059.748,217.213,2327.529,0.0,75.9,73.9,0.39,pos_only_smoothed,73.8,0.33,0x6ea869b0,0.0,0.0,0.0,0.0
1613,1788706290.1140,16.66,2059.967,217.213,2327.633,0.0,71.7,73.5,0.36,pos_only_smoothed,73.7,0.09,0x6ea869b0,0.0,0.0,0.0,0.0
1614,1788706290.1307,16.67,2060.405,217.213,2327.841,0.0,77.6,74.2,0.65,pos_only_smoothed,73.8,0.08,0x6ea869b0,0.0,0.0,0.0,0.0
1615,1788706290.1473,16.66,2060.624,217.212,2327.945,0.0,73.1,74.0,0.18,pos_only_smoothed,74.0,0.19,0x6ea869b0,0.0,0.0,0.0,0.0
1616,1788706290.1640,16.67,2061.062,217.211,2328.154,0.0,78.8,74.8,0.76,pos_only_smoothed,74.2,0.26,0x6ea869b0,0.0,0.0,0.0,0.0
1617,1788706290.1807,16.66,2061.281,217.211,2328.258,0.0,74.0,74.6,0.12,pos_only_smoothed,74.5,0.30,0x6ea869b0,0.0,0.0,0.0,0.0
1618,1788706290.1973,16.66,2061.500,217.210,2328.362,0.0,70.1,73.9,0.72,pos_only_smoothed,74.5,0.05,0x6ea869b0,0.0,0.0,0.0,0.0
1619,1788706290.2140,16.66,2061.938,217.208,2328.570,0.0,76.3,74.3,0.38,pos_only_smoothed,74.2,0.30,0x6ea869b0,0.0,0.0,0.0,0.0
1620,1788706290.2306,16.66,2062.158,217.207,2328.674,0.0,72.1,73.9,0.36,pos_only_smoothed,74.1,0.08,0x6ea869b0,0.0,0.0,0.0,0.0
1621,1788706290.2473,16.66,2062.596,217.205,2328.882,0.0,77.9,74.6,0.64,pos_only_smoothed,74.2,0.08,0x6ea869b0,0.0,0.0,0.0,0.0
1622,1788706290.2640,16.66,2062.816,217.203,2328.986,0.0,73.3,74.4,0.20,pos_only_smoothed,74.4,0.18,0x6ea869b0,0.0,0.0,0.0,0.0
1623,1788706290.2806,16.67,2063.035,217.202,2329.091,0.0,69.6,73.6,0.76,pos_only_smoothed,74.2,0.13,0x6ea869b0,0.0,0.0,0.0,0.0
1624,1788706290.2973,16.66,2063.473,217.200,2329.299,0.0,75.9,74.0,0.36,pos_only_smoothed,73.9,0.34,0x6ea869b0,0.0,0.0,0.0,0.0
1625,1788706290.3140,16.66,2063.693,217.199,2329.403,0.0,71.7,73.6,0.37,pos_only_smoothed,73.8,0.10,0x6ea869b0,0.0,0.0,0.0,0.0
1626,1788706290.3306,16.67,2064.131,217.196,2329.612,0.0,77.7,74.3,0.66,pos_only_smoothed,73.9,0.07,0x6ea869b0,0.0,0.0,0.0,0.0
1627,1788706290.3473,16.66,2064.351,217.195,2329.716,0.0,73.2,74.1,0.18,pos_only_smoothed,74.1,0.19,0x6ea869b0,0.0,0.0,0.0,0.0
1628,1788706290.3640,16.67,2064.790,217.192,2329.924,0.0,78.9,74.9,0.76,pos_only_smoothed,74.3,0.27,0x6ea869b0,0.0,0.0,0.0,0.0
1629,1788706290.3806,16.66,2065.009,217.190,2330.028,0.0,74.1,74.7,0.12,pos_only_smoothed,74.6,0.31,0x6ea869b0,0.0,0.0,0.0,0.0
1630,1788706290.3973,16.66,2065.228,217.189,2330.132,0.0,70.2,74.0,0.73,pos_only_smoothed,74.6,0.05,0x6ea869b0,0.0,0.0,0.0,0.0
1631,1788706290.4140,16.67,2065.667,217.186,2330.341,0.0,76.4,74.4,0.39,pos_only_smoothed,74.3,0.30,0x6ea869b0,0.0,0.0,0.0,0.0
1632,1788706290.4306,16.66,2065.886,217.184,2330.445,0.0,72.1,74.0,0.36,pos_only_smoothed,74.2,0.08,0x6ea869b0,0.0,0.0,0.0,0.0
1633,1788706290.4473,16.66,2066.325,217.181,2330.654,0.0,78.0,74.7,0.64,pos_only_smoothed,74.3,0.07,0x6ea869b0,0.0,0.0,0.0,0.0
1634,1788706290.4640,16.66,2066.545,217.179,2330.758,0.0,73.4,74.5,0.20,pos_only_smoothed,74.5,0.18,0x6ea869b0,0.0,0.0,0.0,0.0
1635,1788706290.4806,16.67,2066.764,217.178,2330.862,0.0,69.7,73.7,0.77,pos_only_smoothed,74.3,0.13,0x6ea869b0,0.0,0.0,0.0,0.0
1636,1788706290.4973,16.67,2067.204,217.175,2331.071,0.0,76.0,74.1,0.37,pos_only_smoothed,74.0,0.34,0x6ea869b0,0.0,0.0,0.0,0.0
1637,1788706290.5139,16.66,2067.423,217.174,2331.175,0.0,71.8,73.7,0.36,pos_only_smoothed,73.9,0.10,0x6ea869b0,0.0,0.0,0.0,0.0
1638,1788706290.5306,16.67,2067.863,217.171,2331.384,0.0,77.8,74.4,0.65,pos_only_smoothed,74.0,0.07,0x6ea869b0,0.0,0.0,0.0,0.0
1639,1788706290.5473,16.66,2068.082,217.170,2331.488,0.0,73.2,74.2,0.19,pos_only_smoothed,74.2,0.19,0x6ea869b0,0.0,0.0,0.0,0.0
1640,1788706290.5640,16.68,2068.522,217.168,2331.697,0.0,78.9,74.9,0.76,pos_only_smoothed,74.4,0.26,0x6ea869b0,0.0,0.0,0.0,0.0
1641,1788706290.5806,16.66,2068.741,217.167,2331.801,0.0,74.2,74.8,0.12,pos_only_smoothed,74.7,0.30,0x6ea869b0,0.0,0.0,0.0,0.0
1642,1788706290.5973,16.66,2068.962,217.166,2331.906,0.0,70.3,74.1,0.72,pos_only_smoothed,74.7,0.05,0x6ea869b0,0.0,0.0,0.0,0.0
1643,1788706290.6140,16.67,2069.401,217.165,2332.115,0.0,76.5,74.5,0.39,pos_only_smoothed,74.4,0.29,0x6ea869b0,0.0,0.0,0.0,0.0
1644,1788706290.6306,16.66,2069.621,217.165,2332.219,0.0,72.3,74.1,0.36,pos_only_smoothed,74.3,0.07,0x6ea869b0,0.0,0.0,0.0,0.0
1645,1788706290.6473,16.67,2070.062,217.164,2332.428,0.0,78.2,74.8,0.65,pos_only_smoothed,74.4,0.08,0x6ea869b0,0.0,0.0,0.0,0.0
1646,1788706290.6639,16.66,2070.281,217.164,2332.533,0.0,73.6,74.6,0.19,pos_only_smoothed,74.6,0.19,0x6ea869b0,0.0,0.0,0.0,0.0
1647,1788706290.6806,16.66,2070.501,217.164,2332.637,0.0,69.8,73.8,0.77,pos_only_smoothed,74.4,0.12,0x6ea869b0,0.0,0.0,0.0,0.0
1648,1788706290.6973,16.67,2070.941,217.164,2332.846,0.0,76.1,74.2,0.37,pos_only_smoothed,74.1,0.34,0x6ea869b0,0.0,0.0,0.0,0.0
1649,1788706290.7139,16.66,2071.161,217.164,2332.951,0.0,71.9,73.8,0.36,pos_only_smoothed,74.0,0.10,0x6ea869b0,0.0,0.0,0.0,0.0
1650,1788706290.7306,16.67,2071.601,217.165,2333.160,0.0,77.9,74.5,0.65,pos_only_smoothed,74.1,0.08,0x6ea869b0,0.0,0.0,0.0,0.0
1651,1788706290.7473,16.66,2071.821,217.165,2333.264,0.0,73.3,74.3,0.19,pos_only_smoothed,74.3,0.19,0x6ea869b0,0.0,0.0,0.0,0.0
1652,1788706290.7639,16.67,2072.261,217.165,2333.473,0.0,79.1,75.1,0.77,pos_only_smoothed,74.5,0.26,0x6ea869b0,0.0,0.0,0.0,0.0
1653,1788706290.7806,16.66,2072.481,217.165,2333.578,0.0,74.3,75.0,0.11,pos_only_smoothed,74.8,0.31,0x6ea869b0,0.0,0.0,0.0,0.0
1654,1788706290.7973,16.66,2072.701,217.165,2333.682,0.0,70.4,74.2,0.73,pos_only_smoothed,74.8,0.05,0x6ea869b0,0.0,0.0,0.0,0.0
1655,1788706290.8139,16.66,2073.141,217.165,2333.891,0.0,76.7,74.6,0.40,pos_only_smoothed,74.5,0.29,0x6ea869b0,0.0,0.0,0.0,0.0
1656,1788706290.8306,16.66,2073.361,217.166,2333.996,0.0,72.4,74.3,0.36,pos_only_smoothed,74.4,0.07,0x6ea869b0,0.0,0.0,0.0,0.0
1657,1788706290.8473,16.67,2073.800,217.166,2334.205,0.0,78.2,74.9,0.63,pos_only_smoothed,74.5,0.08,0x6ea869b0,0.0,0.0,0.0,0.0
1658,1788706290.8639,16.66,2074.020,217.166,2334.309,0.0,73.6,74.7,0.20,pos_only_smoothed,74.7,0.18,0x6ea869b0,0.0,0.0,0.0,0.0
1659,1788706290.8806,16.66,2074.240,217.167,2334.414,0.0,69.8,73.9,0.78,pos_only_smoothed,74.6,0.14,0x6ea869b0,0.0,0.0,0.0,0.0
1660,1788706290.8973,16.67,2074.680,217.168,2334.623,0.0,76.2,74.3,0.36,pos_only_smoothed,74.2,0.35,0x6ea869b0,0.0,0.0,0.0,0.0
1661,1788706290.9139,16.66,2074.900,217.168,2334.727,0.0,72.0,73.9,0.37,pos_only_smoothed,74.1,0.11,0x6ea869b0,0.0,0.0,0.0,0.0
1662,1788706290.9306,16.67,2075.341,217.168,2334.937,0.0,78.0,74.6,0.65,pos_only_smoothed,74.2,0.07,0x6ea869b0,0.0,0.0,0.0,0.0
1663,1788706290.9473,16.67,2075.561,217.169,2335.041,0.0,73.4,74.4,0.19,pos_only_smoothed,74.4,0.18,0x6ea869b0,0.0,0.0,0.0,0.0
1664,1788706290.9639,16.67,2076.001,217.169,2335.250,0.0,79.2,75.1,0.77,pos_only_smoothed,74.6,0.26,0x6ea869b0,0.0,0.0,0.0,0.0
1665,1788706290.9806,16.67,2076.222,217.169,2335.355,0.0,74.4,75.0,0.12,pos_only_smoothed,74.9,0.31,0x6ea869b0,0.0,0.0,0.0,0.0
1666,1788706290.9973,16.66,2076.442,217.169,2335.460,0.0,70.5,74.3,0.73,pos_only_smoothed,74.9,0.05,0x6ea869b0,0.0,0.0,0.0,0.0
1667,1788706291.0139,16.67,2076.882,217.169,2335.669,0.0,76.8,74.7,0.40,pos_only_smoothed,74.6,0.29,0x6ea869b0,0.0,0.0,0.0,0.0
1668,1788706291.0306,16.66,2077.102,217.169,2335.773,0.0,72.4,74.3,0.36,pos_only_smoothed,74.5,0.07,0x6ea869b0,0.0,0.0,0.0,0.0
1669,1788706291.0473,16.66,2077.542,217.169,2335.983,0.0,78.3,75.0,0.64,pos_only_smoothed,74.6,0.08,0x6ea869b0,0.0,0.0,0.0,0.0
1670,1788706291.0639,16.67,2077.762,217.168,2336.087,0.0,73.7,74.8,0.20,pos_only_smoothed,74.8,0.18,0x6ea869b0,0.0,0.0,0.0,0.0
1671,1788706291.0806,16.67,2077.982,217.167,2336.192,0.0,69.9,74.0,0.78,pos_only_smoothed,74.6,0.14,0x6ea869b0,0.0,0.0,0.0,0.0
1672,1788706291.0973,16.66,2078.423,217.167,2336.401,0.0,76.3,74.4,0.36,pos_only_smoothed,74.3,0.35,0x6ea869b0,0.0,0.0,0.0,0.0
1673,1788706291.1139,16.66,2078.643,217.167,2336.505,0.0,72.0,74.0,0.37,pos_only_smoothed,74.2,0.11,0x6ea869b0,0.0,0.0,0.0,0.0
1674,1788706291.1306,16.67,2079.083,217.165,2336.714,0.0,78.0,74.6,0.64,pos_only_smoothed,74.2,0.06,0x6ea869b0,0.0,0.0,0.0,0.0
1675,1788706291.1473,16.66,2079.302,217.163,2336.819,0.0,73.4,74.4,0.20,pos_only_smoothed,74.4,0.18,0x6ea869b0,0.0,0.0,0.0,0.0
1676,1788706291.1639,16.67,2079.743,217.161,2337.028,0.0,79.2,75.2,0.77,pos_only_smoothed,74.7,0.25,0x6ea869b0,0.0,0.0,0.0,0.0
1677,1788706291.1806,16.66,2079.963,217.159,2337.133,0.0,74.4,75.1,0.12,pos_only_smoothed,75.0,0.30,0x6ea869b0,0.0,0.0,0.0,0.0
1678,1788706291.1972,16.66,2080.183,217.158,2337.237,0.0,70.5,74.3,0.73,pos_only_smoothed,74.9,0.05,0x6ea869b0,0.0,0.0,0.0,0.0
1679,1788706291.2139,16.66,2080.624,217.155,2337.446,0.0,76.8,74.7,0.39,pos_only_smoothed,74.6,0.30,0x6ea869b0,0.0,0.0,0.0,0.0
1680,1788706291.2306,16.66,2080.844,217.153,2337.551,0.0,72.4,74.3,0.37,pos_only_smoothed,74.5,0.08,0x6ea869b0,0.0,0.0,0.0,0.0
1681,1788706291.2472,16.67,2081.285,217.149,2337.760,0.0,78.4,75.0,0.65,pos_only_smoothed,74.6,0.07,0x6ea869b0,0.0,0.0,0.0,0.0
1682,1788706291.2639,16.66,2081.505,217.147,2337.865,0.0,73.8,74.8,0.20,pos_only_smoothed,74.8,0.18,0x6ea869b0,0.0,0.0,0.0,0.0
1683,1788706291.2806,16.66,2081.726,217.145,2337.970,0.0,70.0,74.0,0.77,pos_only_smoothed,74.7,0.13,0x6ea869b0,0.0,0.0,0.0,0.0
1684,1788706291.2972,16.61,2082.167,217.141,2338.179,0.0,76.4,74.4,0.38,pos_only_smoothed,74.3,0.34,0x6ea869b0,0.0,0.0,0.0,0.0
1685,1788706291.3138,16.67,2082.388,217.140,2338.284,0.0,72.2,74.1,0.35,pos_only_smoothed,74.2,0.09,0x6ea869b0,0.0,0.0,0.0,0.0
1686,1788706291.3305,16.67,2082.829,217.136,2338.494,0.0,78.2,74.7,0.66,pos_only_smoothed,74.3,0.09,0x6ea869b0,0.0,0.0,0.0,0.0
1687,1788706291.3472,16.66,2083.050,217.135,2338.599,0.0,73.6,74.5,0.18,pos_only_smoothed,74.5,0.20,0x6ea869b0,0.0,0.0,0.0,0.0
1688,1788706291.3638,16.67,2083.492,217.132,2338.809,0.0,79.5,75.3,0.79,pos_only_smoothed,74.8,0.27,0x6ea869b0,0.0,0.0,0.0,0.0
1689,1788706291.3805,16.66,2083.714,217.131,2338.914,0.0,74.7,75.2,0.10,pos_only_smoothed,75.1,0.32,0x6ea869b0,0.0,0.0,0.0,0.0
1690,1788706291.3972,16.67,2083.935,217.131,2339.019,0.0,70.7,74.5,0.72,pos_only_smoothed,75.1,0.03,0x6ea869b0,0.0,0.0,0.0,0.0
1691,1788706291.4138,16.66,2084.377,217.130,2339.229,0.0,77.1,74.9,0.42,pos_only_smoothed,74.8,0.28,0x6ea869b0,0.0,0.0,0.0,0.0
1692,1788706291.4305,16.66,2084.599,217.129,2339.335,0.0,72.8,74.6,0.34,pos_only_smoothed,74.7,0.06,0x6ea869b0,0.0,0.0,0.0,0.0
1693,1788706291.4472,16.67,2085.042,217.129,2339.545,0.0,78.7,75.2,0.66,pos_only_smoothed,74.8,0.10,0x6ea869b0,0.0,0.0,0.0,0.0
1694,1788706291.4638,16.66,2085.264,217.129,2339.651,0.0,74.1,75.1,0.18,pos_only_smoothed,75.0,0.20,0x6ea869b0,0.0,0.0,0.0,0.0
1695,1788706291.4805,16.66,2085.486,217.130,2339.756,0.0,70.3,74.3,0.76,pos_only_smoothed,74.9,0.11,0x6ea869b0,0.0,0.0,0.0,0.0
1696,1788706291.4972,16.66,2085.929,217.131,2339.967,0.0,76.7,74.7,0.38,pos_only_smoothed,74.6,0.33,0x6ea869b0,0.0,0.0,0.0,0.0
1697,1788706291.5138,16.66,2086.151,217.131,2340.072,0.0,72.5,74.3,0.35,pos_only_smoothed,74.5,0.09,0x6ea869b0,0.0,0.0,0.0,0.0
1698,1788706291.5305,16.66,2086.595,217.133,2340.283,0.0,78.5,75.0,0.67,pos_only_smoothed,74.6,0.09,0x6ea869b0,0.0,0.0,0.0,0.0
1699,1788706291.5472,16.66,2086.816,217.133,2340.388,0.0,73.9,74.8,0.18,pos_only_smoothed,74.8,0.20,0x6ea869b0,0.0,0.0,0.0,0.0
1700,1788706291.5638,16.67,2087.260,217.135,2340.599,0.0,79.8,75.6,0.79,pos_only_smoothed,75.1,0.27,0x6ea869b0,0.0,0.0,0.0,0.0
1701,1788706291.5805,16.66,2087.482,217.136,2340.704,0.0,74.9,75.5,0.11,pos_only_smoothed,75.4,0.32,0x6ea869b0,0.0,0.0,0.0,0.0
1702,1788706291.5971,16.64,2087.703,217.138,2340.810,0.0,71.0,74.8,0.72,pos_only_smoothed,75.4,0.04,0x6ea869b0,0.0,0.0,0.0,0.0
1703,1788706291.6138,16.66,2088.147,217.141,2341.020,0.0,77.3,75.2,0.40,pos_only_smoothed,75.1,0.29,0x6ea869b0,0.0,0.0,0.0,0.0
1704,1788706291.6305,16.66,2088.369,217.142,2341.126,0.0,72.9,74.8,0.36,pos_only_smoothed,75.0,0.07,0x6ea869b0,0.0,0.0,0.0,0.0
1705,1788706291.6471,16.67,2088.812,217.144,2341.336,0.0,78.9,75.5,0.66,pos_only_smoothed,75.1,0.08,0x6ea869b0,0.0,0.0,0.0,0.0
1706,1788706291.6638,16.66,2089.034,217.145,2341.442,0.0,74.3,75.3,0.19,pos_only_smoothed,75.3,0.19,0x6ea869b0,0.0,0.0,0.0,0.0
1707,1788706291.6805,16.67,2089.256,217.146,2341.547,0.0,70.4,74.5,0.78,pos_only_smoothed,75.1,0.13,0x6ea869b0,0.0,0.0,0.0,0.0
1708,1788706291.6971,16.66,2089.699,217.147,2341.758,0.0,76.9,74.9,0.38,pos_only_smoothed,74.8,0.34,0x6ea869b0,0.0,0.0,0.0,0.0
1709,1788706291.7138,16.67,2089.921,217.147,2341.863,0.0,72.6,74.5,0.37,pos_only_smoothed,74.7,0.09,0x6ea869b0,0.0,0.0,0.0,0.0
1710,1788706291.7304,16.66,2090.364,217.146,2342.073,0.0,78.7,75.2,0.66,pos_only_smoothed,74.8,0.08,0x6ea869b0,0.0,0.0,0.0,0.0
1711,1788706291.7471,16.66,2090.586,217.146,2342.179,0.0,74.1,75.0,0.18,pos_only_smoothed,75.0,0.19,0x6ea869b0,0.0,0.0,0.0,0.0
1712,1788706291.7638,16.67,2091.030,217.144,2342.390,0.0,79.8,75.8,0.77,pos_only_smoothed,75.2,0.27,0x6ea869b0,0.0,0.0,0.0,0.0
1713,1788706291.7804,16.67,2091.252,217.143,2342.495,0.0,75.0,75.7,0.12,pos_only_smoothed,75.6,0.31,0x6ea869b0,0.0,0.0,0.0,0.0
1714,1788706291.7971,16.66,2091.474,217.142,2342.601,0.0,71.1,74.9,0.73,pos_only_smoothed,75.5,0.05,0x6ea869b0,0.0,0.0,0.0,0.0
1715,1788706291.8138,16.66,2091.917,217.140,2342.812,0.0,77.3,75.3,0.38,pos_only_smoothed,75.2,0.30,0x6ea869b0,0.0,0.0,0.0,0.0
1716,1788706291.8304,16.66,2092.140,217.138,2342.917,0.0,73.0,74.9,0.37,pos_only_smoothed,75.1,0.08,0x6ea869b0,0.0,0.0,0.0,0.0
1717,1788706291.8471,16.67,2092.584,217.134,2343.128,0.0,78.9,75.6,0.64,pos_only_smoothed,75.2,0.07,0x6ea869b0,0.0,0.0,0.0,0.0
1718,1788706291.8638,16.66,2092.807,217.132,2343.234,0.0,74.3,75.4,0.20,pos_only_smoothed,75.4,0.18,0x6ea869b0,0.0,0.0,0.0,0.0
1719,1788706291.8804,16.66,2093.029,217.130,2343.339,0.0,70.5,74.6,0.78,pos_only_smoothed,75.2,0.13,0x6ea869b0,0.0,0.0,0.0,0.0
1720,1788706291.8971,16.67,2093.474,217.124,2343.551,0.0,77.0,75.0,0.38,pos_only_smoothed,74.9,0.34,0x6ea869b0,0.0,0.0,0.0,0.0
1721,1788706291.9138,16.66,2093.697,217.122,2343.657,0.0,72.7,74.6,0.37,pos_only_smoothed,74.8,0.10,0x6ea869b0,0.0,0.0,0.0,0.0
1722,1788706291.9304,16.66,2094.143,217.116,2343.868,0.0,78.9,75.3,0.68,pos_only_smoothed,74.9,0.08,0x6ea869b0,0.0,0.0,0.0,0.0
1723,1788706291.9471,16.66,2094.365,217.113,2343.974,0.0,74.2,75.1,0.17,pos_only_smoothed,75.1,0.21,0x6ea869b0,0.0,0.0,0.0,0.0
1724,1788706291.9638,16.66,2094.812,217.107,2344.187,0.0,80.1,75.9,0.79,pos_only_smoothed,75.4,0.28,0x6ea869b0,0.0,0.0,0.0,0.0
1725,1788706291.9804,16.66,2095.035,217.104,2344.292,0.0,75.3,75.8,0.10,pos_only_smoothed,75.7,0.33,0x6ea869b0,0.0,0.0,0.0,0.0
1726,1788706291.9971,16.66,2095.259,217.101,2344.398,0.0,71.3,75.1,0.71,pos_only_smoothed,75.7,0.03,0x6ea869b0,0.0,0.0,0.0,0.0
1727,1788706292.0137,16.66,2095.706,217.095,2344.611,0.0,77.8,75.5,0.44,pos_only_smoothed,75.4,0.27,0x6ea869b0,0.0,0.0,0.0,0.0
1728,1788706292.0304,16.66,2095.929,217.092,2344.717,0.0,73.4,75.2,0.34,pos_only_smoothed,75.3,0.05,0x6ea869b0,0.0,0.0,0.0,0.0
1729,1788706292.0471,16.67,2096.377,217.088,2344.930,0.0,79.4,75.9,0.68,pos_only_smoothed,75.4,0.11,0x6ea869b0,0.0,0.0,0.0,0.0
1730,1788706292.0637,16.67,2096.601,217.085,2345.036,0.0,74.8,75.7,0.17,pos_only_smoothed,75.7,0.21,0x6ea869b0,0.0,0.0,0.0,0.0
1731,1788706292.0804,16.66,2096.825,217.083,2345.143,0.0,71.0,74.9,0.76,pos_only_smoothed,75.6,0.10,0x6ea869b0,0.0,0.0,0.0,0.0
1732,1788706292.0971,16.67,2097.274,217.080,2345.356,0.0,77.5,75.4,0.41,pos_only_smoothed,75.2,0.32,0x6ea869b0,0.0,0.0,0.0,0.0
1733,1788706292.1137,16.67,2097.499,217.079,2345.463,0.0,73.3,75.0,0.33,pos_only_smoothed,75.2,0.07,0x6ea869b0,0.0,0.0,0.0,0.0
1734,1788706292.1304,16.67,2097.948,217.076,2345.676,0.0,79.4,75.7,0.69,pos_only_smoothed,75.3,0.11,0x6ea869b0,0.0,0.0,0.0,0.0
1735,1788706292.1471,16.66,2098.173,217.076,2345.783,0.0,74.7,75.6,0.16,pos_only_smoothed,75.5,0.22,0x6ea869b0,0.0,0.0,0.0,0.0
1736,1788706292.1637,16.67,2098.622,217.075,2345.996,0.0,80.7,76.4,0.82,pos_only_smoothed,75.8,0.30,0x6ea869b0,0.0,0.0,0.0,0.0
1737,1788706292.1804,16.67,2098.847,217.075,2346.103,0.0,75.8,76.3,0.09,pos_only_smoothed,76.2,0.35,0x6ea869b0,0.0,0.0,0.0,0.0
1738,1788706292.1971,16.67,2099.072,217.075,2346.210,0.0,71.8,75.6,0.71,pos_only_smoothed,76.1,0.02,0x6ea869b0,0.0,0.0,0.0,0.0
1739,1788706292.2137,16.67,2099.522,217.075,2346.424,0.0,78.4,76.0,0.45,pos_only_smoothed,75.9,0.27,0x6ea869b0,0.0,0.0,0.0,0.0
1740,1788706292.2304,16.66,2099.748,217.076,2346.531,0.0,74.0,75.7,0.33,pos_only_smoothed,75.8,0.04,0x6ea869b0,0.0,0.0,0.0,0.0
1741,1788706292.2471,16.66,2100.198,217.077,2346.745,0.0,80.0,76.4,0.69,pos_only_smoothed,76.0,0.12,0x6ea869b0,0.0,0.0,0.0,0.0
1742,1788706292.2637,16.66,2100.423,217.078,2346.852,0.0,75.3,76.2,0.17,pos_only_smoothed,76.2,0.22,0x6ea869b0,0.0,0.0,0.0,0.0
1743,1788706292.2804,16.67,2100.649,217.079,2346.959,0.0,71.5,75.5,0.76,pos_only_smoothed,76.1,0.10,0x6ea869b0,0.0,0.0,0.0,0.0
1744,1788706292.2971,16.67,2101.099,217.081,2347.173,0.0,77.9,75.8,0.40,pos_only_smoothed,75.7,0.32,0x6ea869b0,0.0,0.0,0.0,0.0
1745,1788706292.3137,16.67,2101.325,217.082,2347.281,0.0,73.7,75.5,0.35,pos_only_smoothed,75.7,0.08,0x6ea869b0,0.0,0.0,0.0,0.0
1746,1788706292.3304,16.67,2101.776,217.085,2347.495,0.0,79.8,76.2,0.69,pos_only_smoothed,75.8,0.10,0x6ea869b0,0.0,0.0,0.0,0.0
1747,1788706292.3471,16.66,2102.001,217.086,2347.602,0.0,75.1,76.0,0.17,pos_only_smoothed,76.0,0.21,0x6ea869b0,0.0,0.0,0.0,0.0
1748,1788706292.3637,16.67,2102.226,217.087,2347.709,0.0,71.3,75.3,0.75,pos_only_smoothed,75.9,0.10,0x6ea869b0,0.0,0.0,0.0,0.0
1749,1788706292.3804,16.66,2102.677,217.090,2347.923,0.0,77.8,75.7,0.41,pos_only_smoothed,75.6,0.32,0x6ea869b0,0.0,0.0,0.0,0.0
1750,1788706292.3970,16.66,2102.903,217.091,2348.030,0.0,73.6,75.3,0.33,pos_only_smoothed,75.5,0.07,0x6ea869b0,0.0,0.0,0.0,0.0
1751,1788706292.4137,16.67,2103.354,217.094,2348.244,0.0,79.7,76.0,0.70,pos_only_smoothed,75.6,0.11,0x6ea869b0,0.0,0.0,0.0,0.0
1752,1788706292.4304,16.66,2103.580,217.095,2348.352,0.0,75.1,75.9,0.15,pos_only_smoothed,75.8,0.23,0x6ea869b0,0.0,0.0,0.0,0.0
1753,1788706292.4470,16.66,2104.031,217.097,2348.566,0.0,81.1,76.7,0.83,pos_only_smoothed,76.1,0.31,0x6ea869b0,0.0,0.0,0.0,0.0
1754,1788706292.4637,16.66,2104.257,217.098,2348.673,0.0,76.2,76.6,0.09,pos_only_smoothed,76.5,0.35,0x6ea869b0,0.0,0.0,0.0,0.0
1755,1788706292.4804,16.66,2104.483,217.099,2348.781,0.0,72.2,75.9,0.71,pos_only_smoothed,76.5,0.01,0x6ea869b0,0.0,0.0,0.0,0.0
1756,1788706292.4970,16.66,2104.935,217.102,2348.995,0.0,78.7,76.4,0.45,pos_only_smoothed,76.2,0.27,0x6ea869b0,0.0,0.0,0.0,0.0
1757,1788706292.5137,16.66,2105.161,217.103,2349.103,0.0,74.3,76.0,0.34,pos_only_smoothed,76.2,0.04,0x6ea869b0,0.0,0.0,0.0,0.0
1758,1788706292.5304,16.66,2105.613,217.105,2349.317,0.0,80.3,76.7,0.68,pos_only_smoothed,76.3,0.11,0x6ea869b0,0.0,0.0,0.0,0.0
1759,1788706292.5470,16.66,2105.839,217.106,2349.425,0.0,75.6,76.5,0.17,pos_only_smoothed,76.5,0.21,0x6ea869b0,0.0,0.0,0.0,0.0
1760,1788706292.5637,16.66,2106.065,217.106,2349.532,0.0,71.7,75.8,0.77,pos_only_smoothed,76.4,0.11,0x6ea869b0,0.0,0.0,0.0,0.0
1761,1788706292.5803,16.66,2106.518,217.108,2349.747,0.0,78.4,76.2,0.42,pos_only_smoothed,76.1,0.32,0x6ea869b0,0.0,0.0,0.0,0.0
1762,1788706292.5970,16.66,2106.744,217.109,2349.855,0.0,74.0,75.8,0.35,pos_only_smoothed,76.0,0.07,0x6ea869b0,0.0,0.0,0.0,0.0
1763,1788706292.6137,16.66,2107.197,217.110,2350.070,0.0,80.1,76.5,0.69,pos_only_smoothed,76.1,0.10,0x6ea869b0,0.0,0.0,0.0,0.0
1764,1788706292.6303,16.66,2107.423,217.110,2350.177,0.0,75.5,76.3,0.17,pos_only_smoothed,76.3,0.21,0x6ea869b0,0.0,0.0,0.0,0.0
1765,1788706292.6470,16.67,2107.876,217.111,2350.393,0.0,81.4,77.2,0.80,pos_only_smoothed,76.6,0.29,0x6ea869b0,0.0,0.0,0.0,0.0
1766,1788706292.6637,16.67,2108.102,217.111,2350.500,0.0,76.4,77.0,0.12,pos_only_smoothed,76.9,0.33,0x6ea869b0,0.0,0.0,0.0,0.0
1767,1788706292.6803,16.66,2108.329,217.111,2350.608,0.0,72.5,76.3,0.73,pos_only_smoothed,76.9,0.04,0x6ea869b0,0.0,0.0,0.0,0.0
1768,1788706292.6970,16.66,2108.782,217.112,2350.823,0.0,78.9,76.7,0.41,pos_only_smoothed,76.6,0.29,0x6ea869b0,0.0,0.0,0.0,0.0
1769,1788706292.7137,16.68,2109.009,217.112,2350.931,0.0,74.4,76.4,0.36,pos_only_smoothed,76.5,0.07,0x6ea869b0,0.0,0.0,0.0,0.0
1770,1788706292.7303,16.66,2109.462,217.112,2351.146,0.0,80.6,77.0,0.68,pos_only_smoothed,76.6,0.09,0x6ea869b0,0.0,0.0,0.0,0.0
1771,1788706292.7470,16.68,2109.689,217.113,2351.254,0.0,75.9,76.8,0.19,pos_only_smoothed,76.8,0.20,0x6ea869b0,0.0,0.0,0.0,0.0
1772,1788706292.7637,16.66,2109.916,217.113,2351.362,0.0,72.0,76.1,0.78,pos_only_smoothed,76.7,0.12,0x6ea869b0,0.0,0.0,0.0,0.0
1773,1788706292.7803,16.66,2110.369,217.113,2351.577,0.0,78.6,76.5,0.40,pos_only_smoothed,76.4,0.34,0x6ea869b0,0.0,0.0,0.0,0.0
1774,1788706292.7970,16.66,2110.596,217.113,2351.685,0.0,74.2,76.1,0.36,pos_only_smoothed,76.3,0.09,0x6ea869b0,0.0,0.0,0.0,0.0
1775,1788706292.8137,16.66,2111.049,217.112,2351.900,0.0,80.3,76.8,0.67,pos_only_smoothed,76.4,0.09,0x6ea869b0,0.0,0.0,0.0,0.0
1776,1788706292.8303,16.66,2111.276,217.112,2352.008,0.0,75.7,76.6,0.18,pos_only_smoothed,76.6,0.20,0x6ea869b0,0.0,0.0,0.0,0.0
1777,1788706292.8470,16.67,2111.729,217.112,2352.223,0.0,81.5,77.4,0.78,pos_only_smoothed,76.8,0.27,0x6ea869b0,0.0,0.0,0.0,0.0
1778,1788706292.8637,16.66,2111.956,217.112,2352.331,0.0,76.6,77.2,0.13,pos_only_smoothed,77.1,0.32,0x6ea869b0,0.0,0.0,0.0,0.0
1779,1788706292.8803,16.66,2112.183,217.112,2352.439,0.0,72.6,76.5,0.74,pos_only_smoothed,77.1,0.05,0x6ea869b0,0.0,0.0,0.0,0.0
1780,1788706292.8970,16.66,2112.637,217.112,2352.654,0.0,79.0,76.9,0.40,pos_only_smoothed,76.8,0.30,0x6ea869b0,0.0,0.0,0.0,0.0
1781,1788706292.9137,16.66,2112.864,217.112,2352.762,0.0,74.6,76.5,0.38,pos_only_smoothed,76.7,0.08,0x6ea869b0,0.0,0.0,0.0,0.0
1782,1788706292.9303,16.66,2113.317,217.113,2352.977,0.0,80.7,77.2,0.67,pos_only_smoothed,76.8,0.08,0x6ea869b0,0.0,0.0,0.0,0.0
1783,1788706292.9470,16.66,2113.543,217.113,2353.085,0.0,75.9,77.0,0.21,pos_only_smoothed,77.0,0.19,0x6ea869b0,0.0,0.0,0.0,0.0
1784,1788706292.9637,16.66,2113.770,217.114,2353.193,0.0,72.0,76.2,0.80,pos_only_smoothed,76.8,0.14,0x6ea869b0,0.0,0.0,0.0,0.0
1785,1788706292.9803,16.66,2114.224,217.116,2353.408,0.0,78.6,76.6,0.39,pos_only_smoothed,76.5,0.35,0x6ea869b0,0.0,0.0,0.0,0.0
1786,1788706292.9970,16.66,2114.450,217.117,2353.515,0.0,74.2,76.2,0.38,pos_only_smoothed,76.4,0.10,0x6ea869b0,0.0,0.0,0.0,0.0
1787,1788706293.0136,16.67,2114.903,217.119,2353.731,0.0,80.4,76.9,0.68,pos_only_smoothed,76.5,0.08,0x6ea869b0,0.0,0.0,0.0,0.0
1788,1788706293.0303,16.66,2115.130,217.121,2353.838,0.0,75.7,76.7,0.19,pos_only_smoothed,76.7,0.19,0x6ea869b0,0.0,0.0,0.0,0.0
1789,1788706293.0470,16.67,2115.583,217.124,2354.053,0.0,81.5,77.5,0.77,pos_only_smoothed,76.9,0.27,0x6ea869b0,0.0,0.0,0.0,0.0
1790,1788706293.0636,16.66,2115.809,217.126,2354.161,0.0,76.6,77.3,0.13,pos_only_smoothed,77.2,0.31,0x6ea869b0,0.0,0.0,0.0,0.0
1791,1788706293.0803,16.66,2116.035,217.128,2354.268,0.0,72.5,76.6,0.77,pos_only_smoothed,77.2,0.07,0x6ea869b0,0.0,0.0,0.0,0.0
1792,1788706293.0970,16.66,2116.487,217.131,2354.483,0.0,78.9,76.9,0.37,pos_only_smoothed,76.8,0.32,0x6ea869b0,0.0,0.0,0.0,0.0
1793,1788706293.1136,16.66,2116.713,217.133,2354.590,0.0,74.5,76.5,0.40,pos_only_smoothed,76.7,0.10,0x6ea869b0,0.0,0.0,0.0,0.0
1794,1788706293.1303,16.66,2117.165,217.136,2354.804,0.0,80.5,77.2,0.63,pos_only_smoothed,76.8,0.05,0x6ea869b0,0.0,0.0,0.0,0.0
1795,1788706293.1470,16.66,2117.391,217.138,2354.912,0.0,75.7,76.9,0.24,pos_only_smoothed,77.0,0.16,0x6ea869b0,0.0,0.0,0.0,0.0
1796,1788706293.1636,16.66,2117.616,217.140,2355.019,0.0,71.8,76.1,0.82,pos_only_smoothed,76.8,0.17,0x6ea869b0,0.0,0.0,0.0,0.0
1797,1788706293.1803,16.66,2118.067,217.143,2355.233,0.0,78.2,76.5,0.34,pos_only_smoothed,76.4,0.38,0x6ea869b0,0.0,0.0,0.0,0.0
1798,1788706293.1969,16.66,2118.293,217.145,2355.340,0.0,73.9,76.0,0.40,pos_only_smoothed,76.3,0.14,0x6ea869b0,0.0,0.0,0.0,0.0
1799,1788706293.2136,16.66,2118.743,217.148,2355.554,0.0,80.0,76.7,0.62,pos_only_smoothed,76.3,0.04,0x6ea869b0,0.0,0.0,0.0,0.0
1800,1788706293.2303,16.66,2118.968,217.150,2355.661,0.0,75.2,76.4,0.23,pos_only_smoothed,76.5,0.15,0x6ea869b0,0.0,0.0,0.0,0.0
1801,1788706293.2469,16.68,2119.418,217.152,2355.875,0.0,81.1,77.2,0.75,pos_only_smoothed,76.7,0.23,0x6ea869b0,0.0,0.0,0.0,0.0
1802,1788706293.2636,16.66,2119.643,217.153,2355.981,0.0,76.2,77.0,0.16,pos_only_smoothed,77.0,0.28,0x6ea869b0,0.0,0.0,0.0,0.0
1803,1788706293.2803,16.66,2119.867,217.154,2356.088,0.0,72.1,76.2,0.79,pos_only_smoothed,76.9,0.09,0x6ea869b0,0.0,0.0,0.0,0.0
1804,1788706293.2969,16.66,2120.317,217.155,2356.302,0.0,78.6,76.6,0.37,pos_only_smoothed,76.5,0.34,0x6ea869b0,0.0,0.0,0.0,0.0
1805,1788706293.3136,16.66,2120.541,217.155,2356.408,0.0,74.0,76.2,0.41,pos_only_smoothed,76.4,0.11,0x6ea869b0,0.0,0.0,0.0,0.0
1806,1788706293.3303,16.66,2120.990,217.155,2356.622,0.0,80.0,76.8,0.61,pos_only_smoothed,76.5,0.04,0x6ea869b0,0.0,0.0,0.0,0.0
1807,1788706293.3469,16.66,2121.214,217.155,2356.729,0.0,75.3,76.6,0.24,pos_only_smoothed,76.6,0.14,0x6ea869b0,0.0,0.0,0.0,0.0
1808,1788706293.3636,16.66,2121.438,217.155,2356.835,0.0,71.4,75.7,0.83,pos_only_smoothed,76.4,0.18,0x6ea869b0,0.0,0.0,0.0,0.0
1809,1788706293.3802,16.66,2121.886,217.155,2357.048,0.0,77.9,76.1,0.34,pos_only_smoothed,76.0,0.39,0x6ea869b0,0.0,0.0,0.0,0.0
1810,1788706293.3969,16.66,2122.110,217.154,2357.154,0.0,73.5,75.7,0.42,pos_only_smoothed,75.9,0.14,0x6ea869b0,0.0,0.0,0.0,0.0
1811,1788706293.4136,16.66,2122.557,217.154,2357.367,0.0,79.5,76.3,0.61,pos_only_smoothed,75.9,0.03,0x6ea869b0,0.0,0.0,0.0,0.0
1812,1788706293.4302,16.66,2122.781,217.154,2357.473,0.0,74.8,76.0,0.23,pos_only_smoothed,76.1,0.14,0x6ea869b0,0.0,0.0,0.0,0.0
1813,1788706293.4469,16.67,2123.227,217.153,2357.685,0.0,80.5,76.8,0.72,pos_only_smoothed,76.3,0.22,0x6ea869b0,0.0,0.0,0.0,0.0
1814,1788706293.4636,16.66,2123.450,217.153,2357.791,0.0,75.6,76.6,0.18,pos_only_smoothed,76.5,0.26,0x6ea869b0,0.0,0.0,0.0,0.0
1815,1788706293.4802,16.62,2123.673,217.152,2357.896,0.0,71.6,75.8,0.79,pos_only_smoothed,76.4,0.11,0x6ea869b0,0.0,0.0,0.0,0.0
1816,1788706293.4968,16.67,2124.118,217.150,2358.108,0.0,78.0,76.1,0.35,pos_only_smoothed,76.1,0.35,0x6ea869b0,0.0,0.0,0.0,0.0
1817,1788706293.5135,16.66,2124.340,217.150,2358.213,0.0,73.5,75.7,0.43,pos_only_smoothed,75.9,0.13,0x6ea869b0,0.0,0.0,0.0,0.0
1818,1788706293.5302,16.67,2124.783,217.149,2358.424,0.0,79.3,76.3,0.57,pos_only_smoothed,76.0,0.02,0x6ea869b0,0.0,0.0,0.0,0.0
1819,1788706293.5468,16.66,2125.005,217.148,2358.530,0.0,74.6,76.0,0.27,pos_only_smoothed,76.1,0.11,0x6ea869b0,0.0,0.0,0.0,0.0
1820,1788706293.5635,16.66,2125.226,217.148,2358.634,0.0,70.7,75.2,0.86,pos_only_smoothed,75.9,0.20,0x6ea869b0,0.0,0.0,0.0,0.0
1821,1788706293.5802,16.67,2125.668,217.147,2358.844,0.0,76.9,75.4,0.28,pos_only_smoothed,75.4,0.42,0x6ea869b0,0.0,0.0,0.0,0.0
1822,1788706293.5968,16.67,2125.888,217.147,2358.949,0.0,72.6,75.0,0.45,pos_only_smoothed,75.3,0.19,0x6ea869b0,0.0,0.0,0.0,0.0
1823,1788706293.6135,16.67,2126.329,217.147,2359.158,0.0,78.5,75.5,0.56,pos_only_smoothed,75.2,0.02,0x6ea869b0,0.0,0.0,0.0,0.0
1824,1788706293.6302,16.66,2126.549,217.147,2359.263,0.0,73.8,75.3,0.28,pos_only_smoothed,75.3,0.10,0x6ea869b0,0.0,0.0,0.0,0.0
1825,1788706293.6468,16.67,2126.988,217.148,2359.471,0.0,79.5,75.9,0.67,pos_only_smoothed,75.5,0.17,0x6ea869b0,0.0,0.0,0.0,0.0
1826,1788706293.6635,16.66,2127.207,217.148,2359.576,0.0,74.6,75.7,0.21,pos_only_smoothed,75.7,0.21,0x6ea869b0,0.0,0.0,0.0,0.0
1827,1788706293.6802,16.66,2127.426,217.148,2359.680,0.0,70.6,74.9,0.82,pos_only_smoothed,75.6,0.14,0x6ea869b0,0.0,0.0,0.0,0.0
1828,1788706293.6968,16.66,2127.863,217.150,2359.887,0.0,76.7,75.2,0.30,pos_only_smoothed,75.2,0.39,0x6ea869b0,0.0,0.0,0.0,0.0
1829,1788706293.7135,16.66,2128.081,217.151,2359.990,0.0,72.3,74.7,0.47,pos_only_smoothed,75.0,0.17,0x6ea869b0,0.0,0.0,0.0,0.0
1830,1788706293.7301,16.67,2128.515,217.152,2360.197,0.0,78.0,75.3,0.53,pos_only_smoothed,75.0,0.03,0x6ea869b0,0.0,0.0,0.0,0.0
1831,1788706293.7468,16.66,2128.733,217.153,2360.300,0.0,73.4,75.0,0.31,pos_only_smoothed,75.1,0.07,0x6ea869b0,0.0,0.0,0.0,0.0
1832,1788706293.7635,16.66,2128.949,217.154,2360.403,0.0,69.4,74.1,0.88,pos_only_smoothed,74.8,0.24,0x6ea869b0,0.0,0.0,0.0,0.0
1833,1788706293.7801,16.66,2129.382,217.158,2360.609,0.0,75.7,74.3,0.25,pos_only_smoothed,74.4,0.45,0x6ea869b0,0.0,0.0,0.0,0.0
1834,1788706293.7968,16.66,2129.597,217.159,2360.711,0.0,71.3,73.8,0.49,pos_only_smoothed,74.1,0.22,0x6ea869b0,0.0,0.0,0.0,0.0
1835,1788706293.8135,16.66,2130.027,217.161,2360.916,0.0,76.9,74.3,0.49,pos_only_smoothed,74.1,0.06,0x6ea869b0,0.0,0.0,0.0,0.0
1836,1788706293.8301,16.66,2130.242,217.163,2361.017,0.0,72.4,74.0,0.32,pos_only_smoothed,74.1,0.05,0x6ea869b0,0.0,0.0,0.0,0.0
1837,1788706293.8468,16.67,2130.669,217.167,2361.221,0.0,77.7,74.6,0.59,pos_only_smoothed,74.2,0.11,0x6ea869b0,0.0,0.0,0.0,0.0
1838,1788706293.8635,16.67,2130.883,217.169,2361.322,0.0,72.9,74.3,0.27,pos_only_smoothed,74.4,0.15,0x6ea869b0,0.0,0.0,0.0,0.0
1839,1788706293.8801,16.67,2131.096,217.171,2361.423,0.0,69.0,73.5,0.86,pos_only_smoothed,74.2,0.20,0x6ea869b0,0.0,0.0,0.0,0.0
1840,1788706293.8968,16.67,2131.521,217.174,2361.625,0.0,74.8,73.7,0.21,pos_only_smoothed,73.7,0.44,0x6ea869b0,0.0,0.0,0.0,0.0
1841,1788706293.9135,16.66,2131.733,217.175,2361.726,0.0,70.5,73.2,0.52,pos_only_smoothed,73.5,0.24,0x6ea869b0,0.0,0.0,0.0,0.0
1842,1788706293.9301,16.66,2132.155,217.180,2361.927,0.0,76.0,73.6,0.46,pos_only_smoothed,73.4,0.09,0x6ea869b0,0.0,0.0,0.0,0.0
1843,1788706293.9468,16.67,2132.366,217.183,2362.027,0.0,71.4,73.3,0.36,pos_only_smoothed,73.4,0.01,0x6ea869b0,0.0,0.0,0.0,0.0
1844,1788706293.9634,16.66,2132.577,217.184,2362.127,0.0,67.7,72.4,0.90,pos_only_smoothed,73.1,0.29,0x6ea869b0,0.0,0.0,0.0,0.0
1845,1788706293.9801,16.66,2132.997,217.187,2362.327,0.0,73.5,72.6,0.19,pos_only_smoothed,72.6,0.49,0x6ea869b0,0.0,0.0,0.0,0.0
1846,1788706293.9968,16.66,2133.207,217.189,2362.426,0.0,69.3,72.0,0.52,pos_only_smoothed,72.4,0.26,0x6ea869b0,0.0,0.0,0.0,0.0
1847,1788706294.0134,16.66,2133.624,217.193,2362.625,0.0,74.9,72.5,0.45,pos_only_smoothed,72.3,0.10,0x6ea869b0,0.0,0.0,0.0,0.0
1848,1788706294.0301,16.65,2133.832,217.195,2362.724,0.0,70.3,72.1,0.35,pos_only_smoothed,72.3,0.01,0x6ea869b0,0.0,0.0,0.0,0.0
1849,1788706294.0468,16.66,2134.248,217.198,2362.921,0.0,75.5,72.7,0.54,pos_only_smoothed,72.4,0.08,0x6ea869b0,0.0,0.0,0.0,0.0
1850,1788706294.0634,16.66,2134.455,217.199,2363.019,0.0,70.9,72.4,0.29,pos_only_smoothed,72.5,0.11,0x6ea869b0,0.0,0.0,0.0,0.0
1851,1788706294.0801,16.66,2134.662,217.200,2363.118,0.0,67.0,71.5,0.86,pos_only_smoothed,72.3,0.22,0x6ea869b0,0.0,0.0,0.0,0.0
1852,1788706294.0967,16.67,2135.075,217.204,2363.314,0.0,72.8,71.7,0.20,pos_only_smoothed,71.8,0.45,0x6ea869b0,0.0,0.0,0.0,0.0
1853,1788706294.1134,16.66,2135.281,217.205,2363.411,0.0,68.5,71.2,0.51,pos_only_smoothed,71.6,0.24,0x6ea869b0,0.0,0.0,0.0,0.0
1854,1788706294.1301,16.66,2135.691,217.208,2363.606,0.0,73.8,71.6,0.41,pos_only_smoothed,71.5,0.10,0x6ea869b0,0.0,0.0,0.0,0.0
1855,1788706294.1467,16.66,2135.896,217.210,2363.704,0.0,69.4,71.3,0.36,pos_only_smoothed,71.4,0.01,0x6ea869b0,0.0,0.0,0.0,0.0
1856,1788706294.1634,16.67,2136.101,217.211,2363.801,0.0,65.7,70.4,0.89,pos_only_smoothed,71.1,0.30,0x6ea869b0,0.0,0.0,0.0,0.0
1857,1788706294.1801,16.66,2136.508,217.214,2363.995,0.0,71.4,70.5,0.16,pos_only_smoothed,70.7,0.50,0x6ea869b0,0.0,0.0,0.0,0.0
1858,1788706294.1967,16.66,2136.711,217.215,2364.091,0.0,67.3,70.0,0.52,pos_only_smoothed,70.4,0.27,0x6ea869b0,0.0,0.0,0.0,0.0
1859,1788706294.2134,16.67,2137.117,217.218,2364.284,0.0,72.6,70.4,0.42,pos_only_smoothed,70.3,0.12,0x6ea869b0,0.0,0.0,0.0,0.0
1860,1788706294.2301,16.66,2137.319,217.219,2364.380,0.0,68.2,70.1,0.35,pos_only_smoothed,70.2,0.01,0x6ea869b0,0.0,0.0,0.0,0.0
1861,1788706294.2467,16.67,2137.521,217.220,2364.476,0.0,64.7,69.2,0.87,pos_only_smoothed,70.0,0.29,0x6ea869b0,0.0,0.0,0.0,0.0
1862,1788706294.2634,16.66,2137.924,217.223,2364.667,0.0,70.3,69.4,0.18,pos_only_smoothed,69.5,0.48,0x6ea869b0,0.0,0.0,0.0,0.0
1863,1788706294.2801,16.66,2138.125,217.224,2364.762,0.0,66.3,68.9,0.50,pos_only_smoothed,69.2,0.25,0x6ea869b0,0.0,0.0,0.0,0.0
1864,1788706294.2967,16.67,2138.526,217.227,2364.953,0.0,71.7,69.4,0.45,pos_only_smoothed,69.1,0.09,0x6ea869b0,0.0,0.0,0.0,0.0
1865,1788706294.3134,16.66,2138.726,217.229,2365.048,0.0,67.4,69.0,0.31,pos_only_smoothed,69.2,0.02,0x6ea869b0,0.0,0.0,0.0,0.0
1866,1788706294.3301,16.67,2139.125,217.233,2365.238,0.0,72.4,69.6,0.54,pos_only_smoothed,69.3,0.09,0x6ea869b0,0.0,0.0,0.0,0.0
1867,1788706294.3467,16.66,2139.324,217.235,2365.332,0.0,68.0,69.3,0.26,pos_only_smoothed,69.4,0.13,0x6ea869b0,0.0,0.0,0.0,0.0
1868,1788706294.3634,16.66,2139.522,217.237,2365.426,0.0,64.2,68.5,0.81,pos_only_smoothed,69.2,0.20,0x6ea869b0,0.0,0.0,0.0,0.0
1869,1788706294.3801,16.66,2139.918,217.241,2365.615,0.0,69.7,68.7,0.19,pos_only_smoothed,68.8,0.42,0x6ea869b0,0.0,0.0,0.0,0.0
1870,1788706294.3967,16.66,2140.116,217.243,2365.708,0.0,65.7,68.2,0.48,pos_only_smoothed,68.5,0.23,0x6ea869b0,0.0,0.0,0.0,0.0
1871,1788706294.4134,16.66,2140.510,217.246,2365.896,0.0,70.8,68.6,0.41,pos_only_smoothed,68.4,0.09,0x6ea869b0,0.0,0.0,0.0,0.0
1872,1788706294.4300,16.66,2140.706,217.248,2365.989,0.0,66.5,68.3,0.34,pos_only_smoothed,68.4,0.00,0x6ea869b0,0.0,0.0,0.0,0.0
1873,1788706294.4467,16.66,2140.901,217.250,2366.081,0.0,62.9,67.4,0.86,pos_only_smoothed,68.2,0.28,0x6ea869b0,0.0,0.0,0.0,0.0
1874,1788706294.4634,16.67,2141.292,217.254,2366.267,0.0,68.4,67.6,0.15,pos_only_smoothed,67.7,0.48,0x6ea869b0,0.0,0.0,0.0,0.0
1875,1788706294.4800,16.67,2141.487,217.256,2366.360,0.0,64.5,67.1,0.49,pos_only_smoothed,67.4,0.26,0x6ea869b0,0.0,0.0,0.0,0.0
1876,1788706294.4967,16.67,2141.875,217.259,2366.544,0.0,69.6,67.5,0.40,pos_only_smoothed,67.3,0.11,0x6ea869b0,0.0,0.0,0.0,0.0
1877,1788706294.5134,16.66,2142.069,217.261,2366.636,0.0,65.4,67.2,0.34,pos_only_smoothed,67.3,0.01,0x6ea869b0,0.0,0.0,0.0,0.0
1878,1788706294.5300,16.67,2142.455,217.263,2366.819,0.0,70.3,67.7,0.50,pos_only_smoothed,67.4,0.05,0x6ea869b0,0.0,0.0,0.0,0.0
1879,1788706294.5467,16.66,2142.648,217.265,2366.911,0.0,65.9,67.4,0.28,pos_only_smoothed,67.5,0.10,0x6ea869b0,0.0,0.0,0.0,0.0
1880,1788706294.5634,16.67,2142.839,217.267,2367.002,0.0,62.3,66.6,0.82,pos_only_smoothed,67.2,0.22,0x6ea869b0,0.0,0.0,0.0,0.0
1881,1788706294.5800,16.67,2143.223,217.270,2367.184,0.0,67.7,66.7,0.17,pos_only_smoothed,66.8,0.43,0x6ea869b0,0.0,0.0,0.0,0.0
1882,1788706294.5967,16.66,2143.414,217.271,2367.275,0.0,63.7,66.2,0.49,pos_only_smoothed,66.6,0.24,0x6ea869b0,0.0,0.0,0.0,0.0
1883,1788706294.6134,16.67,2143.795,217.274,2367.456,0.0,68.6,66.6,0.37,pos_only_smoothed,66.5,0.11,0x6ea869b0,0.0,0.0,0.0,0.0
1884,1788706294.6300,16.66,2143.985,217.275,2367.546,0.0,64.4,66.3,0.35,pos_only_smoothed,66.4,0.02,0x6ea869b0,0.0,0.0,0.0,0.0
1885,1788706294.6467,16.66,2144.174,217.276,2367.636,0.0,61.0,65.4,0.85,pos_only_smoothed,66.1,0.29,0x6ea869b0,0.0,0.0,0.0,0.0
1886,1788706294.6634,16.66,2144.553,217.278,2367.816,0.0,66.3,65.6,0.14,pos_only_smoothed,65.7,0.48,0x6ea869b0,0.0,0.0,0.0,0.0
1887,1788706294.6800,16.66,2144.742,217.279,2367.906,0.0,62.5,65.1,0.49,pos_only_smoothed,65.4,0.27,0x6ea869b0,0.0,0.0,0.0,0.0
1888,1788706294.6967,16.67,2145.118,217.281,2368.084,0.0,67.4,65.4,0.37,pos_only_smoothed,65.3,0.12,0x6ea869b0,0.0,0.0,0.0,0.0
1889,1788706294.7134,16.66,2145.306,217.283,2368.174,0.0,63.4,65.1,0.33,pos_only_smoothed,65.3,0.02,0x6ea869b0,0.0,0.0,0.0,0.0
1890,1788706294.7300,16.68,2145.680,217.285,2368.352,0.0,68.1,65.6,0.48,pos_only_smoothed,65.3,0.05,0x6ea869b0,0.0,0.0,0.0,0.0
1891,1788706294.7467,16.66,2145.868,217.286,2368.441,0.0,63.9,65.3,0.27,pos_only_smoothed,65.4,0.09,0x6ea869b0,0.0,0.0,0.0,0.0
1892,1788706294.7634,16.67,2146.054,217.287,2368.529,0.0,60.4,64.5,0.79,pos_only_smoothed,65.2,0.21,0x6ea869b0,0.0,0.0,0.0,0.0
1893,1788706294.7800,16.66,2146.426,217.289,2368.706,0.0,65.6,64.7,0.17,pos_only_smoothed,64.8,0.42,0x6ea869b0,0.0,0.0,0.0,0.0
1894,1788706294.7967,16.66,2146.612,217.290,2368.794,0.0,61.8,64.2,0.47,pos_only_smoothed,64.6,0.23,0x6ea869b0,0.0,0.0,0.0,0.0
1895,1788706294.8134,16.67,2146.981,217.291,2368.970,0.0,66.5,64.6,0.37,pos_only_smoothed,64.5,0.10,0x6ea869b0,0.0,0.0,0.0,0.0
1896,1788706294.8300,16.66,2147.166,217.292,2369.058,0.0,62.6,64.3,0.33,pos_only_smoothed,64.4,0.02,0x6ea869b0,0.0,0.0,0.0,0.0
1897,1788706294.8467,16.66,2147.350,217.293,2369.145,0.0,59.2,63.5,0.81,pos_only_smoothed,64.2,0.28,0x6ea869b0,0.0,0.0,0.0,0.0
1898,1788706294.8633,16.66,2147.717,217.294,2369.320,0.0,64.4,63.6,0.15,pos_only_smoothed,63.7,0.45,0x6ea869b0,0.0,0.0,0.0,0.0
1899,1788706294.8800,16.67,2147.900,217.295,2369.406,0.0,60.7,63.1,0.47,pos_only_smoothed,63.5,0.25,0x6ea869b0,0.0,0.0,0.0,0.0
1900,1788706294.8967,16.67,2148.264,217.297,2369.580,0.0,65.4,63.5,0.36,pos_only_smoothed,63.4,0.11,0x6ea869b0,0.0,0.0,0.0,0.0
1901,1788706294.9133,16.66,2148.447,217.298,2369.666,0.0,61.5,63.2,0.32,pos_only_smoothed,63.3,0.02,0x6ea869b0,0.0,0.0,0.0,0.0
1902,1788706294.9300,16.67,2148.809,217.299,2369.838,0.0,66.0,63.6,0.45,pos_only_smoothed,63.4,0.04,0x6ea869b0,0.0,0.0,0.0,0.0
1903,1788706294.9467,16.66,2148.990,217.299,2369.924,0.0,61.9,63.4,0.28,pos_only_smoothed,63.5,0.08,0x6ea869b0,0.0,0.0,0.0,0.0
1904,1788706294.9633,16.66,2149.170,217.299,2370.010,0.0,58.5,62.6,0.77,pos_only_smoothed,63.2,0.22,0x6ea869b0,0.0,0.0,0.0,0.0
1905,1788706294.9800,16.66,2149.529,217.300,2370.180,0.0,63.4,62.7,0.13,pos_only_smoothed,62.8,0.42,0x6ea869b0,0.0,0.0,0.0,0.0
1906,1788706294.9967,16.66,2149.708,217.300,2370.266,0.0,59.7,62.2,0.48,pos_only_smoothed,62.6,0.25,0x6ea869b0,0.0,0.0,0.0,0.0
1907,1788706295.0133,16.67,2150.065,217.301,2370.435,0.0,64.4,62.6,0.34,pos_only_smoothed,62.4,0.12,0x6ea869b0,0.0,0.0,0.0,0.0
1908,1788706295.0300,16.66,2150.243,217.301,2370.520,0.0,60.4,62.2,0.34,pos_only_smoothed,62.4,0.03,0x6ea869b0,0.0,0.0,0.0,0.0
1909,1788706295.0466,16.63,2150.421,217.301,2370.604,0.0,57.2,61.4,0.80,pos_only_smoothed,62.1,0.28,0x6ea869b0,0.0,0.0,0.0,0.0
1910,1788706295.0633,16.66,2150.775,217.300,2370.772,0.0,62.1,61.6,0.11,pos_only_smoothed,61.7,0.46,0x6ea869b0,0.0,0.0,0.0,0.0
1911,1788706295.0800,16.66,2150.953,217.299,2370.857,0.0,58.6,61.1,0.47,pos_only_smoothed,61.4,0.26,0x6ea869b0,0.0,0.0,0.0,0.0
1912,1788706295.0966,16.66,2151.305,217.298,2371.024,0.0,63.3,61.4,0.35,pos_only_smoothed,61.3,0.12,0x6ea869b0,0.0,0.0,0.0,0.0
1913,1788706295.1133,16.66,2151.481,217.298,2371.108,0.0,59.5,61.1,0.32,pos_only_smoothed,61.3,0.02,0x6ea869b0,0.0,0.0,0.0,0.0
1914,1788706295.1300,16.66,2151.656,217.297,2371.191,0.0,56.3,60.3,0.78,pos_only_smoothed,61.0,0.27,0x6ea869b0,0.0,0.0,0.0,0.0
1915,1788706295.1466,16.66,2151.656,217.297,2371.191,0.0,46.1,58.1,2.27,pos_only_smoothed,60.0,1.04,0x6ea869b0,0.0,0.0,0.0,0.0
1916,1788706295.1633,16.66,2151.656,217.297,2371.191,0.0,37.8,54.8,3.24,pos_only_smoothed,57.8,2.14,0x6ea869b0,0.0,0.0,0.0,0.0
1917,1788706295.1799,16.66,2151.656,217.297,2371.191,0.0,31.0,51.0,3.81,pos_only_smoothed,54.7,3.14,0x6ea869b0,0.0,0.0,0.0,0.0
1918,1788706295.1966,16.66,2151.656,217.297,2371.191,0.0,25.4,46.9,4.09,pos_only_smoothed,50.9,3.74,0x6ea869b0,0.0,0.0,0.0,0.0
1919,1788706295.2133,16.66,2151.656,217.297,2371.191,0.0,20.9,42.8,4.17,pos_only_smoothed,46.9,4.04,0x6ea869b0,0.0,0.0,0.0,0.0
1920,1788706295.2299,16.66,2151.656,217.297,2371.191,0.0,17.1,38.7,4.10,pos_only_smoothed,42.8,4.13,0x6ea869b0,0.0,0.0,0.0,0.0
1921,1788706295.2466,16.66,2151.656,217.297,2371.191,0.0,14.0,34.7,3.94,pos_only_smoothed,38.7,4.08,0x6ea869b0,0.0,0.0,0.0,0.0
1922,1788706295.2633,16.66,2151.656,217.297,2371.191,0.0,11.5,31.0,3.71,pos_only_smoothed,34.8,3.92,0x6ea869b0,0.0,0.0,0.0,0.0
1923,1788706295.2799,16.66,2151.656,217.297,2371.191,0.0,9.4,27.5,3.45,pos_only_smoothed,31.1,3.70,0x6ea869b0,0.0,0.0,0.0,0.0
1924,1788706295.2966,16.66,2151.656,217.297,2371.191,0.0,7.7,24.4,3.17,pos_only_smoothed,27.6,3.45,0x6ea869b0,0.0,0.0,0.0,0.0
1925,1788706295.3132,16.66,2151.656,217.297,2371.191,0.0,6.3,21.5,2.89,pos_only_smoothed,24.4,3.17,0x6ea869b0,0.0,0.0,0.0,0.0
1926,1788706295.3299,16.66,2151.656,217.297,2371.191,0.0,5.2,18.9,2.61,pos_only_smoothed,21.6,2.89,0x6ea869b0,0.0,0.0,0.0,0.0
1927,1788706295.3466,16.66,2151.656,217.297,2371.191,0.0,4.3,16.5,2.34,pos_only_smoothed,19.0,2.61,0x6ea869b0,0.0,0.0,0.0,0.0
1928,1788706295.3632,16.66,2151.656,217.297,2371.191,0.0,3.5,14.5,2.09,pos_only_smoothed,16.6,2.34,0x6ea869b0,0.0,0.0,0.0,0.0
1929,1788706295.3799,16.66,2151.656,217.297,2371.191,0.0,2.9,12.6,1.85,pos_only_smoothed,14.5,2.09,0x6ea869b0,0.0,0.0,0.0,0.0
1930,1788706295.3966,16.66,2151.656,217.297,2371.191,0.0,2.4,11.0,1.64,pos_only_smoothed,12.7,1.86,0x6ea869b0,0.0,0.0,0.0,0.0
1931,1788706295.4132,16.62,2151.656,217.297,2371.191,0.0,1.9,9.5,1.45,pos_only_smoothed,11.0,1.65,0x6ea869b0,0.0,0.0,0.0,0.0
1932,1788706295.4298,16.66,2151.656,217.297,2371.191,0.0,1.6,8.2,1.27,pos_only_smoothed,9.6,1.45,0x6ea869b0,0.0,0.0,0.0,0.0
1933,1788706295.4465,16.66,2151.656,217.297,2371.191,0.0,1.3,7.1,1.11,pos_only_smoothed,8.3,1.27,0x6ea869b0,0.0,0.0,0.0,0.0
1934,1788706295.4632,16.67,2151.656,217.297,2371.191,0.0,1.1,6.2,0.97,pos_only_smoothed,7.2,1.12,0x6ea869b0,0.0,0.0,0.0,0.0
1935,1788706295.4798,16.66,2151.656,217.297,2371.191,0.0,0.9,5.3,0.85,pos_only_smoothed,6.2,0.98,0x6ea869b0,0.0,0.0,0.0,0.0
1936,1788706295.4965,16.66,2151.656,217.297,2371.191,0.0,0.7,0.0,5.32,ground_idle,5.3,0.85,0x6ea869b0,0.0,0.0,0.0,0.0
1937,1788706295.5132,16.66,2151.656,217.297,2371.191,0.0,0.6,0.0,0.00,ground_idle,0.0,5.34,0x6ea869b0,0.0,0.0,0.0,0.0
1938,1788706295.5298,16.66,2151.656,217.297,2371.191,0.0,0.5,0.0,0.00,ground_idle,0.0,0.00,0x6ea869b0,0.0,0.0,0.0,0.0
1939,1788706295.5465,16.66,2151.656,217.297,2371.191,0.0,0.4,0.0,0.00,ground_idle,0.0,0.00,0x6ea869b0,0.0,0.0,0.0,0.0
1940,1788706295.5632,16.67,2151.656,217.297,2371.191,0.0,0.3,0.0,0.00,ground_idle,0.0,0.00,0x6ea869b0,0.0,0.0,0.0,0.0
1941,1788706295.5798,16.67,2151.656,217.297,2371.191,0.0,0.3,0.0,0.00,ground_idle,0.0,0.00,0x6ea869b0,0.0,0.0,0.0,0.0
1942,1788706295.5965,16.66,2151.656,217.297,2371.191,0.0,0.2,0.0,0.00,ground_idle,0.0,0.00,0x6ea869b0,0.0,0.0,0.0,0.0
1943,1788706295.6132,16.66,2151.656,217.297,2371.191,0.0,0.2,0.0,0.00,ground_idle,0.0,0.00,0x6ea869b0,0.0,0.0,0.0,0.0
1944,1788706295.6298,16.66,2151.656,217.297,2371.191,0.0,0.1,0.0,0.00,ground_idle,0.0,0.00,0x6ea869b0,0.0,0.0,0.0,0.0
1945,1788706295.6465,16.66,2151.656,217.297,2371.191,0.0,0.1,0.0,0.00,ground_idle,0.0,0.00,0x6ea869b0,0.0,0.0,0.0,0.0
1946,1788706295.6631,16.67,2151.656,217.297,2371.191,0.0,0.1,0.0,0.00,ground_idle,0.0,0.00,0x6ea869b0,0.0,0.0,0.0,0.0
1947,1788706295.6798,16.66,2151.656,217.297,2371.191,0.0,0.1,0.0,0.00,ground_idle,0.0,0.00,0x6ea869b0,0.0,0.0,0.0,0.0
1948,1788706295.6965,16.66,2151.656,217.297,2371.191,0.0,0.1,0.0,0.00,ground_idle,0.0,0.00,0x6ea869b0,0.0,0.0,0.0,0.0
1949,1788706295.7131,16.66,2151.656,217.297,2371.191,0.0,0.1,0.0,0.00,ground_idle,0.0,0.00,0x6ea869b0,0.0,0.0,0.0,0.0
1950,1788706295.7298,16.66,2151.656,217.297,2371.191,0.0,0.0,0.0,0.00,ground_idle,0.0,0.00,0x6ea869b0,0.0,0.0,0.0,0.0
1951,1788706295.7465,16.66,2151.656,217.297,2371.191,0.0,0.0,0.0,0.00,ground_idle,0.0,0.00,0x6ea869b0,0.0,0.0,0.0,0.0
1952,1788706295.7631,16.66,2151.656,217.297,2371.191,0.0,0.0,0.0,0.00,ground_idle,0.0,0.00,0x6ea869b0,0.0,0.0,0.0,0.0
1953,1788706295.7798,16.66,2151.656,217.297,2371.191,0.0,0.0,0.0,0.00,ground_idle,0.0,0.00,0x6ea869b0,0.0,0.0,0.0,0.0
1954,1788706295.7964,16.66,2151.656,217.297,2371.191,0.0,0.0,0.0,0.00,ground_idle,0.0,0.00,0x6ea869b0,0.0,0.0,0.0,0.0
1955,1788706295.8131,16.66,2151.656,217.297,2371.191,0.0,0.0,0.0,0.00,ground_idle,0.0,0.00,0x6ea869b0,0.0,0.0,0.0,0.0
1956,1788706295.8298,16.66,2151.656,217.297,2371.191,0.0,0.0,0.0,0.00,ground_idle,0.0,0.00,0x6ea869b0,0.0,0.0,0.0,0.0
1957,1788706295.8464,16.66,2151.656,217.297,2371.191,0.0,0.0,0.0,0.00,ground_idle,0.0,0.00,0x6ea869b0,0.0,0.0,0.0,0.0
1958,1788706295.8631,16.66,2151.656,217.297,2371.191,0.0,0.0,0.0,0.00,ground_idle,0.0,0.00,0x6ea869b0,0.0,0.0,0.0,0.0
1959,1788706295.8798,16.66,2151.656,217.297,2371.191,0.0,0.0,0.0,0.00,ground_idle,0.0,0.00,0x6ea869b0,0.0,0.0,0.0,0.0
1960,1788706295.8964,16.66,2151.656,217.297,2371.191,0.0,0.0,0.0,0.00,ground_idle,0.0,0.00,0x6ea869b0,0.0,0.0,0.0,0.0
1961,1788706295.9131,16.66,2151.656,217.297,2371.191,0.0,0.0,0.0,0.00,ground_idle,0.0,0.00,0x6ea869b0,0.0,0.0,0.0,0.0
1962,1788706295.9297,16.66,2151.656,217.297,2371.191,0.0,0.0,0.0,0.00,ground_idle,0.0,0.00,0x6ea869b0,0.0,0.0,0.0,0.0
1963,1788706295.9464,16.66,2151.656,217.297,2371.191,0.0,0.0,0.0,0.00,ground_idle,0.0,0.00,0x6ea869b0,0.0,0.0,0.0,0.0
1964,1788706295.9631,16.66,2151.656,217.297,2371.191,0.0,0.0,0.0,0.00,ground_idle,0.0,0.00,0x6ea869b0,0.0,0.0,0.0,0.0
1965,1788706295.9797,16.67,2151.656,217.297,2371.191,0.0,0.0,0.0,0.00,ground_idle,0.0,0.00,0x6ea869b0,0.0,0.0,0.0,0.0
1966,1788706295.9964,16.66,2151.656,217.297,2371.191,0.0,0.0,0.0,0.00,ground_idle,0.0,0.00,0x6ea869b0,0.0,0.0,0.0,0.0
1967,1788706296.0131,16.66,2151.656,217.297,2371.191,0.0,0.0,0.0,0.00,ground_idle,0.0,0.00,0x6ea869b0,0.0,0.0,0.0,0.0
1968,1788706296.0297,16.66,2151.656,217.297,2371.191,0.0,0.0,0.0,0.00,ground_idle,0.0,0.00,0x6ea869b0,0.0,0.0,0.0,0.0
1969,1788706296.0464,16.66,2151.656,217.297,2371.191,0.0,0.0,0.0,0.00,ground_idle,0.0,0.00,0x6ea869b0,0.0,0.0,0.0,0.0
1970,1788706296.0631,16.67,2151.656,217.297,2371.191,0.0,0.0,0.0,0.00,ground_idle,0.0,0.00,0x6ea869b0,0.0,0.0,0.0,0.0
1971,1788706296.0797,16.66,2151.656,217.297,2371.191,0.0,0.0,0.0,0.00,ground_idle,0.0,0.00,0x6ea869b0,0.0,0.0,0.0,0.0
1972,1788706296.0964,16.66,2151.656,217.297,2371.191,0.0,0.0,0.0,0.00,ground_idle,0.0,0.00,0x6ea869b0,0.0,0.0,0.0,0.0
1973,1788706296.1130,16.66,2151.656,217.297,2371.191,0.0,0.0,0.0,0.00,ground_idle,0.0,0.00,0x6ea869b0,0.0,0.0,0.0,0.0
1974,1788706296.1297,16.66,2151.656,217.297,2371.191,0.0,0.0,0.0,0.00,ground_idle,0.0,0.00,0x6ea869b0,0.0,0.0,0.0,0.0
1975,1788706296.1464,16.67,2151.656,217.297,2371.191,0.0,0.0,0.0,0.00,ground_idle,0.0,0.00,0x6ea869b0,0.0,0.0,0.0,0.0
1976,1788706296.1630,16.66,2151.656,217.297,2371.191,0.0,0.0,0.0,0.00,ground_idle,0.0,0.00,0x6ea869b0,0.0,0.0,0.0,0.0
1977,1788706296.1797,16.67,2151.656,217.297,2371.191,0.0,0.0,0.0,0.00,ground_idle,0.0,0.00,0x6ea869b0,0.0,0.0,0.0,0.0
1978,1788706296.1964,16.66,2151.656,217.297,2371.191,0.0,0.0,0.0,0.00,ground_idle,0.0,0.00,0x6ea869b0,0.0,0.0,0.0,0.0
1979,1788706296.2130,16.66,2151.656,217.297,2371.191,0.0,0.0,0.0,0.00,ground_idle,0.0,0.00,0x6ea869b0,0.0,0.0,0.0,0.0
1980,1788706296.2297,16.66,2151.656,217.297,2371.191,0.0,0.0,0.0,0.00,ground_idle,0.0,0.00,0x6ea869b0,0.0,0.0,0.0,0.0
1981,1788706296.2464,16.67,2151.656,217.297,2371.191,0.0,0.0,0.0,0.00,ground_idle,0.0,0.00,0x6ea869b0,0.0,0.0,0.0,0.0
1982,1788706296.2630,16.66,2151.656,217.297,2371.191,0.0,0.0,0.0,0.00,ground_idle,0.0,0.00,0x6ea869b0,0.0,0.0,0.0,0.0
1983,1788706296.2797,16.66,2151.656,217.297,2371.191,0.0,0.0,0.0,0.00,ground_idle,0.0,0.00,0x6ea869b0,0.0,0.0,0.0,0.0
1984,1788706296.2963,16.66,2151.656,217.297,2371.191,0.0,0.0,0.0,0.00,ground_idle,0.0,0.00,0x6ea869b0,0.0,0.0,0.0,0.0
1985,1788706296.3130,16.66,2151.656,217.297,2371.191,0.0,0.0,0.0,0.00,ground_idle,0.0,0.00,0x6ea869b0,0.0,0.0,0.0,0.0
1986,1788706296.3296,16.66,2151.656,217.297,2371.191,0.0,0.0,0.0,0.00,ground_idle,0.0,0.00,0x6ea869b0,0.0,0.0,0.0,0.0
1987,1788706296.3463,16.66,2151.656,217.297,2371.191,0.0,0.0,0.0,0.00,ground_idle,0.0,0.00,0x6ea869b0,0.0,0.0,0.0,0.0
1988,1788706296.3630,16.66,2151.656,217.297,2371.191,0.0,0.0,0.0,0.00,ground_idle,0.0,0.00,0x6ea869b0,0.0,0.0,0.0,0.0
1989,1788706296.3796,16.66,2151.656,217.297,2371.191,0.0,0.0,0.0,0.00,ground_idle,0.0,0.00,0x6ea869b0,0.0,0.0,0.0,0.0
1990,1788706296.3963,16.66,2151.656,217.297,2371.191,0.0,0.0,0.0,0.00,ground_idle,0.0,0.00,0x6ea869b0,0.0,0.0,0.0,0.0
1991,1788706296.4129,16.66,2151.656,217.297,2371.191,0.0,0.0,0.0,0.00,ground_idle,0.0,0.00,0x6ea869b0,0.0,0.0,0.0,0.0
1992,1788706296.4296,16.66,2151.656,217.297,2371.191,0.0,0.0,0.0,0.00,ground_idle,0.0,0.00,0x6ea869b0,0.0,0.0,0.0,0.0
1993,1788706296.4463,16.66,2151.656,217.297,2371.191,0.0,0.0,0.0,0.00,ground_idle,0.0,0.00,0x6ea869b0,0.0,0.0,0.0,0.0
1994,1788706296.4629,16.66,2151.656,217.297,2371.191,0.0,0.0,0.0,0.00,ground_idle,0.0,0.00,0x6ea869b0,0.0,0.0,0.0,0.0
1995,1788706296.4796,16.66,2151.656,217.297,2371.191,0.0,0.0,0.0,0.00,ground_idle,0.0,0.00,0x6ea869b0,0.0,0.0,0.0,0.0
1996,1788706296.4962,16.66,2151.656,217.297,2371.191,0.0,0.0,0.0,0.00,ground_idle,0.0,0.00,0x6ea869b0,0.0,0.0,0.0,0.0
1997,1788706296.5129,16.66,2151.656,217.297,2371.191,0.0,0.0,0.0,0.00,ground_idle,0.0,0.00,0x6ea869b0,0.0,0.0,0.0,0.0
1998,1788706296.5295,16.66,2151.656,217.297,2371.191,0.0,0.0,0.0,0.00,ground_idle,0.0,0.00,0x6ea869b0,0.0,0.0,0.0,0.0
1999,1788706296.5462,16.64,2151.656,217.297,2371.191,0.0,0.0,0.0,0.00,ground_idle,0.0,0.00,0x6ea869b0,0.0,0.0,0.0,0.0
2000,1788706296.5628,16.66,2151.656,217.297,2371.191,0.0,0.0,0.0,0.00,ground_idle,0.0,0.00,0x6ea869b0,0.0,0.0,0.0,0.0
2001,1788706296.5795,16.65,2151.656,217.297,2371.191,0.0,0.0,0.0,0.00,ground_idle,0.0,0.00,0x6ea869b0,0.0,0.0,0.0,0.0
2002,1788706296.5961,16.66,2151.656,217.297,2371.191,0.0,0.0,0.0,0.00,ground_idle,0.0,0.00,0x6ea869b0,0.0,0.0,0.0,0.0
2003,1788706296.6128,16.66,2151.656,217.297,2371.191,0.0,0.0,0.0,0.00,ground_idle,0.0,0.00,0x6ea869b0,0.0,0.0,0.0,0.0
2004,1788706296.6295,16.66,2151.656,217.297,2371.191,0.0,0.0,0.0,0.00,ground_idle,0.0,0.00,0x6ea869b0,0.0,0.0,0.0,0.0
2005,1788706296.6461,16.66,2151.656,217.297,2371.191,0.0,0.0,0.0,0.00,ground_idle,0.0,0.00,0x6ea869b0,0.0,0.0,0.0,0.0
2006,1788706296.6628,16.66,2151.656,217.297,2371.191,0.0,0.0,0.0,0.00,ground_idle,0.0,0.00,0x6ea869b0,0.0,0.0,0.0,0.0
2007,1788706296.6794,16.66,2151.656,217.297,2371.191,0.0,0.0,0.0,0.00,ground_idle,0.0,0.00,0x6ea869b0,0.0,0.0,0.0,0.0
2008,1788706296.6961,16.66,2151.656,217.297,2371.191,0.0,0.0,0.0,0.00,ground_idle,0.0,0.00,0x6ea869b0,0.0,0.0,0.0,0.0
2009,1788706296.7128,16.66,2151.656,217.297,2371.191,0.0,0.0,0.0,0.00,ground_idle,0.0,0.00,0x6ea869b0,0.0,0.0,0.0,0.0
2010,1788706296.7294,16.66,2151.656,217.297,2371.191,0.0,0.0,0.0,0.00,ground_idle,0.0,0.00,0x6ea869b0,0.0,0.0,0.0,0.0
2011,1788706296.7461,16.66,2151.656,217.297,2371.191,0.0,0.0,0.0,0.00,ground_idle,0.0,0.00,0x6ea869b0,0.0,0.0,0.0,0.0
2012,1788706296.7627,16.66,2151.656,217.297,2371.191,0.0,0.0,0.0,0.00,ground_idle,0.0,0.00,0x6ea869b0,0.0,0.0,0.0,0.0
2013,1788706296.7794,16.66,2151.656,217.297,2371.191,0.0,0.0,0.0,0.00,ground_idle,0.0,0.00,0x6ea869b0,0.0,0.0,0.0,0.0
2014,1788706296.7960,16.66,2151.656,217.297,2371.191,0.0,0.0,0.0,0.00,ground_idle,0.0,0.00,0x6ea869b0,0.0,0.0,0.0,0.0
2015,1788706296.8127,16.65,2151.656,217.297,2371.191,0.0,0.0,0.0,0.00,ground_idle,0.0,0.00,0x6ea869b0,0.0,0.0,0.0,0.0
2016,1788706296.8294,16.66,2151.656,217.297,2371.191,0.0,0.0,0.0,0.00,ground_idle,0.0,0.00,0x6ea869b0,0.0,0.0,0.0,0.0
2017,1788706296.8460,16.66,2151.656,217.297,2371.191,0.0,0.0,0.0,0.00,ground_idle,0.0,0.00,0x6ea869b0,0.0,0.0,0.0,0.0
2018,1788706296.8627,16.66,2151.656,217.297,2371.191,0.0,0.0,0.0,0.00,ground_idle,0.0,0.00,0x6ea869b0,0.0,0.0,0.0,0.0
2019,1788706296.8793,16.65,2151.656,217.297,2371.191,0.0,0.0,0.0,0.00,ground_idle,0.0,0.00,0x6ea869b0,0.0,0.0,0.0,0.0
2020,1788706296.8960,16.66,2151.656,217.297,2371.191,0.0,0.0,0.0,0.00,ground_idle,0.0,0.00,0x6ea869b0,0.0,0.0,0.0,0.0
2021,1788706296.9126,16.66,2151.656,217.297,2371.191,0.0,0.0,0.0,0.00,ground_idle,0.0,0.00,0x6ea869b0,0.0,0.0,0.0,0.0
2022,1788706296.9293,16.66,2151.656,217.297,2371.191,0.0,0.0,0.0,0.00,ground_idle,0.0,0.00,0x6ea869b0,0.0,0.0,0.0,0.0
2023,1788706296.9460,16.66,2151.656,217.297,2371.191,0.0,0.0,0.0,0.00,ground_idle,0.0,0.00,0x6ea869b0,0.0,0.0,0.0,0.0
2024,1788706296.9626,16.66,2151.656,217.297,2371.191,0.0,0.0,0.0,0.00,ground_idle,0.0,0.00,0x6ea869b0,0.0,0.0,0.0,0.0
2025,1788706296.9793,16.66,2151.656,217.297,2371.191,0.0,0.0,0.0,0.00,ground_idle,0.0,0.00,0x6ea869b0,0.0,0.0,0.0,0.0
2026,1788706296.9959,16.66,2151.656,217.297,2371.191,0.0,0.0,0.0,0.00,ground_idle,0.0,0.00,0x6ea869b0,0.0,0.0,0.0,0.0
2027,1788706297.0126,16.66,2151.656,217.297,2371.191,0.0,0.0,0.0,0.00,ground_idle,0.0,0.00,0x6ea869b0,0.0,0.0,0.0,0.0
2028,1788706297.0292,16.66,2151.656,217.297,2371.191,0.0,0.0,0.0,0.00,ground_idle,0.0,0.00,0x6ea869b0,0.0,0.0,0.0,0.0
2029,1788706297.0459,16.66,2151.656,217.297,2371.191,0.0,0.0,0.0,0.00,ground_idle,0.0,0.00,0x6ea869b0,0.0,0.0,0.0,0.0
2030,1788706297.0626,16.66,2151.656,217.297,2371.191,0.0,0.0,0.0,0.00,ground_idle,0.0,0.00,0x6ea869b0,0.0,0.0,0.0,0.0
2031,1788706297.0792,16.66,2151.656,217.297,2371.191,0.0,0.0,0.0,0.00,ground_idle,0.0,0.00,0x6ea869b0,0.0,0.0,0.0,0.0
2032,1788706297.0959,16.66,2151.656,217.297,2371.191,0.0,0.0,0.0,0.00,ground_idle,0.0,0.00,0x6ea869b0,0.0,0.0,0.0,0.0
2033,1788706297.1125,16.65,2151.656,217.297,2371.191,0.0,0.0,0.0,0.00,ground_idle,0.0,0.00,0x6ea869b0,0.0,0.0,0.0,0.0
2034,1788706297.1292,16.64,2151.656,217.297,2371.191,0.0,0.0,0.0,0.00,ground_idle,0.0,0.00,0x6ea869b0,0.0,0.0,0.0,0.0
2035,1788706297.1458,16.66,2151.656,217.297,2371.191,0.0,0.0,0.0,0.00,ground_idle,0.0,0.00,0x6ea869b0,0.0,0.0,0.0,0.0
2036,1788706297.1625,16.66,2151.656,217.297,2371.191,0.0,0.0,0.0,0.00,ground_idle,0.0,0.00,0x6ea869b0,0.0,0.0,0.0,0.0
2037,1788706297.1792,16.70,2151.656,217.297,2371.191,0.0,0.0,0.0,0.00,ground_idle,0.0,0.00,0x6ea869b0,0.0,0.0,0.0,0.0
2038,1788706297.1959,16.70,2151.656,217.297,2371.191,0.0,0.0,0.0,0.00,ground_idle,0.0,0.00,0x6ea869b0,0.0,0.0,0.0,0.0
2039,1788706297.2126,16.66,2151.656,217.297,2371.191,0.0,0.0,0.0,0.00,ground_idle,0.0,0.00,0x6ea869b0,0.0,0.0,0.0,0.0
2040,1788706297.2292,16.63,2151.656,217.297,2371.191,0.0,0.0,0.0,0.00,ground_idle,0.0,0.00,0x6ea869b0,0.0,0.0,0.0,0.0
2041,1788706297.2458,16.66,2151.656,217.297,2371.191,0.0,0.0,0.0,0.00,ground_idle,0.0,0.00,0x6ea869b0,0.0,0.0,0.0,0.0
2042,1788706297.2625,16.65,2151.656,217.297,2371.191,0.0,0.0,0.0,0.00,ground_idle,0.0,0.00,0x6ea869b0,0.0,0.0,0.0,0.0
2043,1788706297.2791,16.66,2151.656,217.297,2371.191,0.0,0.0,0.0,0.00,ground_idle,0.0,0.00,0x6ea869b0,0.0,0.0,0.0,0.0
2044,1788706297.2958,16.66,2151.656,217.297,2371.191,0.0,0.0,0.0,0.00,ground_idle,0.0,0.00,0x6ea869b0,0.0,0.0,0.0,0.0
2045,1788706297.3125,16.66,2151.656,217.297,2371.191,0.0,0.0,0.0,0.00,ground_idle,0.0,0.00,0x6ea869b0,0.0,0.0,0.0,0.0
2046,1788706297.3291,16.66,2151.656,217.297,2371.191,0.0,0.0,0.0,0.00,ground_idle,0.0,0.00,0x6ea869b0,0.0,0.0,0.0,0.0
2047,1788706297.3458,16.66,2151.656,217.297,2371.191,0.0,0.0,0.0,0.00,ground_idle,0.0,0.00,0x6ea869b0,0.0,0.0,0.0,0.0
2048,1788706297.3624,16.66,2151.656,217.297,2371.191,0.0,0.0,0.0,0.00,ground_idle,0.0,0.00,0x6ea869b0,0.0,0.0,0.0,0.0
2049,1788706297.3791,16.65,2151.656,217.297,2371.191,0.0,0.0,0.0,0.00,ground_idle,0.0,0.00,0x6ea869b0,0.0,0.0,0.0,0.0
2050,1788706297.3957,16.66,2151.656,217.297,2371.191,0.0,0.0,0.0,0.00,ground_idle,0.0,0.00,0x6ea869b0,0.0,0.0,0.0,0.0
2051,1788706297.4124,16.65,2151.656,217.297,2371.191,0.0,0.0,0.0,0.00,ground_idle,0.0,0.00,0x6ea869b0,0.0,0.0,0.0,0.0
2052,1788706297.4291,16.70,2151.656,217.297,2371.191,0.0,0.0,0.0,0.00,ground_idle,0.0,0.00,0x6ea869b0,0.0,0.0,0.0,0.0
